nextjs-nestjs-api-dev  | • turbo 2.10.11
nextjs-nestjs-api-dev  | 
nextjs-nestjs-api-dev  |    • Packages in scope: @repo/api-contracts, @repo/auth, @repo/config-eslint, @repo/config-eslint-plugins-progress, @repo/config-prettier, @repo/config-tailwind, @repo/config-typescript, @repo/config-vitest, @repo/contracts-common, @repo/contracts-entities, @repo/env, @repo/errors, @repo/logger, @repo/nest-events, @repo/nest-lifecycle, @repo/orpc-utils, @repo/provider-schema, @repo/type-guards, @repo/types, @repo/ui, api
nextjs-nestjs-api-dev  |    • Running dev in 21 packages
nextjs-nestjs-api-dev  |    • Remote caching disabled
nextjs-nestjs-api-dev  | 
nextjs-nestjs-api-dev  | @repo/api-contracts:dev: cache bypass, force executing a71278ce315a05ab
nextjs-nestjs-api-dev  | @repo/ui:dev: cache bypass, force executing 2bdcb94d08df67cf
nextjs-nestjs-api-dev  | api:dev: cache bypass, force executing 8e41853195c29413
nextjs-nestjs-api-dev  | @repo/ui:dev: $ bun --bun run build -- --watch
nextjs-nestjs-api-dev  | api:dev: $ dotenv -e .env -- bun --bun scripts/entrypoint.dev.ts
nextjs-nestjs-api-dev  | @repo/api-contracts:dev: $ bun --bun run build -- --watch
nextjs-nestjs-api-dev  | @repo/api-contracts:dev: $ bun scripts/build.ts --watch
nextjs-nestjs-api-dev  | @repo/ui:dev: $ bun scripts/build.ts --watch
nextjs-nestjs-api-dev  | @repo/api-contracts:dev: Building ORPC API contracts...
nextjs-nestjs-api-dev  | @repo/api-contracts:dev: ✓ API contracts built successfully
nextjs-nestjs-api-dev  | @repo/api-contracts:dev:   Output directory: /app/packages/contracts/api/dist
nextjs-nestjs-api-dev  | @repo/api-contracts:dev: 👀 Watching API contracts for changes...
nextjs-nestjs-api-dev  | @repo/api-contracts:dev: ✅ Watcher ready. Press Ctrl+C to stop.
nextjs-nestjs-api-dev  | @repo/api-contracts:dev: Building ORPC API contracts...
nextjs-nestjs-api-dev  | api:dev: 🎯 API Development Entrypoint Started
nextjs-nestjs-api-dev  | api:dev: 
nextjs-nestjs-api-dev  | api:dev:   ____  _____ ____  _     _____   _______ ____  
nextjs-nestjs-api-dev  | api:dev:  |  _ \| ____|  _ \| |   / _ \ \ / / ____|  _ \ 
nextjs-nestjs-api-dev  | api:dev:  | | | |  _| | |_) | |  | | | \ V /|  _| | |_) |
nextjs-nestjs-api-dev  | api:dev:  | |_| | |___|  __/| |__| |_| || | | |___|  _ < 
nextjs-nestjs-api-dev  | api:dev:  |____/|_____|_|   |_____\___/ |_| |_____|_| \_\
nextjs-nestjs-api-dev  | api:dev:                                                 
nextjs-nestjs-api-dev  | api:dev: 
nextjs-nestjs-api-dev  | api:dev: ════════════════════════════════════════════════════════
nextjs-nestjs-api-dev  | api:dev: 📦 Deployer version: 1.0.0
nextjs-nestjs-api-dev  | api:dev: ════════════════════════════════════════════════════════
nextjs-nestjs-api-dev  | api:dev: 
nextjs-nestjs-api-dev  | api:dev: 🔍 Checking node setup state...
nextjs-nestjs-api-dev  | @repo/api-contracts:dev: ✓ API contracts built successfully
nextjs-nestjs-api-dev  | @repo/api-contracts:dev:   Output directory: /app/packages/contracts/api/dist
nextjs-nestjs-api-dev  | @repo/ui:dev: 🎬 Building ESM and CJS formats concurrently...
nextjs-nestjs-api-dev  | @repo/ui:dev: CLI Building entry: src/index.ts, src/lib/utils.ts, src/hooks/use-mobile.ts, src/components/theme-provider.tsx, src/components/calendar-date-picker.tsx, src/components/data-table/column-header.tsx, src/components/data-table/data-table.tsx, src/components/data-table/data-export.tsx, src/components/data-table/view-options.tsx, src/components/data-table/expand-icon.tsx, src/components/data-table/data-table-resizer.tsx, src/components/data-table/toolbar.tsx, src/components/data-table/pagination.tsx, src/components/shadcn/calendar.tsx, src/components/shadcn/toggle.tsx, src/components/shadcn/select.tsx, src/components/shadcn/radio-group.tsx, src/components/shadcn/textarea.tsx, src/components/shadcn/breadcrumb.tsx, src/components/shadcn/mode-toggle.tsx, src/components/shadcn/dropdown-menu.tsx, src/components/shadcn/separator.tsx, src/components/shadcn/field.tsx, src/components/shadcn/chart.tsx, src/components/shadcn/switch.tsx, src/components/shadcn/sidebar.tsx, src/components/shadcn/tabs.tsx, src/components/shadcn/progress.tsx, src/components/shadcn/table.tsx, src/components/shadcn/alert.tsx, src/components/shadcn/label.tsx, src/components/shadcn/slider.tsx, src/components/shadcn/sonner.tsx, src/components/shadcn/checkbox.tsx, src/components/shadcn/dialog.tsx, src/components/shadcn/card.tsx, src/components/shadcn/scroll-area.tsx, src/components/shadcn/input.tsx, src/components/shadcn/button.tsx, src/components/shadcn/collapsible.tsx, src/components/shadcn/skeleton.tsx, src/components/shadcn/multi-select.tsx, src/components/shadcn/sheet.tsx, src/components/shadcn/form.tsx, src/components/shadcn/context-menu.tsx, src/components/shadcn/tooltip.tsx, src/components/shadcn/command.tsx, src/components/shadcn/badge.tsx, src/components/shadcn/avatar.tsx, src/components/shadcn/popover.tsx, src/components/shadcn/input-group.tsx, src/components/data-table/utils/table-state-handlers.ts, src/components/data-table/utils/history-sync.ts, src/components/data-table/utils/column-sizing.ts, src/components/data-table/utils/url-state.ts, src/components/data-table/utils/keyboard-navigation.ts, src/components/data-table/utils/index.ts, src/components/data-table/utils/search.ts, src/components/data-table/utils/deep-utils.ts, src/components/data-table/utils/url-events.ts, src/components/data-table/utils/export-utils.ts, src/components/data-table/utils/table-config.ts, src/components/data-table/utils/date-format.ts, src/components/data-table/utils/conditional-state.ts, src/components/data-table/utils/case-utils.ts, src/components/data-table/hooks/use-table-column-resize.ts, src/components/atomics/atoms/VideoOrPlaceholder.tsx, src/components/atomics/atoms/Loader.tsx, src/components/atomics/atoms/ImageOrPlaceholder.tsx, src/components/atomics/atoms/Icon.tsx, src/components/atomics/molecules/Card.tsx
nextjs-nestjs-api-dev  | @repo/ui:dev: CLI Using tsconfig: tsconfig.json
nextjs-nestjs-api-dev  | @repo/ui:dev: CLI tsup v8.5.1
nextjs-nestjs-api-dev  | @repo/ui:dev: CLI Running in watch mode
nextjs-nestjs-api-dev  | @repo/ui:dev: CLI Building entry: src/index.ts, src/lib/utils.ts, src/hooks/use-mobile.ts, src/components/theme-provider.tsx, src/components/calendar-date-picker.tsx, src/components/data-table/column-header.tsx, src/components/data-table/data-table.tsx, src/components/data-table/data-export.tsx, src/components/data-table/view-options.tsx, src/components/data-table/expand-icon.tsx, src/components/data-table/data-table-resizer.tsx, src/components/data-table/toolbar.tsx, src/components/data-table/pagination.tsx, src/components/shadcn/calendar.tsx, src/components/shadcn/toggle.tsx, src/components/shadcn/select.tsx, src/components/shadcn/radio-group.tsx, src/components/shadcn/textarea.tsx, src/components/shadcn/breadcrumb.tsx, src/components/shadcn/mode-toggle.tsx, src/components/shadcn/dropdown-menu.tsx, src/components/shadcn/separator.tsx, src/components/shadcn/field.tsx, src/components/shadcn/chart.tsx, src/components/shadcn/switch.tsx, src/components/shadcn/sidebar.tsx, src/components/shadcn/tabs.tsx, src/components/shadcn/progress.tsx, src/components/shadcn/table.tsx, src/components/shadcn/alert.tsx, src/components/shadcn/label.tsx, src/components/shadcn/slider.tsx, src/components/shadcn/sonner.tsx, src/components/shadcn/checkbox.tsx, src/components/shadcn/dialog.tsx, src/components/shadcn/card.tsx, src/components/shadcn/scroll-area.tsx, src/components/shadcn/input.tsx, src/components/shadcn/button.tsx, src/components/shadcn/collapsible.tsx, src/components/shadcn/skeleton.tsx, src/components/shadcn/multi-select.tsx, src/components/shadcn/sheet.tsx, src/components/shadcn/form.tsx, src/components/shadcn/context-menu.tsx, src/components/shadcn/tooltip.tsx, src/components/shadcn/command.tsx, src/components/shadcn/badge.tsx, src/components/shadcn/avatar.tsx, src/components/shadcn/popover.tsx, src/components/shadcn/input-group.tsx, src/components/data-table/utils/table-state-handlers.ts, src/components/data-table/utils/history-sync.ts, src/components/data-table/utils/column-sizing.ts, src/components/data-table/utils/url-state.ts, src/components/data-table/utils/keyboard-navigation.ts, src/components/data-table/utils/index.ts, src/components/data-table/utils/search.ts, src/components/data-table/utils/deep-utils.ts, src/components/data-table/utils/url-events.ts, src/components/data-table/utils/export-utils.ts, src/components/data-table/utils/table-config.ts, src/components/data-table/utils/date-format.ts, src/components/data-table/utils/conditional-state.ts, src/components/data-table/utils/case-utils.ts, src/components/data-table/hooks/use-table-column-resize.ts, src/components/atomics/atoms/VideoOrPlaceholder.tsx, src/components/atomics/atoms/Loader.tsx, src/components/atomics/atoms/ImageOrPlaceholder.tsx, src/components/atomics/atoms/Icon.tsx, src/components/atomics/molecules/Card.tsx
nextjs-nestjs-api-dev  | @repo/ui:dev: CLI Using tsconfig: tsconfig.json
nextjs-nestjs-api-dev  | @repo/ui:dev: CLI tsup v8.5.1
nextjs-nestjs-api-dev  | @repo/ui:dev: CLI Running in watch mode
nextjs-nestjs-api-dev  | @repo/ui:dev: CLI Target: es2020
nextjs-nestjs-api-dev  | @repo/ui:dev: ESM Build start
nextjs-nestjs-api-dev  | @repo/ui:dev: CLI Target: es2020
nextjs-nestjs-api-dev  | @repo/ui:dev: CJS Build start
nextjs-nestjs-api-dev  | @repo/ui:dev: ESM dist/esm/placeholder-MXJQZ7IP.svg                                    2.44 KB
nextjs-nestjs-api-dev  | @repo/ui:dev: ESM dist/esm/components/shadcn/context-menu.mjs                          7.90 KB
nextjs-nestjs-api-dev  | @repo/ui:dev: ESM dist/esm/components/shadcn/popover.mjs                               412.00 B
nextjs-nestjs-api-dev  | @repo/ui:dev: ESM dist/esm/components/shadcn/checkbox.mjs                              1.54 KB
nextjs-nestjs-api-dev  | @repo/ui:dev: ESM dist/esm/components/shadcn/form.mjs                                  3.28 KB
nextjs-nestjs-api-dev  | @repo/ui:dev: ESM dist/esm/components/shadcn/dialog.mjs                                528.00 B
nextjs-nestjs-api-dev  | @repo/ui:dev: ESM dist/esm/components/shadcn/command.mjs                               639.00 B
nextjs-nestjs-api-dev  | @repo/ui:dev: ESM dist/esm/components/shadcn/sheet.mjs                                 445.00 B
nextjs-nestjs-api-dev  | @repo/ui:dev: ESM dist/esm/components/shadcn/tooltip.mjs                               306.00 B
nextjs-nestjs-api-dev  | @repo/ui:dev: ESM dist/esm/components/atomics/atoms/Loader.mjs                         2.07 KB
nextjs-nestjs-api-dev  | @repo/ui:dev: ESM dist/esm/components/shadcn/card.mjs                                  2.56 KB
nextjs-nestjs-api-dev  | @repo/ui:dev: ESM dist/esm/components/data-table/utils/case-utils.mjs                  1.62 KB
nextjs-nestjs-api-dev  | @repo/ui:dev: ESM dist/esm/components/data-table/utils/table-state-handlers.mjs        474.00 B
nextjs-nestjs-api-dev  | @repo/ui:dev: ESM dist/esm/components/atomics/atoms/ImageOrPlaceholder.mjs             137.59 KB
nextjs-nestjs-api-dev  | @repo/ui:dev: ESM dist/esm/components/shadcn/sonner.mjs                                1.26 KB
nextjs-nestjs-api-dev  | @repo/ui:dev: ESM dist/esm/components/shadcn/switch.mjs                                1.83 KB
nextjs-nestjs-api-dev  | @repo/ui:dev: ESM dist/esm/components/shadcn/badge.mjs                                 210.00 B
nextjs-nestjs-api-dev  | @repo/ui:dev: ESM dist/esm/components/data-table/utils/search.mjs                      170.00 B
nextjs-nestjs-api-dev  | @repo/ui:dev: ESM dist/esm/components/data-table/hooks/use-table-column-resize.mjs     209.00 B
nextjs-nestjs-api-dev  | @repo/ui:dev: ESM dist/esm/components/shadcn/input-group.mjs                           507.00 B
nextjs-nestjs-api-dev  | @repo/ui:dev: ESM dist/esm/chunk-RBMRVR3X.mjs                                          2.04 KB
nextjs-nestjs-api-dev  | @repo/ui:dev: ESM dist/esm/components/data-table/utils/column-sizing.mjs               341.00 B
nextjs-nestjs-api-dev  | @repo/ui:dev: ESM dist/esm/components/shadcn/input.mjs                                 176.00 B
nextjs-nestjs-api-dev  | @repo/ui:dev: ESM dist/esm/components/data-table/utils/export-utils.mjs                344.00 B
nextjs-nestjs-api-dev  | @repo/ui:dev: ESM dist/esm/components/shadcn/sidebar.mjs                               20.24 KB
nextjs-nestjs-api-dev  | @repo/ui:dev: ESM dist/esm/components/shadcn/scroll-area.mjs                           1.82 KB
nextjs-nestjs-api-dev  | @repo/ui:dev: ESM dist/esm/components/data-table/utils/deep-utils.mjs                  320.00 B
nextjs-nestjs-api-dev  | @repo/ui:dev: ESM dist/esm/chunk-QDXNHHDO.mjs                                          4.75 KB
nextjs-nestjs-api-dev  | @repo/ui:dev: ESM dist/esm/components/shadcn/skeleton.mjs                              185.00 B
nextjs-nestjs-api-dev  | @repo/ui:dev: ESM dist/esm/chunk-6GDHEKWV.mjs                                          6.26 KB
nextjs-nestjs-api-dev  | @repo/ui:dev: ESM dist/esm/chunk-SEH5EWJU.mjs                                          697.00 B
nextjs-nestjs-api-dev  | @repo/ui:dev: ESM dist/esm/components/shadcn/collapsible.mjs                           840.00 B
nextjs-nestjs-api-dev  | @repo/ui:dev: ESM dist/esm/chunk-2OHUXJR5.mjs                                          362.00 B
nextjs-nestjs-api-dev  | @repo/ui:dev: ESM dist/esm/components/data-table/utils/index.mjs                       1.80 KB
nextjs-nestjs-api-dev  | @repo/ui:dev: ESM dist/esm/chunk-KHXJE3L3.mjs                                          405.00 B
nextjs-nestjs-api-dev  | @repo/ui:dev: ESM dist/esm/components/atomics/atoms/VideoOrPlaceholder.mjs             877.00 B
nextjs-nestjs-api-dev  | @repo/ui:dev: ESM dist/esm/chunk-M62I6PZG.mjs                                          10.32 KB
nextjs-nestjs-api-dev  | @repo/ui:dev: ESM dist/esm/components/data-table/utils/keyboard-navigation.mjs         213.00 B
nextjs-nestjs-api-dev  | @repo/ui:dev: ESM dist/esm/components/calendar-date-picker.mjs                         350.00 B
nextjs-nestjs-api-dev  | @repo/ui:dev: ESM dist/esm/components/shadcn/multi-select.mjs                          4.57 KB
nextjs-nestjs-api-dev  | @repo/ui:dev: ESM dist/esm/components/atomics/molecules/Card.mjs                       1009.00 B
nextjs-nestjs-api-dev  | @repo/ui:dev: ESM dist/esm/chunk-AANGN4ZI.mjs                                          5.24 KB
nextjs-nestjs-api-dev  | @repo/ui:dev: ESM dist/esm/components/shadcn/button.mjs                                215.00 B
nextjs-nestjs-api-dev  | @repo/ui:dev: ESM dist/esm/components/data-table/utils/table-config.mjs                172.00 B
nextjs-nestjs-api-dev  | @repo/ui:dev: ESM dist/esm/components/theme-provider.mjs                               185.00 B
nextjs-nestjs-api-dev  | @repo/ui:dev: ESM dist/esm/chunk-UJ4CD7CV.mjs                                          1.27 KB
nextjs-nestjs-api-dev  | @repo/ui:dev: ESM dist/esm/components/shadcn/avatar.mjs                                3.04 KB
nextjs-nestjs-api-dev  | @repo/ui:dev: ESM dist/esm/chunk-TOH3HZWM.mjs                                          1.89 KB
nextjs-nestjs-api-dev  | @repo/ui:dev: ESM dist/esm/components/data-table/column-header.mjs                     2.52 KB
nextjs-nestjs-api-dev  | @repo/ui:dev: ESM dist/esm/hooks/use-mobile.mjs                                        152.00 B
nextjs-nestjs-api-dev  | @repo/ui:dev: ESM dist/esm/components/data-table/utils/history-sync.mjs                294.00 B
nextjs-nestjs-api-dev  | @repo/ui:dev: ESM dist/esm/chunk-4NLOSBNO.mjs                                          2.64 KB
nextjs-nestjs-api-dev  | @repo/ui:dev: ESM dist/esm/chunk-EX36TXQD.mjs                                          3.11 KB
nextjs-nestjs-api-dev  | @repo/ui:dev: ESM dist/esm/components/data-table/utils/url-events.mjs                  194.00 B
nextjs-nestjs-api-dev  | @repo/ui:dev: ESM dist/esm/chunk-YPUXYCXS.mjs                                          2.16 KB
nextjs-nestjs-api-dev  | @repo/ui:dev: ESM dist/esm/chunk-XDETFIU2.mjs                                          2.26 KB
nextjs-nestjs-api-dev  | @repo/ui:dev: ESM dist/esm/components/data-table/data-table.mjs                        41.36 KB
nextjs-nestjs-api-dev  | @repo/ui:dev: ESM dist/esm/chunk-2USH2ASY.mjs                                          6.39 KB
nextjs-nestjs-api-dev  | @repo/ui:dev: ESM dist/esm/chunk-5VTCIGMO.mjs                                          1.23 KB
nextjs-nestjs-api-dev  | @repo/ui:dev: ESM dist/esm/components/data-table/data-export.mjs                       321.00 B
nextjs-nestjs-api-dev  | @repo/ui:dev: ESM dist/esm/chunk-LZOMFHX3.mjs                                          1.74 KB
nextjs-nestjs-api-dev  | @repo/ui:dev: ESM dist/esm/chunk-QL22U2BS.mjs                                          1.58 KB
nextjs-nestjs-api-dev  | @repo/ui:dev: ESM dist/esm/chunk-E32BORCP.mjs                                          685.00 B
nextjs-nestjs-api-dev  | @repo/ui:dev: ESM dist/esm/chunk-F2IF6SMN.mjs                                          4.08 KB
nextjs-nestjs-api-dev  | @repo/ui:dev: ESM dist/esm/chunk-G24C6MMK.mjs                                          963.00 B
nextjs-nestjs-api-dev  | @repo/ui:dev: ESM dist/esm/chunk-KE5QN6PX.mjs                                          412.00 B
nextjs-nestjs-api-dev  | @repo/ui:dev: ESM dist/esm/chunk-GPBCDHXG.mjs                                          636.00 B
nextjs-nestjs-api-dev  | @repo/ui:dev: ESM dist/esm/components/shadcn/field.mjs                                 5.87 KB
nextjs-nestjs-api-dev  | @repo/ui:dev: ESM dist/esm/chunk-ETXBKZPW.mjs                                          11.69 KB
nextjs-nestjs-api-dev  | @repo/ui:dev: ESM dist/esm/lib/utils.mjs                                               129.00 B
nextjs-nestjs-api-dev  | @repo/ui:dev: ESM dist/esm/chunk-62UQUKI2.mjs                                          211.00 B
nextjs-nestjs-api-dev  | @repo/ui:dev: ESM dist/esm/components/shadcn/mode-toggle.mjs                           1.57 KB
nextjs-nestjs-api-dev  | @repo/ui:dev: ESM dist/esm/chunk-Q6BICUBB.mjs                                          4.98 KB
nextjs-nestjs-api-dev  | @repo/ui:dev: ESM dist/esm/chunk-IFDBKCP4.mjs                                          1.46 KB
nextjs-nestjs-api-dev  | @repo/ui:dev: ESM dist/esm/components/shadcn/radio-group.mjs                           1.35 KB
nextjs-nestjs-api-dev  | @repo/ui:dev: ESM dist/esm/components/shadcn/separator.mjs                             202.00 B
nextjs-nestjs-api-dev  | @repo/ui:dev: ESM dist/esm/components/shadcn/label.mjs                                 190.00 B
nextjs-nestjs-api-dev  | @repo/ui:dev: ESM dist/esm/chunk-23WFX3FF.mjs                                          680.00 B
nextjs-nestjs-api-dev  | @repo/ui:dev: ESM dist/esm/components/shadcn/slider.mjs                                2.06 KB
nextjs-nestjs-api-dev  | @repo/ui:dev: ESM dist/esm/components/shadcn/textarea.mjs                              185.00 B
nextjs-nestjs-api-dev  | @repo/ui:dev: ESM dist/esm/components/shadcn/alert.mjs                                 274.00 B
nextjs-nestjs-api-dev  | @repo/ui:dev: ESM dist/esm/components/shadcn/chart.mjs                                 8.79 KB
nextjs-nestjs-api-dev  | @repo/ui:dev: ESM dist/esm/components/shadcn/dropdown-menu.mjs                         870.00 B
nextjs-nestjs-api-dev  | @repo/ui:dev: ESM dist/esm/components/shadcn/breadcrumb.mjs                            2.67 KB
nextjs-nestjs-api-dev  | @repo/ui:dev: ESM dist/esm/components/data-table/view-options.mjs                      472.00 B
nextjs-nestjs-api-dev  | @repo/ui:dev: ESM dist/esm/chunk-VYCQVSM3.mjs                                          2.06 KB
nextjs-nestjs-api-dev  | @repo/ui:dev: ESM dist/esm/components/shadcn/tabs.mjs                                  3.41 KB
nextjs-nestjs-api-dev  | @repo/ui:dev: ESM dist/esm/components/data-table/utils/url-state.mjs                   401.00 B
nextjs-nestjs-api-dev  | @repo/ui:dev: ESM dist/esm/components/data-table/expand-icon.mjs                       1.31 KB
nextjs-nestjs-api-dev  | @repo/ui:dev: ESM dist/esm/components/atomics/atoms/Icon.mjs                           1.23 KB
nextjs-nestjs-api-dev  | @repo/ui:dev: ESM dist/esm/components/shadcn/table.mjs                                 384.00 B
nextjs-nestjs-api-dev  | @repo/ui:dev: ESM dist/esm/components/data-table/pagination.mjs                        293.00 B
nextjs-nestjs-api-dev  | @repo/ui:dev: ESM dist/esm/components/shadcn/calendar.mjs                              276.00 B
nextjs-nestjs-api-dev  | @repo/ui:dev: ESM dist/esm/index.mjs                                                   149.00 B
nextjs-nestjs-api-dev  | @repo/ui:dev: ESM dist/esm/components/data-table/data-table-resizer.mjs                260.00 B
nextjs-nestjs-api-dev  | @repo/ui:dev: ESM dist/esm/chunk-IVWJ2AQY.mjs                                          2.02 KB
nextjs-nestjs-api-dev  | @repo/ui:dev: ESM dist/esm/components/data-table/toolbar.mjs                           879.00 B
nextjs-nestjs-api-dev  | @repo/ui:dev: ESM dist/esm/components/shadcn/toggle.mjs                                1.81 KB
nextjs-nestjs-api-dev  | @repo/ui:dev: ESM dist/esm/components/shadcn/select.mjs                                517.00 B
nextjs-nestjs-api-dev  | @repo/ui:dev: ESM dist/esm/chunk-MI7ATJ2A.mjs                                          4.46 KB
nextjs-nestjs-api-dev  | @repo/ui:dev: ESM dist/esm/components/shadcn/progress.mjs                              897.00 B
nextjs-nestjs-api-dev  | @repo/ui:dev: ESM dist/esm/components/data-table/utils/date-format.mjs                 163.00 B
nextjs-nestjs-api-dev  | @repo/ui:dev: ESM dist/esm/components/data-table/utils/conditional-state.mjs           353.00 B
nextjs-nestjs-api-dev  | @repo/ui:dev: ESM dist/esm/chunk-6GNATECS.mjs                                          2.47 KB
nextjs-nestjs-api-dev  | @repo/ui:dev: ESM dist/esm/chunk-RGV2AEKL.mjs                                          8.27 KB
nextjs-nestjs-api-dev  | @repo/ui:dev: ESM dist/esm/chunk-2XSNNDGO.mjs                                          23.44 KB
nextjs-nestjs-api-dev  | @repo/ui:dev: ESM dist/esm/chunk-G6SOEPKQ.mjs                                          196.00 B
nextjs-nestjs-api-dev  | @repo/ui:dev: ESM dist/esm/chunk-NVZLU7AK.mjs                                          6.97 KB
nextjs-nestjs-api-dev  | @repo/ui:dev: ESM dist/esm/chunk-R5GRJX7M.mjs                                          16.54 KB
nextjs-nestjs-api-dev  | @repo/ui:dev: ESM dist/esm/chunk-XSGVLMJC.mjs                                          1.00 KB
nextjs-nestjs-api-dev  | @repo/ui:dev: ESM dist/esm/chunk-DFY657HE.mjs                                          908.00 B
nextjs-nestjs-api-dev  | @repo/ui:dev: ESM dist/esm/chunk-VSJPDOJE.mjs                                          5.51 KB
nextjs-nestjs-api-dev  | @repo/ui:dev: ESM dist/esm/chunk-K5WSIKHC.mjs                                          7.91 KB
nextjs-nestjs-api-dev  | @repo/ui:dev: ESM dist/esm/placeholder-55IXFXVN.mp4                                    2.37 MB
nextjs-nestjs-api-dev  | @repo/ui:dev: ESM dist/esm/components/shadcn/popover.mjs.map                           71.00 B
nextjs-nestjs-api-dev  | @repo/ui:dev: ESM dist/esm/components/data-table/utils/case-utils.mjs.map              4.20 KB
nextjs-nestjs-api-dev  | @repo/ui:dev: ESM dist/esm/components/shadcn/context-menu.mjs.map                      11.73 KB
nextjs-nestjs-api-dev  | @repo/ui:dev: ESM dist/esm/components/atomics/atoms/Loader.mjs.map                     2.59 KB
nextjs-nestjs-api-dev  | @repo/ui:dev: ESM dist/esm/components/shadcn/checkbox.mjs.map                          1.89 KB
nextjs-nestjs-api-dev  | @repo/ui:dev: ESM dist/esm/chunk-UJ4CD7CV.mjs.map                                      2.75 KB
nextjs-nestjs-api-dev  | @repo/ui:dev: ESM dist/esm/components/shadcn/form.mjs.map                              6.74 KB
nextjs-nestjs-api-dev  | @repo/ui:dev: ESM dist/esm/components/data-table/utils/table-state-handlers.mjs.map    71.00 B
nextjs-nestjs-api-dev  | @repo/ui:dev: ESM dist/esm/components/shadcn/command.mjs.map                           71.00 B
nextjs-nestjs-api-dev  | @repo/ui:dev: ESM dist/esm/components/data-table/utils/search.mjs.map                  71.00 B
nextjs-nestjs-api-dev  | @repo/ui:dev: ESM dist/esm/chunk-XDETFIU2.mjs.map                                      3.61 KB
nextjs-nestjs-api-dev  | @repo/ui:dev: ESM dist/esm/chunk-YPUXYCXS.mjs.map                                      5.11 KB
nextjs-nestjs-api-dev  | @repo/ui:dev: ESM dist/esm/components/data-table/data-table.mjs.map                    81.38 KB
nextjs-nestjs-api-dev  | @repo/ui:dev: ESM dist/esm/components/atomics/atoms/ImageOrPlaceholder.mjs.map         204.00 KB
nextjs-nestjs-api-dev  | @repo/ui:dev: ESM dist/esm/components/data-table/utils/url-events.mjs.map              71.00 B
nextjs-nestjs-api-dev  | @repo/ui:dev: ESM dist/esm/components/shadcn/input-group.mjs.map                       71.00 B
nextjs-nestjs-api-dev  | @repo/ui:dev: ESM dist/esm/components/shadcn/input.mjs.map                             71.00 B
nextjs-nestjs-api-dev  | @repo/ui:dev: ESM dist/esm/chunk-2USH2ASY.mjs.map                                      9.24 KB
nextjs-nestjs-api-dev  | @repo/ui:dev: ESM dist/esm/components/data-table/utils/column-sizing.mjs.map           71.00 B
nextjs-nestjs-api-dev  | @repo/ui:dev: ESM dist/esm/components/shadcn/switch.mjs.map                            2.21 KB
nextjs-nestjs-api-dev  | @repo/ui:dev: ESM dist/esm/chunk-EX36TXQD.mjs.map                                      4.09 KB
nextjs-nestjs-api-dev  | @repo/ui:dev: ESM dist/esm/chunk-23WFX3FF.mjs.map                                      981.00 B
nextjs-nestjs-api-dev  | @repo/ui:dev: ESM dist/esm/components/data-table/utils/table-config.mjs.map            71.00 B
nextjs-nestjs-api-dev  | @repo/ui:dev: ESM dist/esm/components/shadcn/card.mjs.map                              3.86 KB
nextjs-nestjs-api-dev  | @repo/ui:dev: ESM dist/esm/chunk-RBMRVR3X.mjs.map                                      2.83 KB
nextjs-nestjs-api-dev  | @repo/ui:dev: ESM dist/esm/components/shadcn/field.mjs.map                             8.91 KB
nextjs-nestjs-api-dev  | @repo/ui:dev: ESM dist/esm/chunk-IVWJ2AQY.mjs.map                                      2.97 KB
nextjs-nestjs-api-dev  | @repo/ui:dev: ESM dist/esm/components/data-table/hooks/use-table-column-resize.mjs.map 71.00 B
nextjs-nestjs-api-dev  | @repo/ui:dev: ESM dist/esm/chunk-4NLOSBNO.mjs.map                                      5.52 KB
nextjs-nestjs-api-dev  | @repo/ui:dev: ESM dist/esm/index.mjs.map                                               71.00 B
nextjs-nestjs-api-dev  | @repo/ui:dev: ESM dist/esm/chunk-K5WSIKHC.mjs.map                                      11.70 KB
nextjs-nestjs-api-dev  | @repo/ui:dev: ESM dist/esm/components/data-table/utils/history-sync.mjs.map            71.00 B
nextjs-nestjs-api-dev  | @repo/ui:dev: ESM dist/esm/components/shadcn/sonner.mjs.map                            2.02 KB
nextjs-nestjs-api-dev  | @repo/ui:dev: ESM dist/esm/components/shadcn/calendar.mjs.map                          71.00 B
nextjs-nestjs-api-dev  | @repo/ui:dev: ESM dist/esm/components/shadcn/dialog.mjs.map                            71.00 B
nextjs-nestjs-api-dev  | @repo/ui:dev: ESM dist/esm/hooks/use-mobile.mjs.map                                    71.00 B
nextjs-nestjs-api-dev  | @repo/ui:dev: ESM dist/esm/chunk-VSJPDOJE.mjs.map                                      8.71 KB
nextjs-nestjs-api-dev  | @repo/ui:dev: ESM dist/esm/components/data-table/pagination.mjs.map                    71.00 B
nextjs-nestjs-api-dev  | @repo/ui:dev: ESM dist/esm/chunk-IFDBKCP4.mjs.map                                      4.21 KB
nextjs-nestjs-api-dev  | @repo/ui:dev: ESM dist/esm/components/shadcn/tooltip.mjs.map                           71.00 B
nextjs-nestjs-api-dev  | @repo/ui:dev: ESM dist/esm/components/data-table/column-header.mjs.map                 3.97 KB
nextjs-nestjs-api-dev  | @repo/ui:dev: ESM dist/esm/chunk-E32BORCP.mjs.map                                      1.05 KB
nextjs-nestjs-api-dev  | @repo/ui:dev: ESM dist/esm/components/data-table/data-table-resizer.mjs.map            71.00 B
nextjs-nestjs-api-dev  | @repo/ui:dev: ESM dist/esm/chunk-DFY657HE.mjs.map                                      1.10 KB
nextjs-nestjs-api-dev  | @repo/ui:dev: ESM dist/esm/components/shadcn/badge.mjs.map                             71.00 B
nextjs-nestjs-api-dev  | @repo/ui:dev: ESM dist/esm/components/shadcn/radio-group.mjs.map                       2.12 KB
nextjs-nestjs-api-dev  | @repo/ui:dev: ESM dist/esm/chunk-TOH3HZWM.mjs.map                                      5.15 KB
nextjs-nestjs-api-dev  | @repo/ui:dev: ESM dist/esm/components/shadcn/table.mjs.map                             71.00 B
nextjs-nestjs-api-dev  | @repo/ui:dev: ESM dist/esm/chunk-G24C6MMK.mjs.map                                      2.46 KB
nextjs-nestjs-api-dev  | @repo/ui:dev: ESM dist/esm/components/theme-provider.mjs.map                           71.00 B
nextjs-nestjs-api-dev  | @repo/ui:dev: ESM dist/esm/chunk-XSGVLMJC.mjs.map                                      1.23 KB
nextjs-nestjs-api-dev  | @repo/ui:dev: ESM dist/esm/components/shadcn/avatar.mjs.map                            4.44 KB
nextjs-nestjs-api-dev  | @repo/ui:dev: ESM dist/esm/components/atomics/atoms/Icon.mjs.map                       2.01 KB
nextjs-nestjs-api-dev  | @repo/ui:dev: ESM dist/esm/chunk-62UQUKI2.mjs.map                                      363.00 B
nextjs-nestjs-api-dev  | @repo/ui:dev: ESM dist/esm/components/data-table/utils/conditional-state.mjs.map       71.00 B
nextjs-nestjs-api-dev  | @repo/ui:dev: ESM dist/esm/chunk-F2IF6SMN.mjs.map                                      6.32 KB
nextjs-nestjs-api-dev  | @repo/ui:dev: ESM dist/esm/components/data-table/utils/date-format.mjs.map             71.00 B
nextjs-nestjs-api-dev  | @repo/ui:dev: ESM dist/esm/components/data-table/expand-icon.mjs.map                   2.14 KB
nextjs-nestjs-api-dev  | @repo/ui:dev: ESM dist/esm/lib/utils.mjs.map                                           71.00 B
nextjs-nestjs-api-dev  | @repo/ui:dev: ESM dist/esm/chunk-2OHUXJR5.mjs.map                                      714.00 B
nextjs-nestjs-api-dev  | @repo/ui:dev: ESM dist/esm/components/shadcn/select.mjs.map                            71.00 B
nextjs-nestjs-api-dev  | @repo/ui:dev: ESM dist/esm/components/data-table/utils/url-state.mjs.map               71.00 B
nextjs-nestjs-api-dev  | @repo/ui:dev: ESM dist/esm/chunk-R5GRJX7M.mjs.map                                      31.41 KB
nextjs-nestjs-api-dev  | @repo/ui:dev: ESM dist/esm/chunk-GPBCDHXG.mjs.map                                      1.04 KB
nextjs-nestjs-api-dev  | @repo/ui:dev: ESM dist/esm/components/shadcn/toggle.mjs.map                            2.50 KB
nextjs-nestjs-api-dev  | @repo/ui:dev: ESM dist/esm/components/shadcn/progress.mjs.map                          1.25 KB
nextjs-nestjs-api-dev  | @repo/ui:dev: ESM dist/esm/chunk-AANGN4ZI.mjs.map                                      13.31 KB
nextjs-nestjs-api-dev  | @repo/ui:dev: ESM dist/esm/components/data-table/toolbar.mjs.map                       71.00 B
nextjs-nestjs-api-dev  | @repo/ui:dev: ESM dist/esm/chunk-NVZLU7AK.mjs.map                                      15.44 KB
nextjs-nestjs-api-dev  | @repo/ui:dev: ESM dist/esm/components/shadcn/tabs.mjs.map                              4.70 KB
nextjs-nestjs-api-dev  | @repo/ui:dev: ESM dist/esm/components/shadcn/dropdown-menu.mjs.map                     71.00 B
nextjs-nestjs-api-dev  | @repo/ui:dev: ESM dist/esm/chunk-MI7ATJ2A.mjs.map                                      6.56 KB
nextjs-nestjs-api-dev  | @repo/ui:dev: ESM dist/esm/components/atomics/molecules/Card.mjs.map                   1.39 KB
nextjs-nestjs-api-dev  | @repo/ui:dev: ESM dist/esm/chunk-M62I6PZG.mjs.map                                      23.84 KB
nextjs-nestjs-api-dev  | @repo/ui:dev: ESM dist/esm/chunk-G6SOEPKQ.mjs.map                                      220.00 B
nextjs-nestjs-api-dev  | @repo/ui:dev: ESM dist/esm/components/shadcn/chart.mjs.map                             15.35 KB
nextjs-nestjs-api-dev  | @repo/ui:dev: ESM dist/esm/components/atomics/atoms/VideoOrPlaceholder.mjs.map         1.25 KB
nextjs-nestjs-api-dev  | @repo/ui:dev: ESM dist/esm/components/shadcn/multi-select.mjs.map                      6.45 KB
nextjs-nestjs-api-dev  | @repo/ui:dev: ESM dist/esm/chunk-VYCQVSM3.mjs.map                                      3.12 KB
nextjs-nestjs-api-dev  | @repo/ui:dev: ESM dist/esm/components/shadcn/textarea.mjs.map                          71.00 B
nextjs-nestjs-api-dev  | @repo/ui:dev: ESM dist/esm/chunk-KHXJE3L3.mjs.map                                      619.00 B
nextjs-nestjs-api-dev  | @repo/ui:dev: ESM dist/esm/components/data-table/view-options.mjs.map                  71.00 B
nextjs-nestjs-api-dev  | @repo/ui:dev: ESM dist/esm/chunk-KE5QN6PX.mjs.map                                      575.00 B
nextjs-nestjs-api-dev  | @repo/ui:dev: ESM dist/esm/components/shadcn/alert.mjs.map                             71.00 B
nextjs-nestjs-api-dev  | @repo/ui:dev: ESM dist/esm/components/data-table/utils/keyboard-navigation.mjs.map     71.00 B
nextjs-nestjs-api-dev  | @repo/ui:dev: ESM dist/esm/chunk-LZOMFHX3.mjs.map                                      71.00 B
nextjs-nestjs-api-dev  | @repo/ui:dev: ESM dist/esm/components/data-table/utils/index.mjs.map                   71.00 B
nextjs-nestjs-api-dev  | @repo/ui:dev: ESM dist/esm/components/shadcn/breadcrumb.mjs.map                        4.16 KB
nextjs-nestjs-api-dev  | @repo/ui:dev: ESM dist/esm/components/shadcn/slider.mjs.map                            2.80 KB
nextjs-nestjs-api-dev  | @repo/ui:dev: ESM dist/esm/components/calendar-date-picker.mjs.map                     71.00 B
nextjs-nestjs-api-dev  | @repo/ui:dev: ESM dist/esm/chunk-QL22U2BS.mjs.map                                      2.39 KB
nextjs-nestjs-api-dev  | @repo/ui:dev: ESM dist/esm/components/data-table/data-export.mjs.map                   71.00 B
nextjs-nestjs-api-dev  | @repo/ui:dev: ESM dist/esm/chunk-Q6BICUBB.mjs.map                                      7.13 KB
nextjs-nestjs-api-dev  | @repo/ui:dev: ESM dist/esm/chunk-RGV2AEKL.mjs.map                                      12.10 KB
nextjs-nestjs-api-dev  | @repo/ui:dev: ESM dist/esm/chunk-6GNATECS.mjs.map                                      3.94 KB
nextjs-nestjs-api-dev  | @repo/ui:dev: ESM dist/esm/components/shadcn/scroll-area.mjs.map                       2.54 KB
nextjs-nestjs-api-dev  | @repo/ui:dev: ESM dist/esm/chunk-QDXNHHDO.mjs.map                                      7.19 KB
nextjs-nestjs-api-dev  | @repo/ui:dev: ESM dist/esm/chunk-SEH5EWJU.mjs.map                                      1.56 KB
nextjs-nestjs-api-dev  | @repo/ui:dev: ESM dist/esm/components/data-table/utils/deep-utils.mjs.map              71.00 B
nextjs-nestjs-api-dev  | @repo/ui:dev: ESM dist/esm/components/shadcn/sidebar.mjs.map                           30.38 KB
nextjs-nestjs-api-dev  | @repo/ui:dev: ESM dist/esm/components/shadcn/skeleton.mjs.map                          71.00 B
nextjs-nestjs-api-dev  | @repo/ui:dev: ESM dist/esm/chunk-6GDHEKWV.mjs.map                                      11.15 KB
nextjs-nestjs-api-dev  | @repo/ui:dev: ESM dist/esm/components/shadcn/collapsible.mjs.map                       1.33 KB
nextjs-nestjs-api-dev  | @repo/ui:dev: ESM dist/esm/components/data-table/utils/export-utils.mjs.map            71.00 B
nextjs-nestjs-api-dev  | @repo/ui:dev: ESM dist/esm/chunk-5VTCIGMO.mjs.map                                      2.78 KB
nextjs-nestjs-api-dev  | @repo/ui:dev: ESM dist/esm/chunk-ETXBKZPW.mjs.map                                      23.18 KB
nextjs-nestjs-api-dev  | @repo/ui:dev: ESM dist/esm/components/shadcn/label.mjs.map                             71.00 B
nextjs-nestjs-api-dev  | @repo/ui:dev: ESM dist/esm/components/shadcn/button.mjs.map                            71.00 B
nextjs-nestjs-api-dev  | @repo/ui:dev: ESM dist/esm/chunk-2XSNNDGO.mjs.map                                      38.10 KB
nextjs-nestjs-api-dev  | @repo/ui:dev: ESM dist/esm/components/shadcn/sheet.mjs.map                             71.00 B
nextjs-nestjs-api-dev  | @repo/ui:dev: ESM dist/esm/components/shadcn/separator.mjs.map                         71.00 B
nextjs-nestjs-api-dev  | @repo/ui:dev: ESM dist/esm/components/shadcn/mode-toggle.mjs.map                       2.08 KB
nextjs-nestjs-api-dev  | @repo/ui:dev: ESM ⚡️ Build success in 481ms
nextjs-nestjs-api-dev  | @repo/ui:dev: CLI Watching for changes in "."
nextjs-nestjs-api-dev  | @repo/ui:dev: CLI Ignoring changes in "**/{.git,node_modules}/**" | "/app/packages/ui/base/dist/esm"
nextjs-nestjs-api-dev  | @repo/ui:dev: CJS dist/cjs/placeholder-MXJQZ7IP.svg                                   2.44 KB
nextjs-nestjs-api-dev  | @repo/ui:dev: CJS dist/cjs/placeholder-55IXFXVN.mp4                                   2.37 MB
nextjs-nestjs-api-dev  | @repo/ui:dev: CJS dist/cjs/components/data-table/data-table-resizer.js                366.00 B
nextjs-nestjs-api-dev  | @repo/ui:dev: CJS dist/cjs/components/shadcn/toggle.js                                2.02 KB
nextjs-nestjs-api-dev  | @repo/ui:dev: CJS dist/cjs/components/shadcn/calendar.js                              406.00 B
nextjs-nestjs-api-dev  | @repo/ui:dev: CJS dist/cjs/components/data-table/expand-icon.js                       1.57 KB
nextjs-nestjs-api-dev  | @repo/ui:dev: CJS dist/cjs/components/shadcn/select.js                                838.00 B
nextjs-nestjs-api-dev  | @repo/ui:dev: CJS dist/cjs/components/data-table/toolbar.js                           1003.00 B
nextjs-nestjs-api-dev  | @repo/ui:dev: CJS dist/cjs/components/shadcn/dialog.js                                850.00 B
nextjs-nestjs-api-dev  | @repo/ui:dev: CJS dist/cjs/components/shadcn/progress.js                              1.03 KB
nextjs-nestjs-api-dev  | @repo/ui:dev: CJS dist/cjs/components/data-table/pagination.js                        400.00 B
nextjs-nestjs-api-dev  | @repo/ui:dev: CJS dist/cjs/components/shadcn/input-group.js                           735.00 B
nextjs-nestjs-api-dev  | @repo/ui:dev: CJS dist/cjs/chunk-J44ZHDN7.js                                          338.00 B
nextjs-nestjs-api-dev  | @repo/ui:dev: CJS dist/cjs/components/shadcn/tabs.js                                  3.84 KB
nextjs-nestjs-api-dev  | @repo/ui:dev: CJS dist/cjs/components/shadcn/mode-toggle.js                           2.00 KB
nextjs-nestjs-api-dev  | @repo/ui:dev: CJS dist/cjs/chunk-7D4SUZUM.js                                          1.85 KB
nextjs-nestjs-api-dev  | @repo/ui:dev: CJS dist/cjs/chunk-BPMJM2B2.js                                          816.00 B
nextjs-nestjs-api-dev  | @repo/ui:dev: CJS dist/cjs/components/shadcn/dropdown-menu.js                         1.28 KB
nextjs-nestjs-api-dev  | @repo/ui:dev: CJS dist/cjs/index.js                                                   253.00 B
nextjs-nestjs-api-dev  | @repo/ui:dev: CJS dist/cjs/components/shadcn/separator.js                             307.00 B
nextjs-nestjs-api-dev  | @repo/ui:dev: CJS dist/cjs/chunk-7OXRQRB3.js                                          13.73 KB
nextjs-nestjs-api-dev  | @repo/ui:dev: CJS dist/cjs/components/shadcn/avatar.js                                3.55 KB
nextjs-nestjs-api-dev  | @repo/ui:dev: CJS dist/cjs/components/shadcn/field.js                                 7.64 KB
nextjs-nestjs-api-dev  | @repo/ui:dev: CJS dist/cjs/chunk-VLERP4RC.js                                          444.00 B
nextjs-nestjs-api-dev  | @repo/ui:dev: CJS dist/cjs/components/shadcn/popover.js                               661.00 B
nextjs-nestjs-api-dev  | @repo/ui:dev: CJS dist/cjs/chunk-QK2Z4PPU.js                                          815.00 B
nextjs-nestjs-api-dev  | @repo/ui:dev: CJS dist/cjs/chunk-RD5C6QOV.js                                          11.54 KB
nextjs-nestjs-api-dev  | @repo/ui:dev: CJS dist/cjs/chunk-J5FUOO3N.js                                          5.62 KB
nextjs-nestjs-api-dev  | @repo/ui:dev: CJS dist/cjs/chunk-UXWQOT7I.js                                          1.40 KB
nextjs-nestjs-api-dev  | @repo/ui:dev: CJS dist/cjs/chunk-4UFH4H4O.js                                          294.00 B
nextjs-nestjs-api-dev  | @repo/ui:dev: CJS dist/cjs/chunk-A2MC2A2H.js                                          8.13 KB
nextjs-nestjs-api-dev  | @repo/ui:dev: CJS dist/cjs/chunk-VILM2UG6.js                                          5.74 KB
nextjs-nestjs-api-dev  | @repo/ui:dev: CJS dist/cjs/chunk-IIU7FXBP.js                                          6.34 KB
nextjs-nestjs-api-dev  | @repo/ui:dev: CJS dist/cjs/chunk-BYC6HVBQ.js                                          5.03 KB
nextjs-nestjs-api-dev  | @repo/ui:dev: CJS dist/cjs/chunk-MJUZ236T.js                                          1.15 KB
nextjs-nestjs-api-dev  | @repo/ui:dev: CJS dist/cjs/chunk-YUC2FKVS.js                                          1.04 KB
nextjs-nestjs-api-dev  | @repo/ui:dev: CJS dist/cjs/chunk-ENMAZ3EQ.js                                          6.20 KB
nextjs-nestjs-api-dev  | @repo/ui:dev: CJS dist/cjs/chunk-M4ECYZDL.js                                          28.16 KB
nextjs-nestjs-api-dev  | @repo/ui:dev: CJS dist/cjs/components/data-table/hooks/use-table-column-resize.js     313.00 B
nextjs-nestjs-api-dev  | @repo/ui:dev: CJS dist/cjs/components/data-table/utils/url-state.js                   580.00 B
nextjs-nestjs-api-dev  | @repo/ui:dev: CJS dist/cjs/components/data-table/utils/case-utils.js                  1.88 KB
nextjs-nestjs-api-dev  | @repo/ui:dev: CJS dist/cjs/components/data-table/utils/url-events.js                  298.00 B
nextjs-nestjs-api-dev  | @repo/ui:dev: CJS dist/cjs/components/data-table/utils/conditional-state.js           461.00 B
nextjs-nestjs-api-dev  | @repo/ui:dev: CJS dist/cjs/components/data-table/utils/export-utils.js                544.00 B
nextjs-nestjs-api-dev  | @repo/ui:dev: CJS dist/cjs/components/data-table/utils/table-config.js                276.00 B
nextjs-nestjs-api-dev  | @repo/ui:dev: CJS dist/cjs/components/data-table/utils/index.js                       2.69 KB
nextjs-nestjs-api-dev  | @repo/ui:dev: CJS dist/cjs/components/data-table/utils/date-format.js                 267.00 B
nextjs-nestjs-api-dev  | @repo/ui:dev: CJS dist/cjs/components/data-table/utils/search.js                      274.00 B
nextjs-nestjs-api-dev  | @repo/ui:dev: CJS dist/cjs/components/data-table/utils/deep-utils.js                  498.00 B
nextjs-nestjs-api-dev  | @repo/ui:dev: CJS dist/cjs/components/shadcn/card.js                                  3.15 KB
nextjs-nestjs-api-dev  | @repo/ui:dev: CJS dist/cjs/components/shadcn/chart.js                                 11.80 KB
nextjs-nestjs-api-dev  | @repo/ui:dev: CJS dist/cjs/chunk-DCJL5WE5.js                                          2.34 KB
nextjs-nestjs-api-dev  | @repo/ui:dev: CJS dist/cjs/components/data-table/view-options.js                      584.00 B
nextjs-nestjs-api-dev  | @repo/ui:dev: CJS dist/cjs/chunk-E7URKG4A.js                                          18.80 KB
nextjs-nestjs-api-dev  | @repo/ui:dev: CJS dist/cjs/chunk-SDHVICSE.js                                          8.65 KB
nextjs-nestjs-api-dev  | @repo/ui:dev: CJS dist/cjs/chunk-HBLILKOX.js                                          9.59 KB
nextjs-nestjs-api-dev  | @repo/ui:dev: CJS dist/cjs/components/shadcn/scroll-area.js                           2.11 KB
nextjs-nestjs-api-dev  | @repo/ui:dev: CJS dist/cjs/components/atomics/atoms/VideoOrPlaceholder.js             1.13 KB
nextjs-nestjs-api-dev  | @repo/ui:dev: CJS dist/cjs/components/shadcn/input.js                                 281.00 B
nextjs-nestjs-api-dev  | @repo/ui:dev: CJS dist/cjs/components/atomics/atoms/Loader.js                         2.29 KB
nextjs-nestjs-api-dev  | @repo/ui:dev: CJS dist/cjs/chunk-BUJXRJQH.js                                          3.34 KB
nextjs-nestjs-api-dev  | @repo/ui:dev: CJS dist/cjs/components/shadcn/textarea.js                              290.00 B
nextjs-nestjs-api-dev  | @repo/ui:dev: CJS dist/cjs/components/data-table/utils/history-sync.js                423.00 B
nextjs-nestjs-api-dev  | @repo/ui:dev: CJS dist/cjs/components/shadcn/alert.js                                 451.00 B
nextjs-nestjs-api-dev  | @repo/ui:dev: CJS dist/cjs/chunk-HSZE65TZ.js                                          10.26 KB
nextjs-nestjs-api-dev  | @repo/ui:dev: CJS dist/cjs/chunk-M7LEWU3V.js                                          7.50 KB
nextjs-nestjs-api-dev  | @repo/ui:dev: CJS dist/cjs/chunk-7RQDICRW.js                                          1.90 KB
nextjs-nestjs-api-dev  | @repo/ui:dev: CJS dist/cjs/components/shadcn/table.js                                 657.00 B
nextjs-nestjs-api-dev  | @repo/ui:dev: CJS dist/cjs/components/shadcn/radio-group.js                           1.93 KB
nextjs-nestjs-api-dev  | @repo/ui:dev: CJS dist/cjs/components/data-table/utils/table-state-handlers.js        698.00 B
nextjs-nestjs-api-dev  | @repo/ui:dev: CJS dist/cjs/components/shadcn/label.js                                 295.00 B
nextjs-nestjs-api-dev  | @repo/ui:dev: CJS dist/cjs/components/shadcn/breadcrumb.js                            3.49 KB
nextjs-nestjs-api-dev  | @repo/ui:dev: CJS dist/cjs/components/shadcn/calendar.js.map                          286.00 B
nextjs-nestjs-api-dev  | @repo/ui:dev: CJS dist/cjs/components/shadcn/sidebar.js                               23.93 KB
nextjs-nestjs-api-dev  | @repo/ui:dev: CJS dist/cjs/components/data-table/expand-icon.js.map                   2.72 KB
nextjs-nestjs-api-dev  | @repo/ui:dev: CJS dist/cjs/components/shadcn/slider.js                                2.57 KB
nextjs-nestjs-api-dev  | @repo/ui:dev: CJS dist/cjs/components/shadcn/toggle.js.map                            2.90 KB
nextjs-nestjs-api-dev  | @repo/ui:dev: CJS dist/cjs/components/shadcn/select.js.map                            350.00 B
nextjs-nestjs-api-dev  | @repo/ui:dev: CJS dist/cjs/components/shadcn/switch.js                                1.98 KB
nextjs-nestjs-api-dev  | @repo/ui:dev: CJS dist/cjs/chunk-BAXYYXQT.js                                          785.00 B
nextjs-nestjs-api-dev  | @repo/ui:dev: CJS dist/cjs/components/data-table/toolbar.js.map                       516.00 B
nextjs-nestjs-api-dev  | @repo/ui:dev: CJS dist/cjs/chunk-5ASZ4OIJ.js                                          2.49 KB
nextjs-nestjs-api-dev  | @repo/ui:dev: CJS dist/cjs/components/atomics/atoms/Icon.js                           1.48 KB
nextjs-nestjs-api-dev  | @repo/ui:dev: CJS dist/cjs/components/shadcn/dialog.js.map                            363.00 B
nextjs-nestjs-api-dev  | @repo/ui:dev: CJS dist/cjs/components/atomics/molecules/Card.js                       1.16 KB
nextjs-nestjs-api-dev  | @repo/ui:dev: CJS dist/cjs/components/shadcn/progress.js.map                          1.64 KB
nextjs-nestjs-api-dev  | @repo/ui:dev: CJS dist/cjs/components/data-table/utils/column-sizing.js               517.00 B
nextjs-nestjs-api-dev  | @repo/ui:dev: CJS dist/cjs/components/data-table/pagination.js.map                    301.00 B
nextjs-nestjs-api-dev  | @repo/ui:dev: CJS dist/cjs/components/data-table/data-table-resizer.js.map            304.00 B
nextjs-nestjs-api-dev  | @repo/ui:dev: CJS dist/cjs/components/shadcn/input-group.js.map                       358.00 B
nextjs-nestjs-api-dev  | @repo/ui:dev: CJS dist/cjs/chunk-JLRO7JME.js                                          1.55 KB
nextjs-nestjs-api-dev  | @repo/ui:dev: CJS dist/cjs/components/shadcn/mode-toggle.js.map                       2.80 KB
nextjs-nestjs-api-dev  | @repo/ui:dev: CJS dist/cjs/components/shadcn/button.js                                344.00 B
nextjs-nestjs-api-dev  | @repo/ui:dev: CJS dist/cjs/components/atomics/atoms/ImageOrPlaceholder.js             140.52 KB
nextjs-nestjs-api-dev  | @repo/ui:dev: CJS dist/cjs/components/shadcn/separator.js.map                         265.00 B
nextjs-nestjs-api-dev  | @repo/ui:dev: CJS dist/cjs/chunk-35QXJTM7.js                                          1.10 KB
nextjs-nestjs-api-dev  | @repo/ui:dev: CJS dist/cjs/chunk-2CQRIWBR.js                                          566.00 B
nextjs-nestjs-api-dev  | @repo/ui:dev: CJS dist/cjs/chunk-YIMYKPKC.js                                          3.16 KB
nextjs-nestjs-api-dev  | @repo/ui:dev: CJS dist/cjs/chunk-BPMJM2B2.js.map                                      1.32 KB
nextjs-nestjs-api-dev  | @repo/ui:dev: CJS dist/cjs/components/shadcn/collapsible.js                           1.01 KB
nextjs-nestjs-api-dev  | @repo/ui:dev: CJS dist/cjs/chunk-L6IZ5OLD.js                                          2.79 KB
nextjs-nestjs-api-dev  | @repo/ui:dev: CJS dist/cjs/components/shadcn/dropdown-menu.js.map                     414.00 B
nextjs-nestjs-api-dev  | @repo/ui:dev: CJS dist/cjs/components/shadcn/tabs.js.map                              5.33 KB
nextjs-nestjs-api-dev  | @repo/ui:dev: CJS dist/cjs/chunk-DHKJXRNA.js                                          2.15 KB
nextjs-nestjs-api-dev  | @repo/ui:dev: CJS dist/cjs/chunk-XIY625XQ.js                                          2.34 KB
nextjs-nestjs-api-dev  | @repo/ui:dev: CJS dist/cjs/chunk-J44ZHDN7.js.map                                      526.00 B
nextjs-nestjs-api-dev  | @repo/ui:dev: CJS dist/cjs/components/data-table/data-export.js                       429.00 B
nextjs-nestjs-api-dev  | @repo/ui:dev: CJS dist/cjs/chunk-BZH3YE6J.js                                          2.89 KB
nextjs-nestjs-api-dev  | @repo/ui:dev: CJS dist/cjs/components/data-table/data-table.js                        46.54 KB
nextjs-nestjs-api-dev  | @repo/ui:dev: CJS dist/cjs/components/shadcn/tooltip.js                               483.00 B
nextjs-nestjs-api-dev  | @repo/ui:dev: CJS dist/cjs/components/shadcn/avatar.js.map                            5.15 KB
nextjs-nestjs-api-dev  | @repo/ui:dev: CJS dist/cjs/components/shadcn/field.js.map                             10.57 KB
nextjs-nestjs-api-dev  | @repo/ui:dev: CJS dist/cjs/chunk-VLERP4RC.js.map                                      971.00 B
nextjs-nestjs-api-dev  | @repo/ui:dev: CJS dist/cjs/components/shadcn/popover.js.map                           321.00 B
nextjs-nestjs-api-dev  | @repo/ui:dev: CJS dist/cjs/chunk-QK2Z4PPU.js.map                                      1.19 KB
nextjs-nestjs-api-dev  | @repo/ui:dev: CJS dist/cjs/chunk-7OXRQRB3.js.map                                      25.75 KB
nextjs-nestjs-api-dev  | @repo/ui:dev: CJS dist/cjs/components/shadcn/checkbox.js                              1.73 KB
nextjs-nestjs-api-dev  | @repo/ui:dev: CJS dist/cjs/lib/utils.js                                               233.00 B
nextjs-nestjs-api-dev  | @repo/ui:dev: CJS dist/cjs/hooks/use-mobile.js                                        256.00 B
nextjs-nestjs-api-dev  | @repo/ui:dev: CJS dist/cjs/chunk-TJDYFANS.js                                          1.01 KB
nextjs-nestjs-api-dev  | @repo/ui:dev: CJS dist/cjs/components/theme-provider.js                               272.00 B
nextjs-nestjs-api-dev  | @repo/ui:dev: CJS dist/cjs/chunk-2XPELTV6.js                                          492.00 B
nextjs-nestjs-api-dev  | @repo/ui:dev: CJS dist/cjs/components/calendar-date-picker.js                         459.00 B
nextjs-nestjs-api-dev  | @repo/ui:dev: CJS dist/cjs/components/shadcn/skeleton.js                              290.00 B
nextjs-nestjs-api-dev  | @repo/ui:dev: CJS dist/cjs/components/data-table/column-header.js                     3.20 KB
nextjs-nestjs-api-dev  | @repo/ui:dev: CJS dist/cjs/chunk-UXWQOT7I.js.map                                      3.46 KB
nextjs-nestjs-api-dev  | @repo/ui:dev: CJS dist/cjs/chunk-AAWIP2PC.js                                          1.33 KB
nextjs-nestjs-api-dev  | @repo/ui:dev: CJS dist/cjs/chunk-4UFH4H4O.js.map                                      375.00 B
nextjs-nestjs-api-dev  | @repo/ui:dev: CJS dist/cjs/chunk-VILM2UG6.js.map                                      8.48 KB
nextjs-nestjs-api-dev  | @repo/ui:dev: CJS dist/cjs/chunk-IIU7FXBP.js.map                                      8.18 KB
nextjs-nestjs-api-dev  | @repo/ui:dev: CJS dist/cjs/chunk-BYC6HVBQ.js.map                                      7.55 KB
nextjs-nestjs-api-dev  | @repo/ui:dev: CJS dist/cjs/chunk-MJUZ236T.js.map                                      1.49 KB
nextjs-nestjs-api-dev  | @repo/ui:dev: CJS dist/cjs/chunk-YUC2FKVS.js.map                                      1.35 KB
nextjs-nestjs-api-dev  | @repo/ui:dev: CJS dist/cjs/chunk-7D4SUZUM.js.map                                      2.01 KB
nextjs-nestjs-api-dev  | @repo/ui:dev: CJS dist/cjs/chunk-M4ECYZDL.js.map                                      40.40 KB
nextjs-nestjs-api-dev  | @repo/ui:dev: CJS dist/cjs/components/shadcn/multi-select.js                          5.74 KB
nextjs-nestjs-api-dev  | @repo/ui:dev: CJS dist/cjs/components/shadcn/sheet.js                                 719.00 B
nextjs-nestjs-api-dev  | @repo/ui:dev: CJS dist/cjs/index.js.map                                               197.00 B
nextjs-nestjs-api-dev  | @repo/ui:dev: CJS dist/cjs/components/shadcn/badge.js                                 339.00 B
nextjs-nestjs-api-dev  | @repo/ui:dev: CJS dist/cjs/components/shadcn/command.js                               941.00 B
nextjs-nestjs-api-dev  | @repo/ui:dev: CJS dist/cjs/chunk-A2MC2A2H.js.map                                      13.84 KB
nextjs-nestjs-api-dev  | @repo/ui:dev: CJS dist/cjs/chunk-PO4WQZFE.js                                          5.30 KB
nextjs-nestjs-api-dev  | @repo/ui:dev: CJS dist/cjs/chunk-J5FUOO3N.js.map                                      10.99 KB
nextjs-nestjs-api-dev  | @repo/ui:dev: CJS dist/cjs/chunk-RD5C6QOV.js.map                                      20.91 KB
nextjs-nestjs-api-dev  | @repo/ui:dev: CJS dist/cjs/components/data-table/utils/keyboard-navigation.js         317.00 B
nextjs-nestjs-api-dev  | @repo/ui:dev: CJS dist/cjs/chunk-JDC6QP7Q.js                                          2.27 KB
nextjs-nestjs-api-dev  | @repo/ui:dev: CJS dist/cjs/components/data-table/utils/case-utils.js.map              5.13 KB
nextjs-nestjs-api-dev  | @repo/ui:dev: CJS dist/cjs/components/data-table/utils/url-state.js.map               330.00 B
nextjs-nestjs-api-dev  | @repo/ui:dev: CJS dist/cjs/components/data-table/utils/url-events.js.map              263.00 B
nextjs-nestjs-api-dev  | @repo/ui:dev: CJS dist/cjs/components/data-table/utils/deep-utils.js.map              319.00 B
nextjs-nestjs-api-dev  | @repo/ui:dev: CJS dist/cjs/components/data-table/utils/date-format.js.map             265.00 B
nextjs-nestjs-api-dev  | @repo/ui:dev: CJS dist/cjs/components/data-table/hooks/use-table-column-resize.js.map 300.00 B
nextjs-nestjs-api-dev  | @repo/ui:dev: CJS dist/cjs/components/data-table/utils/search.js.map                  255.00 B
nextjs-nestjs-api-dev  | @repo/ui:dev: CJS dist/cjs/chunk-ENMAZ3EQ.js.map                                      8.16 KB
nextjs-nestjs-api-dev  | @repo/ui:dev: CJS dist/cjs/components/shadcn/form.js                                  4.18 KB
nextjs-nestjs-api-dev  | @repo/ui:dev: CJS dist/cjs/components/data-table/utils/index.js.map                   712.00 B
nextjs-nestjs-api-dev  | @repo/ui:dev: CJS dist/cjs/components/data-table/utils/export-utils.js.map            318.00 B
nextjs-nestjs-api-dev  | @repo/ui:dev: CJS dist/cjs/components/data-table/utils/conditional-state.js.map       329.00 B
nextjs-nestjs-api-dev  | @repo/ui:dev: CJS dist/cjs/components/data-table/utils/table-config.js.map            267.00 B
nextjs-nestjs-api-dev  | @repo/ui:dev: CJS dist/cjs/components/shadcn/context-menu.js                          9.23 KB
nextjs-nestjs-api-dev  | @repo/ui:dev: CJS dist/cjs/components/shadcn/sonner.js                                1.52 KB
nextjs-nestjs-api-dev  | @repo/ui:dev: CJS dist/cjs/components/shadcn/card.js.map                              4.63 KB
nextjs-nestjs-api-dev  | @repo/ui:dev: CJS dist/cjs/chunk-E7URKG4A.js.map                                      27.10 KB
nextjs-nestjs-api-dev  | @repo/ui:dev: CJS dist/cjs/chunk-SDHVICSE.js.map                                      14.12 KB
nextjs-nestjs-api-dev  | @repo/ui:dev: CJS dist/cjs/components/shadcn/chart.js.map                             13.96 KB
nextjs-nestjs-api-dev  | @repo/ui:dev: CJS dist/cjs/components/data-table/view-options.js.map                  370.00 B
nextjs-nestjs-api-dev  | @repo/ui:dev: CJS dist/cjs/chunk-DCJL5WE5.js.map                                      3.46 KB
nextjs-nestjs-api-dev  | @repo/ui:dev: CJS dist/cjs/components/shadcn/scroll-area.js.map                       3.08 KB
nextjs-nestjs-api-dev  | @repo/ui:dev: CJS dist/cjs/chunk-HBLILKOX.js.map                                      13.75 KB
nextjs-nestjs-api-dev  | @repo/ui:dev: CJS dist/cjs/components/atomics/atoms/VideoOrPlaceholder.js.map         1.81 KB
nextjs-nestjs-api-dev  | @repo/ui:dev: CJS dist/cjs/components/shadcn/textarea.js.map                          252.00 B
nextjs-nestjs-api-dev  | @repo/ui:dev: CJS dist/cjs/chunk-BUJXRJQH.js.map                                      4.62 KB
nextjs-nestjs-api-dev  | @repo/ui:dev: CJS dist/cjs/chunk-M7LEWU3V.js.map                                      10.63 KB
nextjs-nestjs-api-dev  | @repo/ui:dev: CJS dist/cjs/chunk-7RQDICRW.js.map                                      2.93 KB
nextjs-nestjs-api-dev  | @repo/ui:dev: CJS dist/cjs/components/data-table/utils/history-sync.js.map            290.00 B
nextjs-nestjs-api-dev  | @repo/ui:dev: CJS dist/cjs/components/shadcn/label.js.map                             257.00 B
nextjs-nestjs-api-dev  | @repo/ui:dev: CJS dist/cjs/components/shadcn/alert.js.map                             276.00 B
nextjs-nestjs-api-dev  | @repo/ui:dev: CJS dist/cjs/components/data-table/utils/table-state-handlers.js.map    333.00 B
nextjs-nestjs-api-dev  | @repo/ui:dev: CJS dist/cjs/chunk-HSZE65TZ.js.map                                      13.60 KB
nextjs-nestjs-api-dev  | @repo/ui:dev: CJS dist/cjs/components/shadcn/input.js.map                             246.00 B
nextjs-nestjs-api-dev  | @repo/ui:dev: CJS dist/cjs/components/shadcn/breadcrumb.js.map                        5.11 KB
nextjs-nestjs-api-dev  | @repo/ui:dev: CJS dist/cjs/components/shadcn/button.js.map                            258.00 B
nextjs-nestjs-api-dev  | @repo/ui:dev: CJS dist/cjs/chunk-JLRO7JME.js.map                                      4.58 KB
nextjs-nestjs-api-dev  | @repo/ui:dev: CJS dist/cjs/components/data-table/utils/column-sizing.js.map           299.00 B
nextjs-nestjs-api-dev  | @repo/ui:dev: CJS dist/cjs/chunk-BAXYYXQT.js.map                                      2.01 KB
nextjs-nestjs-api-dev  | @repo/ui:dev: CJS dist/cjs/components/atomics/atoms/Icon.js.map                       2.69 KB
nextjs-nestjs-api-dev  | @repo/ui:dev: CJS dist/cjs/chunk-5ASZ4OIJ.js.map                                      3.68 KB
nextjs-nestjs-api-dev  | @repo/ui:dev: CJS dist/cjs/components/shadcn/table.js.map                             327.00 B
nextjs-nestjs-api-dev  | @repo/ui:dev: CJS dist/cjs/components/atomics/molecules/Card.js.map                   1.56 KB
nextjs-nestjs-api-dev  | @repo/ui:dev: CJS dist/cjs/components/shadcn/slider.js.map                            3.40 KB
nextjs-nestjs-api-dev  | @repo/ui:dev: CJS dist/cjs/components/shadcn/sidebar.js.map                           28.97 KB
nextjs-nestjs-api-dev  | @repo/ui:dev: CJS dist/cjs/components/shadcn/switch.js.map                            2.55 KB
nextjs-nestjs-api-dev  | @repo/ui:dev: CJS dist/cjs/components/shadcn/radio-group.js.map                       2.64 KB
nextjs-nestjs-api-dev  | @repo/ui:dev: CJS dist/cjs/components/atomics/atoms/Loader.js.map                     2.89 KB
nextjs-nestjs-api-dev  | @repo/ui:dev: CJS dist/cjs/components/atomics/atoms/ImageOrPlaceholder.js.map         163.28 KB
nextjs-nestjs-api-dev  | @repo/ui:dev: CJS dist/cjs/chunk-35QXJTM7.js.map                                      2.86 KB
nextjs-nestjs-api-dev  | @repo/ui:dev: CJS dist/cjs/chunk-2CQRIWBR.js.map                                      821.00 B
nextjs-nestjs-api-dev  | @repo/ui:dev: CJS dist/cjs/components/shadcn/collapsible.js.map                       1.68 KB
nextjs-nestjs-api-dev  | @repo/ui:dev: CJS dist/cjs/chunk-L6IZ5OLD.js.map                                      4.29 KB
nextjs-nestjs-api-dev  | @repo/ui:dev: CJS dist/cjs/chunk-XIY625XQ.js.map                                      5.58 KB
nextjs-nestjs-api-dev  | @repo/ui:dev: CJS dist/cjs/components/data-table/data-table.js.map                    86.53 KB
nextjs-nestjs-api-dev  | @repo/ui:dev: CJS dist/cjs/components/data-table/data-export.js.map                   316.00 B
nextjs-nestjs-api-dev  | @repo/ui:dev: CJS dist/cjs/chunk-BZH3YE6J.js.map                                      5.81 KB
nextjs-nestjs-api-dev  | @repo/ui:dev: CJS dist/cjs/chunk-DHKJXRNA.js.map                                      5.95 KB
nextjs-nestjs-api-dev  | @repo/ui:dev: CJS dist/cjs/chunk-YIMYKPKC.js.map                                      4.79 KB
nextjs-nestjs-api-dev  | @repo/ui:dev: CJS dist/cjs/chunk-TJDYFANS.js.map                                      1.45 KB
nextjs-nestjs-api-dev  | @repo/ui:dev: CJS dist/cjs/components/theme-provider.js.map                           248.00 B
nextjs-nestjs-api-dev  | @repo/ui:dev: CJS dist/cjs/chunk-2XPELTV6.js.map                                      815.00 B
nextjs-nestjs-api-dev  | @repo/ui:dev: CJS dist/cjs/components/shadcn/skeleton.js.map                          252.00 B
nextjs-nestjs-api-dev  | @repo/ui:dev: CJS dist/cjs/chunk-AAWIP2PC.js.map                                      3.43 KB
nextjs-nestjs-api-dev  | @repo/ui:dev: CJS dist/cjs/components/data-table/column-header.js.map                 5.10 KB
nextjs-nestjs-api-dev  | @repo/ui:dev: CJS dist/cjs/components/shadcn/command.js.map                           406.00 B
nextjs-nestjs-api-dev  | @repo/ui:dev: CJS dist/cjs/components/shadcn/badge.js.map                             256.00 B
nextjs-nestjs-api-dev  | @repo/ui:dev: CJS dist/cjs/components/calendar-date-picker.js.map                     325.00 B
nextjs-nestjs-api-dev  | @repo/ui:dev: CJS dist/cjs/lib/utils.js.map                                           205.00 B
nextjs-nestjs-api-dev  | @repo/ui:dev: CJS dist/cjs/hooks/use-mobile.js.map                                    219.00 B
nextjs-nestjs-api-dev  | @repo/ui:dev: CJS dist/cjs/components/shadcn/tooltip.js.map                           291.00 B
nextjs-nestjs-api-dev  | @repo/ui:dev: CJS dist/cjs/components/shadcn/checkbox.js.map                          2.25 KB
nextjs-nestjs-api-dev  | @repo/ui:dev: CJS dist/cjs/components/shadcn/form.js.map                              6.48 KB
nextjs-nestjs-api-dev  | @repo/ui:dev: CJS dist/cjs/components/data-table/utils/keyboard-navigation.js.map     281.00 B
nextjs-nestjs-api-dev  | @repo/ui:dev: CJS dist/cjs/components/shadcn/sonner.js.map                            2.47 KB
nextjs-nestjs-api-dev  | @repo/ui:dev: CJS dist/cjs/components/shadcn/context-menu.js.map                      13.39 KB
nextjs-nestjs-api-dev  | @repo/ui:dev: CJS dist/cjs/chunk-JDC6QP7Q.js.map                                      3.25 KB
nextjs-nestjs-api-dev  | @repo/ui:dev: CJS dist/cjs/chunk-PO4WQZFE.js.map                                      7.69 KB
nextjs-nestjs-api-dev  | @repo/ui:dev: CJS dist/cjs/components/shadcn/multi-select.js.map                      6.82 KB
nextjs-nestjs-api-dev  | @repo/ui:dev: CJS dist/cjs/components/shadcn/sheet.js.map                             340.00 B
nextjs-nestjs-api-dev  | @repo/ui:dev: CJS ⚡️ Build success in 765ms
nextjs-nestjs-api-dev  | @repo/ui:dev: CLI Watching for changes in "."
nextjs-nestjs-api-dev  | @repo/ui:dev: CLI Ignoring changes in "**/{.git,node_modules}/**" | "/app/packages/ui/base/dist/cjs"
nextjs-nestjs-api-dev  | @repo/ui:dev: ✅ Successfully built 71 files to /app/packages/ui/base/dist
nextjs-nestjs-api-dev  | api:dev:   Exit code: 1 — no parsable JSON output
nextjs-nestjs-api-dev  | api:dev: 🔍 Validating environment variables...
nextjs-nestjs-api-dev  | api:dev: ✅ Environment validation passed
nextjs-nestjs-api-dev  | api:dev: 
nextjs-nestjs-api-dev  | api:dev: 
nextjs-nestjs-api-dev  | api:dev: ════════════════════════════════════════════════════════
nextjs-nestjs-api-dev  | api:dev: 📋 Startup Check Result: unknown (exit code 1)
nextjs-nestjs-api-dev  | api:dev: ════════════════════════════════════════════════════════
nextjs-nestjs-api-dev  | api:dev: 
nextjs-nestjs-api-dev  | api:dev: ⚠️  Node setup is done but version may have changed.
nextjs-nestjs-api-dev  | api:dev:    Exit code 1
nextjs-nestjs-api-dev  | api:dev:    The API will perform a full version check on startup.
nextjs-nestjs-api-dev  | api:dev:    If a version mismatch is detected across the mesh,
nextjs-nestjs-api-dev  | api:dev:    the upgrade protocol will be triggered.
nextjs-nestjs-api-dev  | api:dev: ⏭️  All startup handled by v2 Sub-App Trigger Chain
nextjs-nestjs-api-dev  | api:dev: [entrypoint] SETUP_AUTO="true" SETUP_DATABASE_URL=unset (Phase 0 / wizard resolves the DB)
nextjs-nestjs-api-dev  | api:dev: 🚀 Starting API...
nextjs-nestjs-api-dev  | api:dev:    (Drizzle Studio skipped — no SETUP_DATABASE_URL, Phase 0 will handle setup)
nextjs-nestjs-api-dev  | api:dev: $ concurrently --raw --names vite,nest -c cyan,green "bun run dev:vite" "bun --bun --watch src/main"
nextjs-nestjs-api-dev  | api:dev: $ vite
nextjs-nestjs-api-dev  | api:dev: (!) Your Vite config uses features that are unsupported by `configLoader: 'native'`, which is planned to become the default in a future major version of Vite:
nextjs-nestjs-api-dev  | api:dev:   - ESM syntax in a file loaded as CommonJS (vite.config.ts:1:1). Use a `.mjs` extension or set `"type": "module"` in the closest package.json
nextjs-nestjs-api-dev  | api:dev: Set `VITE_CONFIG_NATIVE_IGNORE_WARNING=true` to suppress this warning.
nextjs-nestjs-api-dev  | api:dev: 
nextjs-nestjs-api-dev  | api:dev:   VITE v8.2.2  ready in 429 ms
nextjs-nestjs-api-dev  | api:dev: 
nextjs-nestjs-api-dev  | api:dev:   ➜  Local:   http://localhost:5173/
nextjs-nestjs-api-dev  | api:dev:   ➜  Network: use --host to expose
nextjs-nestjs-api-dev  | api:dev: 3:02:33 PM [vite] (client) [optimizer] bundling dependencies...
nextjs-nestjs-api-dev  | api:dev: [GatewayOrchestrator] 🚀 Gateway listening on port 3005
nextjs-nestjs-api-dev  | api:dev: [GatewayOrchestrator] ✅ Health endpoint self-test: health={"status":"ok","uptime":4.457191753}
nextjs-nestjs-api-dev  | api:dev: [32m[Nest] 212  - [39m09/07/2026, 3:02:35 PM [32m    LOG[39m [38;5;3m[NestFactory] [39m[32mStarting Nest application...[39m
nextjs-nestjs-api-dev  | api:dev: [32m[Nest] 212  - [39m09/07/2026, 3:02:35 PM [32m    LOG[39m [38;5;3m[LocalDatabaseModule] [39m[32mInitializing local SQLite database connection...[39m
nextjs-nestjs-api-dev  | api:dev: [32m[Nest] 212  - [39m09/07/2026, 3:02:35 PM [32m    LOG[39m [38;5;3m[LocalDatabaseModule] [39m[32mUsing local SQLite database path: /app/data/local.db[39m
nextjs-nestjs-api-dev  | api:dev: [32m[Nest] 212  - [39m09/07/2026, 3:02:35 PM [32m    LOG[39m [38;5;3m[LocalDatabaseModule] [39m[32mChecking migrations at: /app/apps/api/src/config/drizzle/local/migrations[39m
nextjs-nestjs-api-dev  | api:dev: [32m[Nest] 212  - [39m09/07/2026, 3:02:35 PM [32m    LOG[39m [38;5;3m[LocalDatabaseModule] [39m[32mFound 15 migration files: 0000_sour_king_cobra.sql, 0001_optimal_prowler.sql, 0002_add_node_config_strategy.sql, 0003_add_node_config_database_url.sql, 0004_violet_sandman.sql, 0005_absent_stark_industries.sql, 0006_add_mesh_shared_secret.sql, 0007_aberrant_sabra.sql, 0008_add_scan_config.sql, 0009_aspiring_secret_warriors.sql, 0010_rare_jazinda.sql, 0011_foamy_spirit.sql, 0012_cluster_node.sql, 0013_cluster_master_history.sql, 0014_cluster_nodes.sql[39m
nextjs-nestjs-api-dev  | api:dev: [32m[Nest] 212  - [39m09/07/2026, 3:02:35 PM [32m    LOG[39m [38;5;3m[LocalDatabaseModule] [39m[32mRunning migration: 0000_sour_king_cobra.sql[39m
nextjs-nestjs-api-dev  | api:dev: [32m[Nest] 212  - [39m09/07/2026, 3:02:35 PM [32m    LOG[39m [38;5;3m[LocalDatabaseModule] [39m[32mApplied local migration: 0000_sour_king_cobra.sql[39m
nextjs-nestjs-api-dev  | api:dev: [32m[Nest] 212  - [39m09/07/2026, 3:02:35 PM [32m    LOG[39m [38;5;3m[LocalDatabaseModule] [39m[32mRunning migration: 0001_optimal_prowler.sql[39m
nextjs-nestjs-api-dev  | api:dev: [32m[Nest] 212  - [39m09/07/2026, 3:02:35 PM [32m    LOG[39m [38;5;3m[LocalDatabaseModule] [39m[32mApplied local migration: 0001_optimal_prowler.sql[39m
nextjs-nestjs-api-dev  | api:dev: [32m[Nest] 212  - [39m09/07/2026, 3:02:35 PM [32m    LOG[39m [38;5;3m[LocalDatabaseModule] [39m[32mRunning migration: 0002_add_node_config_strategy.sql[39m
nextjs-nestjs-api-dev  | api:dev: [32m[Nest] 212  - [39m09/07/2026, 3:02:35 PM [32m    LOG[39m [38;5;3m[LocalDatabaseModule] [39m[32mApplied local migration: 0002_add_node_config_strategy.sql[39m
nextjs-nestjs-api-dev  | api:dev: [32m[Nest] 212  - [39m09/07/2026, 3:02:35 PM [32m    LOG[39m [38;5;3m[LocalDatabaseModule] [39m[32mRunning migration: 0003_add_node_config_database_url.sql[39m
nextjs-nestjs-api-dev  | api:dev: [32m[Nest] 212  - [39m09/07/2026, 3:02:35 PM [32m    LOG[39m [38;5;3m[LocalDatabaseModule] [39m[32mApplied local migration (no-op): 0003_add_node_config_database_url.sql[39m
nextjs-nestjs-api-dev  | api:dev: [32m[Nest] 212  - [39m09/07/2026, 3:02:35 PM [32m    LOG[39m [38;5;3m[LocalDatabaseModule] [39m[32mRunning migration: 0004_violet_sandman.sql[39m
nextjs-nestjs-api-dev  | api:dev: [32m[Nest] 212  - [39m09/07/2026, 3:02:35 PM [32m    LOG[39m [38;5;3m[LocalDatabaseModule] [39m[32mApplied local migration: 0004_violet_sandman.sql[39m
nextjs-nestjs-api-dev  | api:dev: [32m[Nest] 212  - [39m09/07/2026, 3:02:35 PM [32m    LOG[39m [38;5;3m[LocalDatabaseModule] [39m[32mRunning migration: 0005_absent_stark_industries.sql[39m
nextjs-nestjs-api-dev  | api:dev: [32m[Nest] 212  - [39m09/07/2026, 3:02:35 PM [32m    LOG[39m [38;5;3m[LocalDatabaseModule] [39m[32mApplied local migration: 0005_absent_stark_industries.sql[39m
nextjs-nestjs-api-dev  | api:dev: [32m[Nest] 212  - [39m09/07/2026, 3:02:35 PM [32m    LOG[39m [38;5;3m[LocalDatabaseModule] [39m[32mRunning migration: 0006_add_mesh_shared_secret.sql[39m
nextjs-nestjs-api-dev  | api:dev: [32m[Nest] 212  - [39m09/07/2026, 3:02:35 PM [32m    LOG[39m [38;5;3m[LocalDatabaseModule] [39m[32mApplied local migration: 0006_add_mesh_shared_secret.sql[39m
nextjs-nestjs-api-dev  | api:dev: [32m[Nest] 212  - [39m09/07/2026, 3:02:35 PM [32m    LOG[39m [38;5;3m[LocalDatabaseModule] [39m[32mRunning migration: 0007_aberrant_sabra.sql[39m
nextjs-nestjs-api-dev  | api:dev: [32m[Nest] 212  - [39m09/07/2026, 3:02:35 PM [32m    LOG[39m [38;5;3m[LocalDatabaseModule] [39m[32mApplied local migration: 0007_aberrant_sabra.sql[39m
nextjs-nestjs-api-dev  | api:dev: [32m[Nest] 212  - [39m09/07/2026, 3:02:35 PM [32m    LOG[39m [38;5;3m[LocalDatabaseModule] [39m[32mRunning migration: 0008_add_scan_config.sql[39m
nextjs-nestjs-api-dev  | api:dev: [32m[Nest] 212  - [39m09/07/2026, 3:02:35 PM [32m    LOG[39m [38;5;3m[LocalDatabaseModule] [39m[32mApplied local migration: 0008_add_scan_config.sql[39m
nextjs-nestjs-api-dev  | api:dev: [32m[Nest] 212  - [39m09/07/2026, 3:02:35 PM [32m    LOG[39m [38;5;3m[LocalDatabaseModule] [39m[32mRunning migration: 0009_aspiring_secret_warriors.sql[39m
nextjs-nestjs-api-dev  | api:dev: [32m[Nest] 212  - [39m09/07/2026, 3:02:35 PM [32m    LOG[39m [38;5;3m[LocalDatabaseModule] [39m[32mApplied local migration: 0009_aspiring_secret_warriors.sql[39m
nextjs-nestjs-api-dev  | api:dev: [32m[Nest] 212  - [39m09/07/2026, 3:02:35 PM [32m    LOG[39m [38;5;3m[LocalDatabaseModule] [39m[32mRunning migration: 0010_rare_jazinda.sql[39m
nextjs-nestjs-api-dev  | api:dev: [32m[Nest] 212  - [39m09/07/2026, 3:02:35 PM [32m    LOG[39m [38;5;3m[LocalDatabaseModule] [39m[32mApplied local migration: 0010_rare_jazinda.sql[39m
nextjs-nestjs-api-dev  | api:dev: [32m[Nest] 212  - [39m09/07/2026, 3:02:35 PM [32m    LOG[39m [38;5;3m[LocalDatabaseModule] [39m[32mRunning migration: 0011_foamy_spirit.sql[39m
nextjs-nestjs-api-dev  | api:dev: [32m[Nest] 212  - [39m09/07/2026, 3:02:35 PM [32m    LOG[39m [38;5;3m[LocalDatabaseModule] [39m[32mApplied local migration: 0011_foamy_spirit.sql[39m
nextjs-nestjs-api-dev  | api:dev: [32m[Nest] 212  - [39m09/07/2026, 3:02:35 PM [32m    LOG[39m [38;5;3m[LocalDatabaseModule] [39m[32mRunning migration: 0012_cluster_node.sql[39m
nextjs-nestjs-api-dev  | api:dev: [32m[Nest] 212  - [39m09/07/2026, 3:02:35 PM [32m    LOG[39m [38;5;3m[LocalDatabaseModule] [39m[32mApplied local migration: 0012_cluster_node.sql[39m
nextjs-nestjs-api-dev  | api:dev: [32m[Nest] 212  - [39m09/07/2026, 3:02:35 PM [32m    LOG[39m [38;5;3m[LocalDatabaseModule] [39m[32mRunning migration: 0013_cluster_master_history.sql[39m
nextjs-nestjs-api-dev  | api:dev: [32m[Nest] 212  - [39m09/07/2026, 3:02:35 PM [32m    LOG[39m [38;5;3m[LocalDatabaseModule] [39m[32mApplied local migration: 0013_cluster_master_history.sql[39m
nextjs-nestjs-api-dev  | api:dev: [32m[Nest] 212  - [39m09/07/2026, 3:02:35 PM [32m    LOG[39m [38;5;3m[LocalDatabaseModule] [39m[32mRunning migration: 0014_cluster_nodes.sql[39m
nextjs-nestjs-api-dev  | api:dev: [32m[Nest] 212  - [39m09/07/2026, 3:02:35 PM [32m    LOG[39m [38;5;3m[LocalDatabaseModule] [39m[32mApplied local migration: 0014_cluster_nodes.sql[39m
nextjs-nestjs-api-dev  | api:dev: [32m[Nest] 212  - [39m09/07/2026, 3:02:35 PM [32m    LOG[39m [38;5;3m[InstanceLoader] [39m[32mAppLifecycleModule dependencies initialized[39m[38;5;3m +10ms[39m
nextjs-nestjs-api-dev  | api:dev: [32m[Nest] 212  - [39m09/07/2026, 3:02:35 PM [32m    LOG[39m [38;5;3m[InstanceLoader] [39m[32mSupervisorsModule dependencies initialized[39m[38;5;3m +0ms[39m
nextjs-nestjs-api-dev  | api:dev: [32m[Nest] 212  - [39m09/07/2026, 3:02:35 PM [32m    LOG[39m [38;5;3m[traefikEventService] [39m[32mTraefikEventService initialized[39m
nextjs-nestjs-api-dev  | api:dev: [32m[Nest] 212  - [39m09/07/2026, 3:02:35 PM [32m    LOG[39m [38;5;3m[InstanceLoader] [39m[32mConfigHostModule dependencies initialized[39m[38;5;3m +2ms[39m
nextjs-nestjs-api-dev  | api:dev: [32m[Nest] 212  - [39m09/07/2026, 3:02:35 PM [32m    LOG[39m [38;5;3m[InstanceLoader] [39m[32mLocalDatabaseModule dependencies initialized[39m[38;5;3m +0ms[39m
nextjs-nestjs-api-dev  | api:dev: [32m[Nest] 212  - [39m09/07/2026, 3:02:35 PM [32m    LOG[39m [38;5;3m[EnvService] [39m[32mEnvService constructor called. ConfigService available: true[39m
nextjs-nestjs-api-dev  | api:dev: [32m[Nest] 212  - [39m09/07/2026, 3:02:35 PM [32m    LOG[39m [38;5;3m[InstanceLoader] [39m[32mConfigModule dependencies initialized[39m[38;5;3m +4ms[39m
nextjs-nestjs-api-dev  | api:dev: [32m[Nest] 212  - [39m09/07/2026, 3:02:35 PM [32m    LOG[39m [38;5;3m[DockerService] [39m[32mDocker socket found - mode: 140660, uid: 0, gid: 984[39m
nextjs-nestjs-api-dev  | api:dev: [32m[Nest] 212  - [39m09/07/2026, 3:02:35 PM [32m    LOG[39m [38;5;3m[DockerService] [39m[32mConfigured Docker client via DOCKER_HOST unix socket (/var/run/docker.sock)[39m
nextjs-nestjs-api-dev  | api:dev: [32m[Nest] 212  - [39m09/07/2026, 3:02:35 PM [32m    LOG[39m [38;5;3m[GlobalDatabaseModule] [39m[32m📦 Compose-managed global DB (MANAGED_GLOBAL_DB_ENABLED=true) — creating shared pool from env[39m
nextjs-nestjs-api-dev  | api:dev: [32m[Nest] 212  - [39m09/07/2026, 3:02:35 PM [32m    LOG[39m [38;5;3m[InstanceLoader] [39m[32mRouterModule dependencies initialized[39m[38;5;3m +1ms[39m
nextjs-nestjs-api-dev  | api:dev: [32m[Nest] 212  - [39m09/07/2026, 3:02:35 PM [32m    LOG[39m [38;5;3m[InstanceLoader] [39m[32mEnvModule dependencies initialized[39m[38;5;3m +0ms[39m
nextjs-nestjs-api-dev  | api:dev: [32m[Nest] 212  - [39m09/07/2026, 3:02:35 PM [32m    LOG[39m [38;5;3m[InstanceLoader] [39m[32mDatabaseModule dependencies initialized[39m[38;5;3m +0ms[39m
nextjs-nestjs-api-dev  | api:dev: [32m[Nest] 212  - [39m09/07/2026, 3:02:35 PM [32m    LOG[39m [38;5;3m[InstanceLoader] [39m[32mCoreDockerModule dependencies initialized[39m[38;5;3m +17ms[39m
nextjs-nestjs-api-dev  | api:dev: [32m[Nest] 212  - [39m09/07/2026, 3:02:35 PM [32m    LOG[39m [38;5;3m[InstanceLoader] [39m[32mGlobalDatabaseModule dependencies initialized[39m[38;5;3m +1ms[39m
nextjs-nestjs-api-dev  | api:dev: [32m[Nest] 212  - [39m09/07/2026, 3:02:35 PM [32m    LOG[39m [38;5;3m[InstanceLoader] [39m[32mEventsModule dependencies initialized[39m[38;5;3m +3ms[39m
nextjs-nestjs-api-dev  | api:dev: [32m[Nest] 212  - [39m09/07/2026, 3:02:35 PM [32m    LOG[39m [38;5;3m[InstanceLoader] [39m[32mCorePlatformIngressModule dependencies initialized[39m[38;5;3m +0ms[39m
nextjs-nestjs-api-dev  | api:dev: [32m[Nest] 212  - [39m09/07/2026, 3:02:35 PM [32m    LOG[39m [38;5;3m[InstanceLoader] [39m[32mSupervisorsDatabaseModule dependencies initialized[39m[38;5;3m +1ms[39m
nextjs-nestjs-api-dev  | api:dev: [32m[Nest] 212  - [39m09/07/2026, 3:02:35 PM [32m    LOG[39m [38;5;3m[InstanceLoader] [39m[32mTraefikCoreModule dependencies initialized[39m[38;5;3m +0ms[39m
nextjs-nestjs-api-dev  | api:dev: [32m[Nest] 212  - [39m09/07/2026, 3:02:35 PM [32m    LOG[39m [38;5;3m[InstanceLoader] [39m[32mOrchestrationModule dependencies initialized[39m[38;5;3m +0ms[39m
nextjs-nestjs-api-dev  | api:dev: [32m[Nest] 212  - [39m09/07/2026, 3:02:35 PM [32m    LOG[39m [38;5;3m[InstanceLoader] [39m[32mSupervisorsPlatformModule dependencies initialized[39m[38;5;3m +0ms[39m
nextjs-nestjs-api-dev  | api:dev: [32m[Nest] 212  - [39m09/07/2026, 3:02:35 PM [32m    LOG[39m [38;5;3m[RoutesResolver] [39m[32mRouterController {/}:[39m[38;5;3m +12ms[39m
nextjs-nestjs-api-dev  | api:dev: [32m[Nest] 212  - [39m09/07/2026, 3:02:35 PM [32m    LOG[39m [38;5;3m[RouterExplorer] [39m[32mMapped {/*, ALL} route[39m[38;5;3m +10ms[39m
nextjs-nestjs-api-dev  | api:dev: [32m[Nest] 212  - [39m09/07/2026, 3:02:35 PM [32m    LOG[39m [38;5;3m[GlobalDbSupervisorService] [39m[32mCompose-managed global DB detected (MANAGED_GLOBAL_DB_ENABLED=true) — supervisor skipped (not registered)[39m
nextjs-nestjs-api-dev  | api:dev: [32m[Nest] 212  - [39m09/07/2026, 3:02:35 PM [32m    LOG[39m [38;5;3m[LocalDbSupervisorService] [39m[32mCompose-managed local DB detected (MANAGED_LOCAL_DB_ENABLED=true) — supervisor skipped[39m
nextjs-nestjs-api-dev  | api:dev: [32m[Nest] 212  - [39m09/07/2026, 3:02:35 PM [32m    LOG[39m [38;5;3m[DatabaseServiceSupervisorService] [39m[32mExternally-managed database service detected (MANAGED_DATABASE_ENABLED=true) — supervisor skipped[39m
nextjs-nestjs-api-dev  | api:dev: [32m[Nest] 212  - [39m09/07/2026, 3:02:35 PM [32m    LOG[39m [38;5;3m[TraefikSupervisorService] [39m[32mExternally-managed Traefik detected (MANAGED_TRAEFIK_ENABLED=true) — supervisor skipped (not registered)[39m
nextjs-nestjs-api-dev  | api:dev: [32m[Nest] 212  - [39m09/07/2026, 3:02:35 PM [32m    LOG[39m [38;5;3m[SupervisorOrchestratorService] [39m[32mRegistered supervisor "platform-managed-web" (ManagedWebSupervisorService)[39m
nextjs-nestjs-api-dev  | api:dev: [32m[Nest] 212  - [39m09/07/2026, 3:02:35 PM [32m    LOG[39m [38;5;3m[SupervisorOrchestratorService] [39m[32mRegistered supervisor "platform-direct-port-proxy" (DirectPortProxySupervisorService)[39m
nextjs-nestjs-api-dev  | api:dev: [32m[Nest] 212  - [39m09/07/2026, 3:02:35 PM [32m    LOG[39m [38;5;3m[RedisSupervisorService] [39m[32mCompose-managed Redis detected (MANAGED_REDIS_ENABLED=true) — supervisor skipped (not registered)[39m
nextjs-nestjs-api-dev  | api:dev: [32m[Nest] 212  - [39m09/07/2026, 3:02:35 PM [32m    LOG[39m [38;5;3m[WireGuardSupervisorService] [39m[32mExternally-managed WireGuard detected (MANAGED_WIREGUARD_ENABLED=true) — supervisor skipped (compose owns the sidecar)[39m
nextjs-nestjs-api-dev  | api:dev: [32m[Nest] 212  - [39m09/07/2026, 3:02:35 PM [32m    LOG[39m [38;5;3m[OrchestratorService] [39m[32m🚀 Orchestrator starting sub-app pipeline…[39m
nextjs-nestjs-api-dev  | api:dev: [32m[Nest] 212  - [39m09/07/2026, 3:02:35 PM [32m    LOG[39m [38;5;3m[OrchestratorService] [39m[32m[ProvisioningPolicy] mode=compose_managed dbSource=compose providedUrl=yes expectsWizard=true admin=always fatalIfUnreachable=true[39m
nextjs-nestjs-api-dev  | api:dev: [32m[Nest] 212  - [39m09/07/2026, 3:02:35 PM [32m    LOG[39m [38;5;3m[OrchestratorService] [39m[32m⚡ Resolving database URL…[39m
nextjs-nestjs-api-dev  | api:dev: [32m[Nest] 212  - [39m09/07/2026, 3:02:35 PM [32m    LOG[39m [38;5;3m[NestFactory] [39m[32mStarting Nest application...[39m[38;5;3m +1ms[39m
nextjs-nestjs-api-dev  | api:dev: [32m[Nest] 212  - [39m09/07/2026, 3:02:35 PM [32m    LOG[39m [38;5;3m[LocalDatabaseModule] [39m[32mInitializing local SQLite database connection...[39m
nextjs-nestjs-api-dev  | api:dev: [32m[Nest] 212  - [39m09/07/2026, 3:02:35 PM [32m    LOG[39m [38;5;3m[LocalDatabaseModule] [39m[32mUsing local SQLite database path: /app/data/local.db[39m
nextjs-nestjs-api-dev  | api:dev: [32m[Nest] 212  - [39m09/07/2026, 3:02:35 PM [32m    LOG[39m [38;5;3m[LocalDatabaseModule] [39m[32mChecking migrations at: /app/apps/api/src/config/drizzle/local/migrations[39m
nextjs-nestjs-api-dev  | api:dev: [32m[Nest] 212  - [39m09/07/2026, 3:02:35 PM [32m    LOG[39m [38;5;3m[LocalDatabaseModule] [39m[32mFound 15 migration files: 0000_sour_king_cobra.sql, 0001_optimal_prowler.sql, 0002_add_node_config_strategy.sql, 0003_add_node_config_database_url.sql, 0004_violet_sandman.sql, 0005_absent_stark_industries.sql, 0006_add_mesh_shared_secret.sql, 0007_aberrant_sabra.sql, 0008_add_scan_config.sql, 0009_aspiring_secret_warriors.sql, 0010_rare_jazinda.sql, 0011_foamy_spirit.sql, 0012_cluster_node.sql, 0013_cluster_master_history.sql, 0014_cluster_nodes.sql[39m
nextjs-nestjs-api-dev  | api:dev: [32m[Nest] 212  - [39m09/07/2026, 3:02:35 PM [32m    LOG[39m [38;5;3m[LocalDatabaseModule] [39m[32mSkipping already-applied migration: 0000_sour_king_cobra.sql[39m
nextjs-nestjs-api-dev  | api:dev: [32m[Nest] 212  - [39m09/07/2026, 3:02:35 PM [32m    LOG[39m [38;5;3m[LocalDatabaseModule] [39m[32mSkipping already-applied migration: 0001_optimal_prowler.sql[39m
nextjs-nestjs-api-dev  | api:dev: [32m[Nest] 212  - [39m09/07/2026, 3:02:35 PM [32m    LOG[39m [38;5;3m[LocalDatabaseModule] [39m[32mSkipping already-applied migration: 0002_add_node_config_strategy.sql[39m
nextjs-nestjs-api-dev  | api:dev: [32m[Nest] 212  - [39m09/07/2026, 3:02:35 PM [32m    LOG[39m [38;5;3m[LocalDatabaseModule] [39m[32mSkipping already-applied migration: 0003_add_node_config_database_url.sql[39m
nextjs-nestjs-api-dev  | api:dev: [32m[Nest] 212  - [39m09/07/2026, 3:02:35 PM [32m    LOG[39m [38;5;3m[LocalDatabaseModule] [39m[32mSkipping already-applied migration: 0004_violet_sandman.sql[39m
nextjs-nestjs-api-dev  | api:dev: [32m[Nest] 212  - [39m09/07/2026, 3:02:35 PM [32m    LOG[39m [38;5;3m[LocalDatabaseModule] [39m[32mSkipping already-applied migration: 0005_absent_stark_industries.sql[39m
nextjs-nestjs-api-dev  | api:dev: [32m[Nest] 212  - [39m09/07/2026, 3:02:35 PM [32m    LOG[39m [38;5;3m[LocalDatabaseModule] [39m[32mSkipping already-applied migration: 0006_add_mesh_shared_secret.sql[39m
nextjs-nestjs-api-dev  | api:dev: [32m[Nest] 212  - [39m09/07/2026, 3:02:35 PM [32m    LOG[39m [38;5;3m[LocalDatabaseModule] [39m[32mSkipping already-applied migration: 0007_aberrant_sabra.sql[39m
nextjs-nestjs-api-dev  | api:dev: [32m[Nest] 212  - [39m09/07/2026, 3:02:35 PM [32m    LOG[39m [38;5;3m[LocalDatabaseModule] [39m[32mSkipping already-applied migration: 0008_add_scan_config.sql[39m
nextjs-nestjs-api-dev  | api:dev: [32m[Nest] 212  - [39m09/07/2026, 3:02:35 PM [32m    LOG[39m [38;5;3m[LocalDatabaseModule] [39m[32mSkipping already-applied migration: 0009_aspiring_secret_warriors.sql[39m
nextjs-nestjs-api-dev  | api:dev: [32m[Nest] 212  - [39m09/07/2026, 3:02:35 PM [32m    LOG[39m [38;5;3m[LocalDatabaseModule] [39m[32mSkipping already-applied migration: 0010_rare_jazinda.sql[39m
nextjs-nestjs-api-dev  | api:dev: [32m[Nest] 212  - [39m09/07/2026, 3:02:35 PM [32m    LOG[39m [38;5;3m[LocalDatabaseModule] [39m[32mSkipping already-applied migration: 0011_foamy_spirit.sql[39m
nextjs-nestjs-api-dev  | api:dev: [32m[Nest] 212  - [39m09/07/2026, 3:02:35 PM [32m    LOG[39m [38;5;3m[LocalDatabaseModule] [39m[32mSkipping already-applied migration: 0012_cluster_node.sql[39m
nextjs-nestjs-api-dev  | api:dev: [32m[Nest] 212  - [39m09/07/2026, 3:02:35 PM [32m    LOG[39m [38;5;3m[LocalDatabaseModule] [39m[32mSkipping already-applied migration: 0013_cluster_master_history.sql[39m
nextjs-nestjs-api-dev  | api:dev: [32m[Nest] 212  - [39m09/07/2026, 3:02:35 PM [32m    LOG[39m [38;5;3m[LocalDatabaseModule] [39m[32mSkipping already-applied migration: 0014_cluster_nodes.sql[39m
nextjs-nestjs-api-dev  | api:dev: [32m[Nest] 212  - [39m09/07/2026, 3:02:35 PM [32m    LOG[39m [38;5;3m[InstanceLoader] [39m[32mLocalDatabaseModule dependencies initialized[39m[38;5;3m +1ms[39m
nextjs-nestjs-api-dev  | api:dev: [32m[Nest] 212  - [39m09/07/2026, 3:02:35 PM [32m    LOG[39m [38;5;3m[InstanceLoader] [39m[32mConfigHostModule dependencies initialized[39m[38;5;3m +0ms[39m
nextjs-nestjs-api-dev  | api:dev: [32m[Nest] 212  - [39m09/07/2026, 3:02:35 PM [32m    LOG[39m [38;5;3m[EnvService] [39m[32mEnvService constructor called. ConfigService available: true[39m
nextjs-nestjs-api-dev  | api:dev: [32m[Nest] 212  - [39m09/07/2026, 3:02:35 PM [32m    LOG[39m [38;5;3m[InstanceLoader] [39m[32mConfigModule dependencies initialized[39m[38;5;3m +2ms[39m
nextjs-nestjs-api-dev  | api:dev: [32m[Nest] 212  - [39m09/07/2026, 3:02:35 PM [32m    LOG[39m [38;5;3m[InstanceLoader] [39m[32mEnvModule dependencies initialized[39m[38;5;3m +1ms[39m
nextjs-nestjs-api-dev  | api:dev: [32m[Nest] 212  - [39m09/07/2026, 3:02:35 PM [32m    LOG[39m [38;5;3m[InstanceLoader] [39m[32mSetupDevModule dependencies initialized[39m[38;5;3m +0ms[39m
nextjs-nestjs-api-dev  | api:dev: [32m[Nest] 212  - [39m09/07/2026, 3:02:35 PM [32m    LOG[39m [38;5;3m[SetupDevService] [39m[32m[ProvisioningPolicy] mode=compose_managed dbSource=compose providedUrl=yes expectsWizard=true admin=always fatalIfUnreachable=true[39m
nextjs-nestjs-api-dev  | api:dev: [32m[Nest] 212  - [39m09/07/2026, 3:02:35 PM [32m    LOG[39m [38;5;3m[SetupDevService] [39m[32m🔧 Dev bootstrap: injecting config from environment if needed…[39m
nextjs-nestjs-api-dev  | api:dev: [32m[Nest] 212  - [39m09/07/2026, 3:02:35 PM [32m    LOG[39m [38;5;3m[SetupDevService] [39m[32m✅ Compose-managed global DB URL persisted as SETUP CANDIDATE — setup (migrations + admin) still runs against it[39m
nextjs-nestjs-api-dev  | api:dev: [32m[Nest] 212  - [39m09/07/2026, 3:02:35 PM [32m    LOG[39m [38;5;3m[OrchestratorService] [39m[32m✅ Database URL resolved[39m
nextjs-nestjs-api-dev  | api:dev: [33m[Nest] 212  - [39m09/07/2026, 3:02:35 PM [33m   WARN[39m [38;5;3m[TraefikPlatformConfigService] [39m[33mPlatform routes unavailable at boot (global DB not ready yet?) — skipping domain family: Failed query: select "node_id", "public_address", "address_kind", "tunnel_enabled", "tunnel_provider_id", "tunnel_id", "tunnel_hostname", "updated_at" from "node_network_config" limit $1
nextjs-nestjs-api-dev  | api:dev: params: 1[39m
nextjs-nestjs-api-dev  | api:dev: [33m[Nest] 212  - [39m09/07/2026, 3:02:35 PM [33m   WARN[39m [38;5;3m[TraefikPlatformConfigService] [39m[33mPer-service Traefik config sync skipped: Failed query: select "id", "service_id", "domain", "subdomain", "full_domain", "ssl_enabled", "ssl_provider", "path_prefix", "port", "middleware", "health_check", "is_active", "config_content", "last_synced_at", "created_at", "updated_at" from "traefik_service_configs" where "traefik_service_configs"."is_active" = $1 order by "traefik_service_configs"."created_at" desc
nextjs-nestjs-api-dev  | api:dev: params: true[39m
nextjs-nestjs-api-dev  | api:dev: [32m[Nest] 212  - [39m09/07/2026, 3:02:35 PM [32m    LOG[39m [38;5;3m[OrchestratorService] [39m[32m✅ Platform ingress config published at boot[39m
nextjs-nestjs-api-dev  | api:dev: [33m[Nest] 212  - [39m09/07/2026, 3:02:35 PM [33m   WARN[39m [38;5;3m[OrchestratorService] [39m[33m⚠️  Local SQLite has databaseUrl but setupState is not setup_done — attempting heal[39m
nextjs-nestjs-api-dev  | api:dev: [33m[Nest] 212  - [39m09/07/2026, 3:02:35 PM [33m   WARN[39m [38;5;3m[OrchestratorService] [39m[33mGlobal DB is empty — cannot heal, setup was never completed[39m
nextjs-nestjs-api-dev  | api:dev: [32m[Nest] 212  - [39m09/07/2026, 3:02:35 PM [32m    LOG[39m [38;5;3m[OrchestratorService] [39m[32m⏳ Cannot heal from global DB — starting setup wizard[39m
nextjs-nestjs-api-dev  | api:dev: [32m[Nest] 212  - [39m09/07/2026, 3:02:35 PM [32m    LOG[39m [38;5;3m[OrchestratorService] [39m[32m▶️ Starting setup-wizard (port 3010)…[39m
nextjs-nestjs-api-dev  | api:dev: [32m[Nest] 212  - [39m09/07/2026, 3:02:35 PM [32m    LOG[39m [38;5;3m[SubAppRunner:setup-wizard] [39m[32mStarting sub-app "setup-wizard" on port 3010...[39m
nextjs-nestjs-api-dev  | api:dev: [32m[Nest] 212  - [39m09/07/2026, 3:02:35 PM [32m    LOG[39m [38;5;3m[NestFactory] [39m[32mStarting Nest application...[39m[38;5;3m +1ms[39m
nextjs-nestjs-api-dev  | api:dev: [32m[Nest] 212  - [39m09/07/2026, 3:02:35 PM [32m    LOG[39m [38;5;3m[LocalDatabaseModule] [39m[32mInitializing local SQLite database connection...[39m
nextjs-nestjs-api-dev  | api:dev: [32m[Nest] 212  - [39m09/07/2026, 3:02:35 PM [32m    LOG[39m [38;5;3m[LocalDatabaseModule] [39m[32mUsing local SQLite database path: /app/data/local.db[39m
nextjs-nestjs-api-dev  | api:dev: [32m[Nest] 212  - [39m09/07/2026, 3:02:35 PM [32m    LOG[39m [38;5;3m[LocalDatabaseModule] [39m[32mChecking migrations at: /app/apps/api/src/config/drizzle/local/migrations[39m
nextjs-nestjs-api-dev  | api:dev: [32m[Nest] 212  - [39m09/07/2026, 3:02:35 PM [32m    LOG[39m [38;5;3m[LocalDatabaseModule] [39m[32mFound 15 migration files: 0000_sour_king_cobra.sql, 0001_optimal_prowler.sql, 0002_add_node_config_strategy.sql, 0003_add_node_config_database_url.sql, 0004_violet_sandman.sql, 0005_absent_stark_industries.sql, 0006_add_mesh_shared_secret.sql, 0007_aberrant_sabra.sql, 0008_add_scan_config.sql, 0009_aspiring_secret_warriors.sql, 0010_rare_jazinda.sql, 0011_foamy_spirit.sql, 0012_cluster_node.sql, 0013_cluster_master_history.sql, 0014_cluster_nodes.sql[39m
nextjs-nestjs-api-dev  | api:dev: [32m[Nest] 212  - [39m09/07/2026, 3:02:35 PM [32m    LOG[39m [38;5;3m[LocalDatabaseModule] [39m[32mSkipping already-applied migration: 0000_sour_king_cobra.sql[39m
nextjs-nestjs-api-dev  | api:dev: [32m[Nest] 212  - [39m09/07/2026, 3:02:35 PM [32m    LOG[39m [38;5;3m[LocalDatabaseModule] [39m[32mSkipping already-applied migration: 0001_optimal_prowler.sql[39m
nextjs-nestjs-api-dev  | api:dev: [32m[Nest] 212  - [39m09/07/2026, 3:02:35 PM [32m    LOG[39m [38;5;3m[LocalDatabaseModule] [39m[32mSkipping already-applied migration: 0002_add_node_config_strategy.sql[39m
nextjs-nestjs-api-dev  | api:dev: [32m[Nest] 212  - [39m09/07/2026, 3:02:35 PM [32m    LOG[39m [38;5;3m[LocalDatabaseModule] [39m[32mSkipping already-applied migration: 0003_add_node_config_database_url.sql[39m
nextjs-nestjs-api-dev  | api:dev: [32m[Nest] 212  - [39m09/07/2026, 3:02:35 PM [32m    LOG[39m [38;5;3m[LocalDatabaseModule] [39m[32mSkipping already-applied migration: 0004_violet_sandman.sql[39m
nextjs-nestjs-api-dev  | api:dev: [32m[Nest] 212  - [39m09/07/2026, 3:02:35 PM [32m    LOG[39m [38;5;3m[LocalDatabaseModule] [39m[32mSkipping already-applied migration: 0005_absent_stark_industries.sql[39m
nextjs-nestjs-api-dev  | api:dev: [32m[Nest] 212  - [39m09/07/2026, 3:02:35 PM [32m    LOG[39m [38;5;3m[LocalDatabaseModule] [39m[32mSkipping already-applied migration: 0006_add_mesh_shared_secret.sql[39m
nextjs-nestjs-api-dev  | api:dev: [32m[Nest] 212  - [39m09/07/2026, 3:02:35 PM [32m    LOG[39m [38;5;3m[LocalDatabaseModule] [39m[32mSkipping already-applied migration: 0007_aberrant_sabra.sql[39m
nextjs-nestjs-api-dev  | api:dev: [32m[Nest] 212  - [39m09/07/2026, 3:02:35 PM [32m    LOG[39m [38;5;3m[LocalDatabaseModule] [39m[32mSkipping already-applied migration: 0008_add_scan_config.sql[39m
nextjs-nestjs-api-dev  | api:dev: [32m[Nest] 212  - [39m09/07/2026, 3:02:35 PM [32m    LOG[39m [38;5;3m[LocalDatabaseModule] [39m[32mSkipping already-applied migration: 0009_aspiring_secret_warriors.sql[39m
nextjs-nestjs-api-dev  | api:dev: [32m[Nest] 212  - [39m09/07/2026, 3:02:35 PM [32m    LOG[39m [38;5;3m[LocalDatabaseModule] [39m[32mSkipping already-applied migration: 0010_rare_jazinda.sql[39m
nextjs-nestjs-api-dev  | api:dev: [32m[Nest] 212  - [39m09/07/2026, 3:02:35 PM [32m    LOG[39m [38;5;3m[LocalDatabaseModule] [39m[32mSkipping already-applied migration: 0011_foamy_spirit.sql[39m
nextjs-nestjs-api-dev  | api:dev: [32m[Nest] 212  - [39m09/07/2026, 3:02:35 PM [32m    LOG[39m [38;5;3m[LocalDatabaseModule] [39m[32mSkipping already-applied migration: 0012_cluster_node.sql[39m
nextjs-nestjs-api-dev  | api:dev: [32m[Nest] 212  - [39m09/07/2026, 3:02:35 PM [32m    LOG[39m [38;5;3m[LocalDatabaseModule] [39m[32mSkipping already-applied migration: 0013_cluster_master_history.sql[39m
nextjs-nestjs-api-dev  | api:dev: [32m[Nest] 212  - [39m09/07/2026, 3:02:35 PM [32m    LOG[39m [38;5;3m[LocalDatabaseModule] [39m[32mSkipping already-applied migration: 0014_cluster_nodes.sql[39m
nextjs-nestjs-api-dev  | api:dev: [32m[Nest] 212  - [39m09/07/2026, 3:02:35 PM [32m    LOG[39m [38;5;3m[InstanceLoader] [39m[32mSetupSubAppModule dependencies initialized[39m[38;5;3m +3ms[39m
nextjs-nestjs-api-dev  | api:dev: [32m[Nest] 212  - [39m09/07/2026, 3:02:35 PM [32m    LOG[39m [38;5;3m[InstanceLoader] [39m[32mMeshInitializationModule dependencies initialized[39m[38;5;3m +0ms[39m
nextjs-nestjs-api-dev  | api:dev: [32m[Nest] 212  - [39m09/07/2026, 3:02:35 PM [32m    LOG[39m [38;5;3m[InstanceLoader] [39m[32mAppLifecycleModule dependencies initialized[39m[38;5;3m +0ms[39m
nextjs-nestjs-api-dev  | api:dev: [32m[Nest] 212  - [39m09/07/2026, 3:02:35 PM [32m    LOG[39m [38;5;3m[InstanceLoader] [39m[32mConfigHostModule dependencies initialized[39m[38;5;3m +1ms[39m
nextjs-nestjs-api-dev  | api:dev: [32m[Nest] 212  - [39m09/07/2026, 3:02:35 PM [32m    LOG[39m [38;5;3m[InstanceLoader] [39m[32mLocalDatabaseModule dependencies initialized[39m[38;5;3m +0ms[39m
nextjs-nestjs-api-dev  | api:dev: [32m[Nest] 212  - [39m09/07/2026, 3:02:35 PM [32m    LOG[39m [38;5;3m[EnvService] [39m[32mEnvService constructor called. ConfigService available: true[39m
nextjs-nestjs-api-dev  | api:dev: [32m[Nest] 212  - [39m09/07/2026, 3:02:35 PM [32m    LOG[39m [38;5;3m[InstanceLoader] [39m[32mConfigModule dependencies initialized[39m[38;5;3m +1ms[39m
nextjs-nestjs-api-dev  | api:dev: [32m[Nest] 212  - [39m09/07/2026, 3:02:35 PM [32m    LOG[39m [38;5;3m[DockerService] [39m[32mDocker socket found - mode: 140660, uid: 0, gid: 984[39m
nextjs-nestjs-api-dev  | api:dev: [32m[Nest] 212  - [39m09/07/2026, 3:02:35 PM [32m    LOG[39m [38;5;3m[DockerService] [39m[32mConfigured Docker client via DOCKER_HOST unix socket (/var/run/docker.sock)[39m
nextjs-nestjs-api-dev  | api:dev: [32m[Nest] 212  - [39m09/07/2026, 3:02:35 PM [32m    LOG[39m [38;5;3m[GlobalDatabaseModule] [39m[32m📦 Compose-managed global DB (MANAGED_GLOBAL_DB_ENABLED=true) — creating shared pool from env[39m
nextjs-nestjs-api-dev  | api:dev: [32m[Nest] 212  - [39m09/07/2026, 3:02:35 PM [32m    LOG[39m [38;5;3m[InstanceLoader] [39m[32mEnvModule dependencies initialized[39m[38;5;3m +0ms[39m
nextjs-nestjs-api-dev  | api:dev: [32m[Nest] 212  - [39m09/07/2026, 3:02:35 PM [32m    LOG[39m [38;5;3m[InstanceLoader] [39m[32mDatabaseModule dependencies initialized[39m[38;5;3m +0ms[39m
nextjs-nestjs-api-dev  | api:dev: [32m[Nest] 212  - [39m09/07/2026, 3:02:35 PM [32m    LOG[39m [38;5;3m[InstanceLoader] [39m[32mCoreDockerModule dependencies initialized[39m[38;5;3m +5ms[39m
nextjs-nestjs-api-dev  | api:dev: [32m[Nest] 212  - [39m09/07/2026, 3:02:35 PM [32m    LOG[39m [38;5;3m[InstanceLoader] [39m[32mGlobalDatabaseModule dependencies initialized[39m[38;5;3m +0ms[39m
nextjs-nestjs-api-dev  | api:dev: [32m[Nest] 212  - [39m09/07/2026, 3:02:35 PM [32m    LOG[39m [38;5;3m[InstanceLoader] [39m[32mEventsModule dependencies initialized[39m[38;5;3m +1ms[39m
nextjs-nestjs-api-dev  | api:dev: [32m[Nest] 212  - [39m09/07/2026, 3:02:35 PM [32m    LOG[39m [38;5;3m[InstanceLoader] [39m[32mCoreReachabilityModule dependencies initialized[39m[38;5;3m +0ms[39m
nextjs-nestjs-api-dev  | api:dev: [32m[Nest] 212  - [39m09/07/2026, 3:02:35 PM [32m    LOG[39m [38;5;3m[InstanceLoader] [39m[32mCoreInitializationModule dependencies initialized[39m[38;5;3m +0ms[39m
nextjs-nestjs-api-dev  | api:dev: [32m[Nest] 212  - [39m09/07/2026, 3:02:35 PM [32m    LOG[39m [38;5;3m[InstanceLoader] [39m[32mSetupModule dependencies initialized[39m[38;5;3m +0ms[39m
nextjs-nestjs-api-dev  | api:dev: [32m[Nest] 212  - [39m09/07/2026, 3:02:35 PM [32m    LOG[39m [38;5;3m[RoutesResolver] [39m[32mSetupController {/}:[39m[38;5;3m +6ms[39m
nextjs-nestjs-api-dev  | api:dev: [32m[Nest] 212  - [39m09/07/2026, 3:02:35 PM [32m    LOG[39m [38;5;3m[RouterExplorer] [39m[32mMapped {/setup/state, GET} route[39m[38;5;3m +1ms[39m
nextjs-nestjs-api-dev  | api:dev: [32m[Nest] 212  - [39m09/07/2026, 3:02:35 PM [32m    LOG[39m [38;5;3m[RouterExplorer] [39m[32mMapped {/setup/node-status, GET} route[39m[38;5;3m +0ms[39m
nextjs-nestjs-api-dev  | api:dev: [32m[Nest] 212  - [39m09/07/2026, 3:02:35 PM [32m    LOG[39m [38;5;3m[RouterExplorer] [39m[32mMapped {/setup/probe/database, POST} route[39m[38;5;3m +1ms[39m
nextjs-nestjs-api-dev  | api:dev: [32m[Nest] 212  - [39m09/07/2026, 3:02:35 PM [32m    LOG[39m [38;5;3m[RouterExplorer] [39m[32mMapped {/setup/probe/mesh, POST} route[39m[38;5;3m +0ms[39m
nextjs-nestjs-api-dev  | api:dev: [32m[Nest] 212  - [39m09/07/2026, 3:02:35 PM [32m    LOG[39m [38;5;3m[RouterExplorer] [39m[32mMapped {/setup/remote/auth, POST} route[39m[38;5;3m +0ms[39m
nextjs-nestjs-api-dev  | api:dev: [32m[Nest] 212  - [39m09/07/2026, 3:02:35 PM [32m    LOG[39m [38;5;3m[RouterExplorer] [39m[32mMapped {/setup/trigger, POST} route[39m[38;5;3m +0ms[39m
nextjs-nestjs-api-dev  | api:dev: [32m[Nest] 212  - [39m09/07/2026, 3:02:35 PM [32m    LOG[39m [38;5;3m[RouterExplorer] [39m[32mMapped {/setup/stream, GET} route[39m[38;5;3m +0ms[39m
nextjs-nestjs-api-dev  | api:dev: [32m[Nest] 212  - [39m09/07/2026, 3:02:35 PM [32m    LOG[39m [38;5;3m[RouterExplorer] [39m[32mMapped {/setup/post-setup/hints, GET} route[39m[38;5;3m +0ms[39m
nextjs-nestjs-api-dev  | api:dev: [32m[Nest] 212  - [39m09/07/2026, 3:02:35 PM [32m    LOG[39m [38;5;3m[RouterExplorer] [39m[32mMapped {/setup/post-setup/hints/dismiss, POST} route[39m[38;5;3m +1ms[39m
nextjs-nestjs-api-dev  | api:dev: [32m[Nest] 212  - [39m09/07/2026, 3:02:35 PM [32m    LOG[39m [38;5;3m[InitializationService] [39m[32m🔍 InitializationService: checking existing node config…[39m
nextjs-nestjs-api-dev  | api:dev: [32m[Nest] 212  - [39m09/07/2026, 3:02:35 PM [32m    LOG[39m [38;5;3m[InitializationService] [39m[32m⏳ No config found — setup wizard required[39m
nextjs-nestjs-api-dev  | api:dev: [32m[Nest] 212  - [39m09/07/2026, 3:02:35 PM [32m    LOG[39m [38;5;3m[NestApplication] [39m[32mNest application successfully started[39m[38;5;3m +1ms[39m
nextjs-nestjs-api-dev  | api:dev: [32m[Nest] 212  - [39m09/07/2026, 3:02:35 PM [32m    LOG[39m [38;5;3m[SubAppRunner:setup-wizard] [39m[32mExtracted 9 routes from sub-app "setup-wizard"[39m
nextjs-nestjs-api-dev  | api:dev: [32m[Nest] 212  - [39m09/07/2026, 3:02:35 PM [32m    LOG[39m [38;5;3m[SubAppRunner:setup-wizard] [39m[32mSub-app "setup-wizard" listening on http://127.0.0.1:3010[39m
nextjs-nestjs-api-dev  | api:dev: [RouteRegistry] Registering sub-app "setup-wizard" (port 3010) with 9 routes
nextjs-nestjs-api-dev  | api:dev: [RouteRegistry] Route graph now has 9 routes across 2 methods
nextjs-nestjs-api-dev  | api:dev: [32m[Nest] 212  - [39m09/07/2026, 3:02:35 PM [32m    LOG[39m [38;5;3m[SubAppRunner:setup-wizard] [39m[32mSub-app "setup-wizard" registered 9 routes with gateway[39m
nextjs-nestjs-api-dev  | api:dev: [32m[Nest] 212  - [39m09/07/2026, 3:02:35 PM [32m    LOG[39m [38;5;3m[OrchestratorService] [39m[32m✅ Setup wizard running — awaiting event-driven continuation[39m
nextjs-nestjs-api-dev  | api:dev: [32m[Nest] 212  - [39m09/07/2026, 3:02:35 PM [32m    LOG[39m [38;5;3m[NestApplication] [39m[32mNest application successfully started[39m[38;5;3m +1ms[39m
nextjs-nestjs-api-dev  | api:dev: [GatewayOrchestrator] ✅ Orchestrator initialized — sub-app pipeline running
nextjs-nestjs-api-dev  | api:dev: [32m[Nest] 212  - [39m09/07/2026, 3:02:36 PM [32m    LOG[39m [38;5;3m[SupervisorOrchestratorService] [39m[32m✅ Supervisor "platform-managed-web" converged[39m
nextjs-nestjs-api-dev  | api:dev: [32m[Nest] 212  - [39m09/07/2026, 3:02:36 PM [32m    LOG[39m [38;5;3m[SupervisorOrchestratorService] [39m[32m✅ Supervisor "platform-direct-port-proxy" converged[39m
nextjs-nestjs-api-dev  | api:dev: [32m[Nest] 212  - [39m09/07/2026, 3:03:44 PM [32m    LOG[39m [38;5;3m[InitializationService] [39m[32m🚀 Starting initialization (strategy=local)[39m
nextjs-nestjs-api-dev  | api:dev: [33m[Nest] 212  - [39m09/07/2026, 3:03:47 PM [33m   WARN[39m [38;5;3m[setupEventService] [39m[33mEvent log persistence failed (202 queued) — will retry: Failed query: insert into "core_event_logs" ("id", "namespace", "event_name", "event_key", "sequence", "input", "output", "emitted_at", "created_at") values (default, $1, $2, $3, $4, $5, $6, $7, $8), [39m
nextjs-nestjs-api-dev  | api:dev: [33m[Nest] 212  - [39m09/07/2026, 3:03:47 PM [33m   WARN[39m [38;5;3m[setupEventService] [39m[33mEvent log persistence failed (207 queued) — will retry: Failed query: insert into "core_event_logs" ("id", "namespace", "event_name", "event_key", "sequence", "input", "output", "emitted_at", "created_at") values (default, $1, $2, $3, $4, $5, $6, $7, $8), [39m
nextjs-nestjs-api-dev  | api:dev: [33m[Nest] 212  - [39m09/07/2026, 3:03:47 PM [33m   WARN[39m [38;5;3m[setupEventService] [39m[33mEvent log persistence failed (211 queued) — will retry: Failed query: insert into "core_event_logs" ("id", "namespace", "event_name", "event_key", "sequence", "input", "output", "emitted_at", "created_at") values (default, $1, $2, $3, $4, $5, $6, $7, $8), [39m
nextjs-nestjs-api-dev  | api:dev: [33m[Nest] 212  - [39m09/07/2026, 3:03:47 PM [33m   WARN[39m [38;5;3m[setupEventService] [39m[33mEvent log persistence failed (225 queued) — will retry: Failed query: insert into "core_event_logs" ("id", "namespace", "event_name", "event_key", "sequence", "input", "output", "emitted_at", "created_at") values (default, $1, $2, $3, $4, $5, $6, $7, $8), [39m
nextjs-nestjs-api-dev  | api:dev: [33m[Nest] 212  - [39m09/07/2026, 3:03:47 PM [33m   WARN[39m [38;5;3m[setupEventService] [39m[33mEvent log persistence failed (233 queued) — will retry: Failed query: insert into "core_event_logs" ("id", "namespace", "event_name", "event_key", "sequence", "input", "output", "emitted_at", "created_at") values (default, $1, $2, $3, $4, $5, $6, $7, $8), [39m
nextjs-nestjs-api-dev  | api:dev: [33m[Nest] 212  - [39m09/07/2026, 3:03:47 PM [33m   WARN[39m [38;5;3m[setupEventService] [39m[33mEvent log persistence failed (238 queued) — will retry: Failed query: insert into "core_event_logs" ("id", "namespace", "event_name", "event_key", "sequence", "input", "output", "emitted_at", "created_at") values (default, $1, $2, $3, $4, $5, $6, $7, $8), [39m
nextjs-nestjs-api-dev  | api:dev: [33m[Nest] 212  - [39m09/07/2026, 3:03:47 PM [33m   WARN[39m [38;5;3m[setupEventService] [39m[33mEvent log persistence failed (245 queued) — will retry: Failed query: insert into "core_event_logs" ("id", "namespace", "event_name", "event_key", "sequence", "input", "output", "emitted_at", "created_at") values (default, $1, $2, $3, $4, $5, $6, $7, $8), [39m
nextjs-nestjs-api-dev  | api:dev: [33m[Nest] 212  - [39m09/07/2026, 3:03:47 PM [33m   WARN[39m [38;5;3m[setupEventService] [39m[33mEvent log persistence failed (266 queued) — will retry: Failed query: insert into "core_event_logs" ("id", "namespace", "event_name", "event_key", "sequence", "input", "output", "emitted_at", "created_at") values (default, $1, $2, $3, $4, $5, $6, $7, $8), [39m
nextjs-nestjs-api-dev  | api:dev: [33m[Nest] 212  - [39m09/07/2026, 3:03:48 PM [33m   WARN[39m [38;5;3m[setupEventService] [39m[33mEvent log persistence failed (270 queued) — will retry: Failed query: insert into "core_event_logs" ("id", "namespace", "event_name", "event_key", "sequence", "input", "output", "emitted_at", "created_at") values (default, $1, $2, $3, $4, $5, $6, $7, $8), [39m
nextjs-nestjs-api-dev  | api:dev: [33m[Nest] 212  - [39m09/07/2026, 3:03:48 PM [33m   WARN[39m [38;5;3m[setupEventService] [39m[33mEvent log persistence failed (275 queued) — will retry: Failed query: insert into "core_event_logs" ("id", "namespace", "event_name", "event_key", "sequence", "input", "output", "emitted_at", "created_at") values (default, $1, $2, $3, $4, $5, $6, $7, $8), [39m
nextjs-nestjs-api-dev  | api:dev: [33m[Nest] 212  - [39m09/07/2026, 3:03:48 PM [33m   WARN[39m [38;5;3m[setupEventService] [39m[33mEvent log persistence failed (281 queued) — will retry: Failed query: insert into "core_event_logs" ("id", "namespace", "event_name", "event_key", "sequence", "input", "output", "emitted_at", "created_at") values (default, $1, $2, $3, $4, $5, $6, $7, $8), [39m
nextjs-nestjs-api-dev  | api:dev: [33m[Nest] 212  - [39m09/07/2026, 3:03:48 PM [33m   WARN[39m [38;5;3m[setupEventService] [39m[33mEvent log persistence failed (286 queued) — will retry: Failed query: insert into "core_event_logs" ("id", "namespace", "event_name", "event_key", "sequence", "input", "output", "emitted_at", "created_at") values (default, $1, $2, $3, $4, $5, $6, $7, $8), [39m
nextjs-nestjs-api-dev  | api:dev: [33m[Nest] 212  - [39m09/07/2026, 3:03:48 PM [33m   WARN[39m [38;5;3m[setupEventService] [39m[33mEvent log persistence failed (291 queued) — will retry: Failed query: insert into "core_event_logs" ("id", "namespace", "event_name", "event_key", "sequence", "input", "output", "emitted_at", "created_at") values (default, $1, $2, $3, $4, $5, $6, $7, $8), [39m
nextjs-nestjs-api-dev  | api:dev: [33m[Nest] 212  - [39m09/07/2026, 3:03:48 PM [33m   WARN[39m [38;5;3m[setupEventService] [39m[33mEvent log persistence failed (295 queued) — will retry: Failed query: insert into "core_event_logs" ("id", "namespace", "event_name", "event_key", "sequence", "input", "output", "emitted_at", "created_at") values (default, $1, $2, $3, $4, $5, $6, $7, $8), [39m
nextjs-nestjs-api-dev  | api:dev: [33m[Nest] 212  - [39m09/07/2026, 3:03:48 PM [33m   WARN[39m [38;5;3m[setupEventService] [39m[33mEvent log persistence failed (305 queued) — will retry: Failed query: insert into "core_event_logs" ("id", "namespace", "event_name", "event_key", "sequence", "input", "output", "emitted_at", "created_at") values (default, $1, $2, $3, $4, $5, $6, $7, $8), [39m
nextjs-nestjs-api-dev  | api:dev: [33m[Nest] 212  - [39m09/07/2026, 3:03:48 PM [33m   WARN[39m [38;5;3m[setupEventService] [39m[33mEvent log persistence failed (307 queued) — will retry: Failed query: insert into "core_event_logs" ("id", "namespace", "event_name", "event_key", "sequence", "input", "output", "emitted_at", "created_at") values (default, $1, $2, $3, $4, $5, $6, $7, $8), [39m
nextjs-nestjs-api-dev  | api:dev: [33m[Nest] 212  - [39m09/07/2026, 3:03:48 PM [33m   WARN[39m [38;5;3m[setupEventService] [39m[33mEvent log persistence failed (310 queued) — will retry: Failed query: insert into "core_event_logs" ("id", "namespace", "event_name", "event_key", "sequence", "input", "output", "emitted_at", "created_at") values (default, $1, $2, $3, $4, $5, $6, $7, $8), [39m
nextjs-nestjs-api-dev  | api:dev: [33m[Nest] 212  - [39m09/07/2026, 3:03:48 PM [33m   WARN[39m [38;5;3m[setupEventService] [39m[33mEvent log persistence failed (312 queued) — will retry: Failed query: insert into "core_event_logs" ("id", "namespace", "event_name", "event_key", "sequence", "input", "output", "emitted_at", "created_at") values (default, $1, $2, $3, $4, $5, $6, $7, $8), [39m
nextjs-nestjs-api-dev  | api:dev: [33m[Nest] 212  - [39m09/07/2026, 3:03:48 PM [33m   WARN[39m [38;5;3m[setupEventService] [39m[33mEvent log persistence failed (315 queued) — will retry: Failed query: insert into "core_event_logs" ("id", "namespace", "event_name", "event_key", "sequence", "input", "output", "emitted_at", "created_at") values (default, $1, $2, $3, $4, $5, $6, $7, $8), [39m
nextjs-nestjs-api-dev  | api:dev: [33m[Nest] 212  - [39m09/07/2026, 3:03:48 PM [33m   WARN[39m [38;5;3m[setupEventService] [39m[33mEvent log persistence failed (318 queued) — will retry: Failed query: insert into "core_event_logs" ("id", "namespace", "event_name", "event_key", "sequence", "input", "output", "emitted_at", "created_at") values (default, $1, $2, $3, $4, $5, $6, $7, $8), [39m
nextjs-nestjs-api-dev  | api:dev: [33m[Nest] 212  - [39m09/07/2026, 3:03:48 PM [33m   WARN[39m [38;5;3m[setupEventService] [39m[33mEvent log persistence failed (330 queued) — will retry: Failed query: insert into "core_event_logs" ("id", "namespace", "event_name", "event_key", "sequence", "input", "output", "emitted_at", "created_at") values (default, $1, $2, $3, $4, $5, $6, $7, $8), [39m
nextjs-nestjs-api-dev  | api:dev: [33m[Nest] 212  - [39m09/07/2026, 3:03:49 PM [33m   WARN[39m [38;5;3m[setupEventService] [39m[33mEvent log persistence failed (337 queued) — will retry: Failed query: insert into "core_event_logs" ("id", "namespace", "event_name", "event_key", "sequence", "input", "output", "emitted_at", "created_at") values (default, $1, $2, $3, $4, $5, $6, $7, $8), [39m
nextjs-nestjs-api-dev  | api:dev: [33m[Nest] 212  - [39m09/07/2026, 3:03:49 PM [33m   WARN[39m [38;5;3m[setupEventService] [39m[33mEvent log persistence failed (344 queued) — will retry: Failed query: insert into "core_event_logs" ("id", "namespace", "event_name", "event_key", "sequence", "input", "output", "emitted_at", "created_at") values (default, $1, $2, $3, $4, $5, $6, $7, $8), [39m
nextjs-nestjs-api-dev  | api:dev: [33m[Nest] 212  - [39m09/07/2026, 3:03:49 PM [33m   WARN[39m [38;5;3m[setupEventService] [39m[33mEvent log persistence failed (350 queued) — will retry: Failed query: insert into "core_event_logs" ("id", "namespace", "event_name", "event_key", "sequence", "input", "output", "emitted_at", "created_at") values (default, $1, $2, $3, $4, $5, $6, $7, $8), [39m
nextjs-nestjs-api-dev  | api:dev: [33m[Nest] 212  - [39m09/07/2026, 3:03:49 PM [33m   WARN[39m [38;5;3m[setupEventService] [39m[33mEvent log persistence failed (355 queued) — will retry: Failed query: insert into "core_event_logs" ("id", "namespace", "event_name", "event_key", "sequence", "input", "output", "emitted_at", "created_at") values (default, $1, $2, $3, $4, $5, $6, $7, $8), [39m
nextjs-nestjs-api-dev  | api:dev: [33m[Nest] 212  - [39m09/07/2026, 3:03:49 PM [33m   WARN[39m [38;5;3m[setupEventService] [39m[33mEvent log persistence failed (360 queued) — will retry: Failed query: insert into "core_event_logs" ("id", "namespace", "event_name", "event_key", "sequence", "input", "output", "emitted_at", "created_at") values (default, $1, $2, $3, $4, $5, $6, $7, $8), [39m
nextjs-nestjs-api-dev  | api:dev: [33m[Nest] 212  - [39m09/07/2026, 3:03:49 PM [33m   WARN[39m [38;5;3m[setupEventService] [39m[33mEvent log persistence failed (363 queued) — will retry: Failed query: insert into "core_event_logs" ("id", "namespace", "event_name", "event_key", "sequence", "input", "output", "emitted_at", "created_at") values (default, $1, $2, $3, $4, $5, $6, $7, $8), [39m
nextjs-nestjs-api-dev  | api:dev: [33m[Nest] 212  - [39m09/07/2026, 3:03:49 PM [33m   WARN[39m [38;5;3m[setupEventService] [39m[33mEvent log persistence failed (368 queued) — will retry: Failed query: insert into "core_event_logs" ("id", "namespace", "event_name", "event_key", "sequence", "input", "output", "emitted_at", "created_at") values (default, $1, $2, $3, $4, $5, $6, $7, $8), [39m
nextjs-nestjs-api-dev  | api:dev: [33m[Nest] 212  - [39m09/07/2026, 3:03:49 PM [33m   WARN[39m [38;5;3m[setupEventService] [39m[33mEvent log persistence failed (371 queued) — will retry: Failed query: insert into "core_event_logs" ("id", "namespace", "event_name", "event_key", "sequence", "input", "output", "emitted_at", "created_at") values (default, $1, $2, $3, $4, $5, $6, $7, $8), [39m
nextjs-nestjs-api-dev  | api:dev: [33m[Nest] 212  - [39m09/07/2026, 3:03:49 PM [33m   WARN[39m [38;5;3m[setupEventService] [39m[33mEvent log persistence failed (386 queued) — will retry: Failed query: insert into "core_event_logs" ("id", "namespace", "event_name", "event_key", "sequence", "input", "output", "emitted_at", "created_at") values (default, $1, $2, $3, $4, $5, $6, $7, $8), [39m
nextjs-nestjs-api-dev  | api:dev: [33m[Nest] 212  - [39m09/07/2026, 3:03:49 PM [33m   WARN[39m [38;5;3m[setupEventService] [39m[33mEvent log persistence failed (403 queued) — will retry: Failed query: insert into "core_event_logs" ("id", "namespace", "event_name", "event_key", "sequence", "input", "output", "emitted_at", "created_at") values (default, $1, $2, $3, $4, $5, $6, $7, $8), [39m
nextjs-nestjs-api-dev  | api:dev: [33m[Nest] 212  - [39m09/07/2026, 3:03:49 PM [33m   WARN[39m [38;5;3m[setupEventService] [39m[33mEvent log persistence failed (414 queued) — will retry: Failed query: insert into "core_event_logs" ("id", "namespace", "event_name", "event_key", "sequence", "input", "output", "emitted_at", "created_at") values (default, $1, $2, $3, $4, $5, $6, $7, $8), [39m
nextjs-nestjs-api-dev  | api:dev: [33m[Nest] 212  - [39m09/07/2026, 3:03:49 PM [33m   WARN[39m [38;5;3m[setupEventService] [39m[33mEvent log persistence failed (420 queued) — will retry: Failed query: insert into "core_event_logs" ("id", "namespace", "event_name", "event_key", "sequence", "input", "output", "emitted_at", "created_at") values (default, $1, $2, $3, $4, $5, $6, $7, $8), [39m
nextjs-nestjs-api-dev  | api:dev: [33m[Nest] 212  - [39m09/07/2026, 3:03:49 PM [33m   WARN[39m [38;5;3m[setupEventService] [39m[33mEvent log persistence failed (427 queued) — will retry: Failed query: insert into "core_event_logs" ("id", "namespace", "event_name", "event_key", "sequence", "input", "output", "emitted_at", "created_at") values (default, $1, $2, $3, $4, $5, $6, $7, $8), [39m
nextjs-nestjs-api-dev  | api:dev: [33m[Nest] 212  - [39m09/07/2026, 3:03:49 PM [33m   WARN[39m [38;5;3m[setupEventService] [39m[33mEvent log persistence failed (432 queued) — will retry: Failed query: insert into "core_event_logs" ("id", "namespace", "event_name", "event_key", "sequence", "input", "output", "emitted_at", "created_at") values (default, $1, $2, $3, $4, $5, $6, $7, $8), [39m
nextjs-nestjs-api-dev  | api:dev: [33m[Nest] 212  - [39m09/07/2026, 3:03:49 PM [33m   WARN[39m [38;5;3m[setupEventService] [39m[33mEvent log persistence failed (437 queued) — will retry: Failed query: insert into "core_event_logs" ("id", "namespace", "event_name", "event_key", "sequence", "input", "output", "emitted_at", "created_at") values (default, $1, $2, $3, $4, $5, $6, $7, $8), [39m
nextjs-nestjs-api-dev  | api:dev: [33m[Nest] 212  - [39m09/07/2026, 3:03:49 PM [33m   WARN[39m [38;5;3m[setupEventService] [39m[33mEvent log persistence failed (442 queued) — will retry: Failed query: insert into "core_event_logs" ("id", "namespace", "event_name", "event_key", "sequence", "input", "output", "emitted_at", "created_at") values (default, $1, $2, $3, $4, $5, $6, $7, $8), [39m
nextjs-nestjs-api-dev  | api:dev: [33m[Nest] 212  - [39m09/07/2026, 3:03:50 PM [33m   WARN[39m [38;5;3m[setupEventService] [39m[33mEvent log persistence failed (447 queued) — will retry: Failed query: insert into "core_event_logs" ("id", "namespace", "event_name", "event_key", "sequence", "input", "output", "emitted_at", "created_at") values (default, $1, $2, $3, $4, $5, $6, $7, $8), [39m
nextjs-nestjs-api-dev  | api:dev: [33m[Nest] 212  - [39m09/07/2026, 3:03:50 PM [33m   WARN[39m [38;5;3m[setupEventService] [39m[33mEvent log persistence failed (452 queued) — will retry: Failed query: insert into "core_event_logs" ("id", "namespace", "event_name", "event_key", "sequence", "input", "output", "emitted_at", "created_at") values (default, $1, $2, $3, $4, $5, $6, $7, $8), [39m
nextjs-nestjs-api-dev  | api:dev: [33m[Nest] 212  - [39m09/07/2026, 3:03:50 PM [33m   WARN[39m [38;5;3m[setupEventService] [39m[33mEvent log persistence failed (462 queued) — will retry: Failed query: insert into "core_event_logs" ("id", "namespace", "event_name", "event_key", "sequence", "input", "output", "emitted_at", "created_at") values (default, $1, $2, $3, $4, $5, $6, $7, $8), [39m
nextjs-nestjs-api-dev  | api:dev: [33m[Nest] 212  - [39m09/07/2026, 3:03:50 PM [33m   WARN[39m [38;5;3m[setupEventService] [39m[33mEvent log persistence failed (465 queued) — will retry: Failed query: insert into "core_event_logs" ("id", "namespace", "event_name", "event_key", "sequence", "input", "output", "emitted_at", "created_at") values (default, $1, $2, $3, $4, $5, $6, $7, $8), [39m
nextjs-nestjs-api-dev  | api:dev: [33m[Nest] 212  - [39m09/07/2026, 3:03:50 PM [33m   WARN[39m [38;5;3m[setupEventService] [39m[33mEvent log persistence failed (471 queued) — will retry: Failed query: insert into "core_event_logs" ("id", "namespace", "event_name", "event_key", "sequence", "input", "output", "emitted_at", "created_at") values (default, $1, $2, $3, $4, $5, $6, $7, $8), [39m
nextjs-nestjs-api-dev  | api:dev: [33m[Nest] 212  - [39m09/07/2026, 3:03:50 PM [33m   WARN[39m [38;5;3m[setupEventService] [39m[33mEvent log persistence failed (474 queued) — will retry: Failed query: insert into "core_event_logs" ("id", "namespace", "event_name", "event_key", "sequence", "input", "output", "emitted_at", "created_at") values (default, $1, $2, $3, $4, $5, $6, $7, $8), [39m
nextjs-nestjs-api-dev  | api:dev: [33m[Nest] 212  - [39m09/07/2026, 3:03:50 PM [33m   WARN[39m [38;5;3m[setupEventService] [39m[33mEvent log persistence failed (485 queued) — will retry: Failed query: insert into "core_event_logs" ("id", "namespace", "event_name", "event_key", "sequence", "input", "output", "emitted_at", "created_at") values (default, $1, $2, $3, $4, $5, $6, $7, $8), [39m
nextjs-nestjs-api-dev  | api:dev: [33m[Nest] 212  - [39m09/07/2026, 3:03:50 PM [33m   WARN[39m [38;5;3m[setupEventService] [39m[33mEvent log persistence failed (503 queued) — will retry: Failed query: insert into "core_event_logs" ("id", "namespace", "event_name", "event_key", "sequence", "input", "output", "emitted_at", "created_at") values (default, $1, $2, $3, $4, $5, $6, $7, $8), [39m
nextjs-nestjs-api-dev  | api:dev: [33m[Nest] 212  - [39m09/07/2026, 3:03:50 PM [33m   WARN[39m [38;5;3m[setupEventService] [39m[33mEvent log persistence failed (519 queued) — will retry: Failed query: insert into "core_event_logs" ("id", "namespace", "event_name", "event_key", "sequence", "input", "output", "emitted_at", "created_at") values (default, $1, $2, $3, $4, $5, $6, $7, $8), [39m
nextjs-nestjs-api-dev  | api:dev: [33m[Nest] 212  - [39m09/07/2026, 3:03:50 PM [33m   WARN[39m [38;5;3m[setupEventService] [39m[33mEvent log persistence failed (535 queued) — will retry: Failed query: insert into "core_event_logs" ("id", "namespace", "event_name", "event_key", "sequence", "input", "output", "emitted_at", "created_at") values (default, $1, $2, $3, $4, $5, $6, $7, $8), [39m
nextjs-nestjs-api-dev  | api:dev: [33m[Nest] 212  - [39m09/07/2026, 3:03:50 PM [33m   WARN[39m [38;5;3m[setupEventService] [39m[33mEvent log persistence failed (539 queued) — will retry: Failed query: insert into "core_event_logs" ("id", "namespace", "event_name", "event_key", "sequence", "input", "output", "emitted_at", "created_at") values (default, $1, $2, $3, $4, $5, $6, $7, $8), [39m
nextjs-nestjs-api-dev  | api:dev: [33m[Nest] 212  - [39m09/07/2026, 3:03:51 PM [33m   WARN[39m [38;5;3m[setupEventService] [39m[33mEvent log persistence failed (546 queued) — will retry: Failed query: insert into "core_event_logs" ("id", "namespace", "event_name", "event_key", "sequence", "input", "output", "emitted_at", "created_at") values (default, $1, $2, $3, $4, $5, $6, $7, $8), [39m
nextjs-nestjs-api-dev  | api:dev: [33m[Nest] 212  - [39m09/07/2026, 3:03:51 PM [33m   WARN[39m [38;5;3m[setupEventService] [39m[33mEvent log persistence failed (555 queued) — will retry: Failed query: insert into "core_event_logs" ("id", "namespace", "event_name", "event_key", "sequence", "input", "output", "emitted_at", "created_at") values (default, $1, $2, $3, $4, $5, $6, $7, $8), [39m
nextjs-nestjs-api-dev  | api:dev: [33m[Nest] 212  - [39m09/07/2026, 3:03:51 PM [33m   WARN[39m [38;5;3m[setupEventService] [39m[33mEvent log persistence failed (562 queued) — will retry: Failed query: insert into "core_event_logs" ("id", "namespace", "event_name", "event_key", "sequence", "input", "output", "emitted_at", "created_at") values (default, $1, $2, $3, $4, $5, $6, $7, $8), [39m
nextjs-nestjs-api-dev  | api:dev: [33m[Nest] 212  - [39m09/07/2026, 3:03:51 PM [33m   WARN[39m [38;5;3m[setupEventService] [39m[33mEvent log persistence failed (575 queued) — will retry: Failed query: insert into "core_event_logs" ("id", "namespace", "event_name", "event_key", "sequence", "input", "output", "emitted_at", "created_at") values (default, $1, $2, $3, $4, $5, $6, $7, $8), [39m
nextjs-nestjs-api-dev  | api:dev: [33m[Nest] 212  - [39m09/07/2026, 3:03:51 PM [33m   WARN[39m [38;5;3m[setupEventService] [39m[33mEvent log persistence failed (595 queued) — will retry: Failed query: insert into "core_event_logs" ("id", "namespace", "event_name", "event_key", "sequence", "input", "output", "emitted_at", "created_at") values (default, $1, $2, $3, $4, $5, $6, $7, $8), [39m
nextjs-nestjs-api-dev  | api:dev: [33m[Nest] 212  - [39m09/07/2026, 3:03:51 PM [33m   WARN[39m [38;5;3m[setupEventService] [39m[33mEvent log persistence failed (607 queued) — will retry: Failed query: insert into "core_event_logs" ("id", "namespace", "event_name", "event_key", "sequence", "input", "output", "emitted_at", "created_at") values (default, $1, $2, $3, $4, $5, $6, $7, $8), [39m
nextjs-nestjs-api-dev  | api:dev: [33m[Nest] 212  - [39m09/07/2026, 3:03:51 PM [33m   WARN[39m [38;5;3m[setupEventService] [39m[33mEvent log persistence failed (615 queued) — will retry: Failed query: insert into "core_event_logs" ("id", "namespace", "event_name", "event_key", "sequence", "input", "output", "emitted_at", "created_at") values (default, $1, $2, $3, $4, $5, $6, $7, $8), [39m
nextjs-nestjs-api-dev  | api:dev: [33m[Nest] 212  - [39m09/07/2026, 3:03:51 PM [33m   WARN[39m [38;5;3m[setupEventService] [39m[33mEvent log persistence failed (618 queued) — will retry: Failed query: insert into "core_event_logs" ("id", "namespace", "event_name", "event_key", "sequence", "input", "output", "emitted_at", "created_at") values (default, $1, $2, $3, $4, $5, $6, $7, $8), [39m
nextjs-nestjs-api-dev  | api:dev: [33m[Nest] 212  - [39m09/07/2026, 3:03:51 PM [33m   WARN[39m [38;5;3m[setupEventService] [39m[33mEvent log persistence failed (636 queued) — will retry: Failed query: insert into "core_event_logs" ("id", "namespace", "event_name", "event_key", "sequence", "input", "output", "emitted_at", "created_at") values (default, $1, $2, $3, $4, $5, $6, $7, $8), [39m
nextjs-nestjs-api-dev  | api:dev: [32m[Nest] 212  - [39m09/07/2026, 3:03:52 PM [32m    LOG[39m [38;5;3m[InitializationService] [39m[32m🚀 Setup complete — strategy=local nodeId=94b60b2c-3322-4da3-8312-1a1a493756a6[39m
nextjs-nestjs-api-dev  | api:dev: [32m[Nest] 212  - [39m09/07/2026, 3:03:52 PM [32m    LOG[39m [38;5;3m[OrchestratorService] [39m[32m✅ Setup done (strategy=local) — firing bridge, starting mesh-init[39m
nextjs-nestjs-api-dev  | api:dev: [32m[Nest] 212  - [39m09/07/2026, 3:03:52 PM [32m    LOG[39m [38;5;3m[OrchestratorService] [39m[32m🔗 Emitted to SetupWizardBridge[39m
nextjs-nestjs-api-dev  | api:dev: [32m[Nest] 212  - [39m09/07/2026, 3:03:52 PM [32m    LOG[39m [38;5;3m[OrchestratorService] [39m[32m▶️ Starting mesh-initializer (port 3011)…[39m
nextjs-nestjs-api-dev  | api:dev: [32m[Nest] 212  - [39m09/07/2026, 3:03:52 PM [32m    LOG[39m [38;5;3m[SubAppRunner:mesh-initializer] [39m[32mStarting sub-app "mesh-initializer" on port 3011...[39m
nextjs-nestjs-api-dev  | api:dev: [32m[Nest] 212  - [39m09/07/2026, 3:03:52 PM [32m    LOG[39m [38;5;3m[NestFactory] [39m[32mStarting Nest application...[39m[38;5;3m +7ms[39m
nextjs-nestjs-api-dev  | api:dev: [32m[Nest] 212  - [39m09/07/2026, 3:03:52 PM [32m    LOG[39m [38;5;3m[LocalDatabaseModule] [39m[32mInitializing local SQLite database connection...[39m
nextjs-nestjs-api-dev  | api:dev: [32m[Nest] 212  - [39m09/07/2026, 3:03:52 PM [32m    LOG[39m [38;5;3m[LocalDatabaseModule] [39m[32mUsing local SQLite database path: /app/data/local.db[39m
nextjs-nestjs-api-dev  | api:dev: [32m[Nest] 212  - [39m09/07/2026, 3:03:52 PM [32m    LOG[39m [38;5;3m[LocalDatabaseModule] [39m[32mChecking migrations at: /app/apps/api/src/config/drizzle/local/migrations[39m
nextjs-nestjs-api-dev  | api:dev: [32m[Nest] 212  - [39m09/07/2026, 3:03:52 PM [32m    LOG[39m [38;5;3m[LocalDatabaseModule] [39m[32mFound 15 migration files: 0000_sour_king_cobra.sql, 0001_optimal_prowler.sql, 0002_add_node_config_strategy.sql, 0003_add_node_config_database_url.sql, 0004_violet_sandman.sql, 0005_absent_stark_industries.sql, 0006_add_mesh_shared_secret.sql, 0007_aberrant_sabra.sql, 0008_add_scan_config.sql, 0009_aspiring_secret_warriors.sql, 0010_rare_jazinda.sql, 0011_foamy_spirit.sql, 0012_cluster_node.sql, 0013_cluster_master_history.sql, 0014_cluster_nodes.sql[39m
nextjs-nestjs-api-dev  | api:dev: [32m[Nest] 212  - [39m09/07/2026, 3:03:52 PM [32m    LOG[39m [38;5;3m[LocalDatabaseModule] [39m[32mSkipping already-applied migration: 0000_sour_king_cobra.sql[39m
nextjs-nestjs-api-dev  | api:dev: [32m[Nest] 212  - [39m09/07/2026, 3:03:52 PM [32m    LOG[39m [38;5;3m[LocalDatabaseModule] [39m[32mSkipping already-applied migration: 0001_optimal_prowler.sql[39m
nextjs-nestjs-api-dev  | api:dev: [32m[Nest] 212  - [39m09/07/2026, 3:03:52 PM [32m    LOG[39m [38;5;3m[LocalDatabaseModule] [39m[32mSkipping already-applied migration: 0002_add_node_config_strategy.sql[39m
nextjs-nestjs-api-dev  | api:dev: [32m[Nest] 212  - [39m09/07/2026, 3:03:52 PM [32m    LOG[39m [38;5;3m[LocalDatabaseModule] [39m[32mSkipping already-applied migration: 0003_add_node_config_database_url.sql[39m
nextjs-nestjs-api-dev  | api:dev: [32m[Nest] 212  - [39m09/07/2026, 3:03:52 PM [32m    LOG[39m [38;5;3m[LocalDatabaseModule] [39m[32mSkipping already-applied migration: 0004_violet_sandman.sql[39m
nextjs-nestjs-api-dev  | api:dev: [32m[Nest] 212  - [39m09/07/2026, 3:03:52 PM [32m    LOG[39m [38;5;3m[LocalDatabaseModule] [39m[32mSkipping already-applied migration: 0005_absent_stark_industries.sql[39m
nextjs-nestjs-api-dev  | api:dev: [32m[Nest] 212  - [39m09/07/2026, 3:03:52 PM [32m    LOG[39m [38;5;3m[LocalDatabaseModule] [39m[32mSkipping already-applied migration: 0006_add_mesh_shared_secret.sql[39m
nextjs-nestjs-api-dev  | api:dev: [32m[Nest] 212  - [39m09/07/2026, 3:03:52 PM [32m    LOG[39m [38;5;3m[LocalDatabaseModule] [39m[32mSkipping already-applied migration: 0007_aberrant_sabra.sql[39m
nextjs-nestjs-api-dev  | api:dev: [32m[Nest] 212  - [39m09/07/2026, 3:03:52 PM [32m    LOG[39m [38;5;3m[LocalDatabaseModule] [39m[32mSkipping already-applied migration: 0008_add_scan_config.sql[39m
nextjs-nestjs-api-dev  | api:dev: [32m[Nest] 212  - [39m09/07/2026, 3:03:52 PM [32m    LOG[39m [38;5;3m[LocalDatabaseModule] [39m[32mSkipping already-applied migration: 0009_aspiring_secret_warriors.sql[39m
nextjs-nestjs-api-dev  | api:dev: [32m[Nest] 212  - [39m09/07/2026, 3:03:52 PM [32m    LOG[39m [38;5;3m[LocalDatabaseModule] [39m[32mSkipping already-applied migration: 0010_rare_jazinda.sql[39m
nextjs-nestjs-api-dev  | api:dev: [32m[Nest] 212  - [39m09/07/2026, 3:03:52 PM [32m    LOG[39m [38;5;3m[LocalDatabaseModule] [39m[32mSkipping already-applied migration: 0011_foamy_spirit.sql[39m
nextjs-nestjs-api-dev  | api:dev: [32m[Nest] 212  - [39m09/07/2026, 3:03:52 PM [32m    LOG[39m [38;5;3m[LocalDatabaseModule] [39m[32mSkipping already-applied migration: 0012_cluster_node.sql[39m
nextjs-nestjs-api-dev  | api:dev: [32m[Nest] 212  - [39m09/07/2026, 3:03:52 PM [32m    LOG[39m [38;5;3m[LocalDatabaseModule] [39m[32mSkipping already-applied migration: 0013_cluster_master_history.sql[39m
nextjs-nestjs-api-dev  | api:dev: [32m[Nest] 212  - [39m09/07/2026, 3:03:52 PM [32m    LOG[39m [38;5;3m[LocalDatabaseModule] [39m[32mSkipping already-applied migration: 0014_cluster_nodes.sql[39m
nextjs-nestjs-api-dev  | api:dev: [32m[Nest] 212  - [39m09/07/2026, 3:03:52 PM [32m    LOG[39m [38;5;3m[InstanceLoader] [39m[32mMeshInitializationModule dependencies initialized[39m[38;5;3m +5ms[39m
nextjs-nestjs-api-dev  | api:dev: [32m[Nest] 212  - [39m09/07/2026, 3:03:52 PM [32m    LOG[39m [38;5;3m[InstanceLoader] [39m[32mLocalDatabaseModule dependencies initialized[39m[38;5;3m +0ms[39m
nextjs-nestjs-api-dev  | api:dev: [32m[Nest] 212  - [39m09/07/2026, 3:03:52 PM [32m    LOG[39m [38;5;3m[InstanceLoader] [39m[32mMeshInitializerAppModule dependencies initialized[39m[38;5;3m +4ms[39m
nextjs-nestjs-api-dev  | api:dev: [32m[Nest] 212  - [39m09/07/2026, 3:03:52 PM [32m    LOG[39m [38;5;3m[MeshInitializerService] [39m[32m▶ Mesh initializer: wizard done (strategy=local)[39m
nextjs-nestjs-api-dev  | api:dev: [32m[Nest] 212  - [39m09/07/2026, 3:03:52 PM [32m    LOG[39m [38;5;3m[MeshInitializerService] [39m[32mℹ️  Mesh initializer: no mesh peers in config — using wizard URL[39m
nextjs-nestjs-api-dev  | api:dev: [32m[Nest] 212  - [39m09/07/2026, 3:03:52 PM [32m    LOG[39m [38;5;3m[MeshInitializerService] [39m[32m✅ Mesh initializer: DB URL resolved (strategy=local, mesh=false)[39m
nextjs-nestjs-api-dev  | api:dev: [32m[Nest] 212  - [39m09/07/2026, 3:03:52 PM [32m    LOG[39m [38;5;3m[NestApplication] [39m[32mNest application successfully started[39m[38;5;3m +4ms[39m
nextjs-nestjs-api-dev  | api:dev: [32m[Nest] 212  - [39m09/07/2026, 3:03:52 PM [32m    LOG[39m [38;5;3m[SubAppRunner:mesh-initializer] [39m[32mExtracted 0 routes from sub-app "mesh-initializer"[39m
nextjs-nestjs-api-dev  | api:dev: [32m[Nest] 212  - [39m09/07/2026, 3:03:52 PM [32m    LOG[39m [38;5;3m[SubAppRunner:mesh-initializer] [39m[32mSub-app "mesh-initializer" listening on http://127.0.0.1:3011[39m
nextjs-nestjs-api-dev  | api:dev: [RouteRegistry] Registering sub-app "mesh-initializer" (port 3011) with 0 routes
nextjs-nestjs-api-dev  | api:dev: [RouteRegistry] Route graph now has 9 routes across 2 methods
nextjs-nestjs-api-dev  | api:dev: [32m[Nest] 212  - [39m09/07/2026, 3:03:52 PM [32m    LOG[39m [38;5;3m[SubAppRunner:mesh-initializer] [39m[32mSub-app "mesh-initializer" registered 0 routes with gateway[39m
nextjs-nestjs-api-dev  | api:dev: [32m[Nest] 212  - [39m09/07/2026, 3:03:52 PM [32m    LOG[39m [38;5;3m[OrchestratorService] [39m[32m✅ Mesh init done (strategy=local, meshConnected=false)[39m
nextjs-nestjs-api-dev  | api:dev: [32m[Nest] 212  - [39m09/07/2026, 3:03:52 PM [32m    LOG[39m [38;5;3m[OrchestratorService] [39m[32m🚀 Launching main-app (AppModule)…[39m
nextjs-nestjs-api-dev  | api:dev: [32m[Nest] 212  - [39m09/07/2026, 3:03:52 PM [32m    LOG[39m [38;5;3m[SubAppRunner:main-app] [39m[32mStarting sub-app "main-app" on port 3012...[39m
nextjs-nestjs-api-dev  | api:dev: [32m[Nest] 212  - [39m09/07/2026, 3:03:52 PM [32m    LOG[39m [38;5;3m[NestFactory] [39m[32mStarting Nest application...[39m[38;5;3m +0ms[39m
nextjs-nestjs-api-dev  | api:dev: [32m[Nest] 212  - [39m09/07/2026, 3:03:52 PM [32m    LOG[39m [38;5;3m[LocalDatabaseModule] [39m[32mInitializing local SQLite database connection...[39m
nextjs-nestjs-api-dev  | api:dev: [32m[Nest] 212  - [39m09/07/2026, 3:03:52 PM [32m    LOG[39m [38;5;3m[LocalDatabaseModule] [39m[32mUsing local SQLite database path: /app/data/local.db[39m
nextjs-nestjs-api-dev  | api:dev: [32m[Nest] 212  - [39m09/07/2026, 3:03:52 PM [32m    LOG[39m [38;5;3m[LocalDatabaseModule] [39m[32mChecking migrations at: /app/apps/api/src/config/drizzle/local/migrations[39m
nextjs-nestjs-api-dev  | api:dev: [32m[Nest] 212  - [39m09/07/2026, 3:03:52 PM [32m    LOG[39m [38;5;3m[LocalDatabaseModule] [39m[32mFound 15 migration files: 0000_sour_king_cobra.sql, 0001_optimal_prowler.sql, 0002_add_node_config_strategy.sql, 0003_add_node_config_database_url.sql, 0004_violet_sandman.sql, 0005_absent_stark_industries.sql, 0006_add_mesh_shared_secret.sql, 0007_aberrant_sabra.sql, 0008_add_scan_config.sql, 0009_aspiring_secret_warriors.sql, 0010_rare_jazinda.sql, 0011_foamy_spirit.sql, 0012_cluster_node.sql, 0013_cluster_master_history.sql, 0014_cluster_nodes.sql[39m
nextjs-nestjs-api-dev  | api:dev: [32m[Nest] 212  - [39m09/07/2026, 3:03:52 PM [32m    LOG[39m [38;5;3m[LocalDatabaseModule] [39m[32mSkipping already-applied migration: 0000_sour_king_cobra.sql[39m
nextjs-nestjs-api-dev  | api:dev: [32m[Nest] 212  - [39m09/07/2026, 3:03:52 PM [32m    LOG[39m [38;5;3m[LocalDatabaseModule] [39m[32mSkipping already-applied migration: 0001_optimal_prowler.sql[39m
nextjs-nestjs-api-dev  | api:dev: [32m[Nest] 212  - [39m09/07/2026, 3:03:52 PM [32m    LOG[39m [38;5;3m[LocalDatabaseModule] [39m[32mSkipping already-applied migration: 0002_add_node_config_strategy.sql[39m
nextjs-nestjs-api-dev  | api:dev: [32m[Nest] 212  - [39m09/07/2026, 3:03:52 PM [32m    LOG[39m [38;5;3m[LocalDatabaseModule] [39m[32mSkipping already-applied migration: 0003_add_node_config_database_url.sql[39m
nextjs-nestjs-api-dev  | api:dev: [32m[Nest] 212  - [39m09/07/2026, 3:03:52 PM [32m    LOG[39m [38;5;3m[LocalDatabaseModule] [39m[32mSkipping already-applied migration: 0004_violet_sandman.sql[39m
nextjs-nestjs-api-dev  | api:dev: [32m[Nest] 212  - [39m09/07/2026, 3:03:52 PM [32m    LOG[39m [38;5;3m[LocalDatabaseModule] [39m[32mSkipping already-applied migration: 0005_absent_stark_industries.sql[39m
nextjs-nestjs-api-dev  | api:dev: [32m[Nest] 212  - [39m09/07/2026, 3:03:52 PM [32m    LOG[39m [38;5;3m[LocalDatabaseModule] [39m[32mSkipping already-applied migration: 0006_add_mesh_shared_secret.sql[39m
nextjs-nestjs-api-dev  | api:dev: [32m[Nest] 212  - [39m09/07/2026, 3:03:52 PM [32m    LOG[39m [38;5;3m[LocalDatabaseModule] [39m[32mSkipping already-applied migration: 0007_aberrant_sabra.sql[39m
nextjs-nestjs-api-dev  | api:dev: [32m[Nest] 212  - [39m09/07/2026, 3:03:52 PM [32m    LOG[39m [38;5;3m[LocalDatabaseModule] [39m[32mSkipping already-applied migration: 0008_add_scan_config.sql[39m
nextjs-nestjs-api-dev  | api:dev: [32m[Nest] 212  - [39m09/07/2026, 3:03:52 PM [32m    LOG[39m [38;5;3m[LocalDatabaseModule] [39m[32mSkipping already-applied migration: 0009_aspiring_secret_warriors.sql[39m
nextjs-nestjs-api-dev  | api:dev: [32m[Nest] 212  - [39m09/07/2026, 3:03:52 PM [32m    LOG[39m [38;5;3m[LocalDatabaseModule] [39m[32mSkipping already-applied migration: 0010_rare_jazinda.sql[39m
nextjs-nestjs-api-dev  | api:dev: [32m[Nest] 212  - [39m09/07/2026, 3:03:52 PM [32m    LOG[39m [38;5;3m[LocalDatabaseModule] [39m[32mSkipping already-applied migration: 0011_foamy_spirit.sql[39m
nextjs-nestjs-api-dev  | api:dev: [32m[Nest] 212  - [39m09/07/2026, 3:03:52 PM [32m    LOG[39m [38;5;3m[LocalDatabaseModule] [39m[32mSkipping already-applied migration: 0012_cluster_node.sql[39m
nextjs-nestjs-api-dev  | api:dev: [32m[Nest] 212  - [39m09/07/2026, 3:03:52 PM [32m    LOG[39m [38;5;3m[LocalDatabaseModule] [39m[32mSkipping already-applied migration: 0013_cluster_master_history.sql[39m
nextjs-nestjs-api-dev  | api:dev: [32m[Nest] 212  - [39m09/07/2026, 3:03:52 PM [32m    LOG[39m [38;5;3m[LocalDatabaseModule] [39m[32mSkipping already-applied migration: 0014_cluster_nodes.sql[39m
nextjs-nestjs-api-dev  | api:dev: [32m[Nest] 212  - [39m09/07/2026, 3:03:53 PM [32m    LOG[39m [38;5;3m[GitHubService] [39m[32mGitHub Service initialized - credentials are loaded per-organization from database[39m
nextjs-nestjs-api-dev  | api:dev: [32m[Nest] 212  - [39m09/07/2026, 3:03:53 PM [32m    LOG[39m [38;5;3m[InstanceLoader] [39m[32mAppLifecycleModule dependencies initialized[39m[38;5;3m +93ms[39m
nextjs-nestjs-api-dev  | api:dev: [32m[Nest] 212  - [39m09/07/2026, 3:03:53 PM [32m    LOG[39m [38;5;3m[InstanceLoader] [39m[32mSupervisorsModule dependencies initialized[39m[38;5;3m +0ms[39m
nextjs-nestjs-api-dev  | api:dev: [32m[Nest] 212  - [39m09/07/2026, 3:03:53 PM [32m    LOG[39m [38;5;3m[InstanceLoader] [39m[32mDeploymentCoreModule dependencies initialized[39m[38;5;3m +0ms[39m
nextjs-nestjs-api-dev  | api:dev: [32m[Nest] 212  - [39m09/07/2026, 3:03:53 PM [32m    LOG[39m [38;5;3m[InstanceLoader] [39m[32mGitHubModule dependencies initialized[39m[38;5;3m +1ms[39m
nextjs-nestjs-api-dev  | api:dev: [32m[Nest] 212  - [39m09/07/2026, 3:03:53 PM [32m    LOG[39m [38;5;3m[InstanceLoader] [39m[32mGitModule dependencies initialized[39m[38;5;3m +0ms[39m
nextjs-nestjs-api-dev  | api:dev: [32m[Nest] 212  - [39m09/07/2026, 3:03:53 PM [32m    LOG[39m [38;5;3m[InstanceLoader] [39m[32mSystemMetricsModule dependencies initialized[39m[38;5;3m +0ms[39m
nextjs-nestjs-api-dev  | api:dev: [32m[Nest] 212  - [39m09/07/2026, 3:03:53 PM [32m    LOG[39m [38;5;3m[InstanceLoader] [39m[32mMeshRuntimeModule dependencies initialized[39m[38;5;3m +0ms[39m
nextjs-nestjs-api-dev  | api:dev: [32m[Nest] 212  - [39m09/07/2026, 3:03:53 PM [32m    LOG[39m [38;5;3m[InstanceLoader] [39m[32mMeshInitializationModule dependencies initialized[39m[38;5;3m +0ms[39m
nextjs-nestjs-api-dev  | api:dev: [32m[Nest] 212  - [39m09/07/2026, 3:03:53 PM [32m    LOG[39m [38;5;3m[traefikEventService] [39m[32mTraefikEventService initialized[39m
nextjs-nestjs-api-dev  | api:dev: [32m[Nest] 212  - [39m09/07/2026, 3:03:53 PM [32m    LOG[39m [38;5;3m[InstanceLoader] [39m[32mConfigHostModule dependencies initialized[39m[38;5;3m +17ms[39m
nextjs-nestjs-api-dev  | api:dev: [32m[Nest] 212  - [39m09/07/2026, 3:03:53 PM [32m    LOG[39m [38;5;3m[InstanceLoader] [39m[32mLocalDatabaseModule dependencies initialized[39m[38;5;3m +0ms[39m
nextjs-nestjs-api-dev  | api:dev: [32m[Nest] 212  - [39m09/07/2026, 3:03:53 PM [32m    LOG[39m [38;5;3m[InstanceLoader] [39m[32mDiscoveryModule dependencies initialized[39m[38;5;3m +2ms[39m
nextjs-nestjs-api-dev  | api:dev: [32m[Nest] 212  - [39m09/07/2026, 3:03:53 PM [32m    LOG[39m [38;5;3m[EnvService] [39m[32mEnvService constructor called. ConfigService available: true[39m
nextjs-nestjs-api-dev  | api:dev: [32m[Nest] 212  - [39m09/07/2026, 3:03:53 PM [32m    LOG[39m [38;5;3m[InstanceLoader] [39m[32mConfigModule dependencies initialized[39m[38;5;3m +80ms[39m
nextjs-nestjs-api-dev  | api:dev: [32m[Nest] 212  - [39m09/07/2026, 3:03:53 PM [32m    LOG[39m [38;5;3m[InstanceLoader] [39m[32mConfigurationCoreModule dependencies initialized[39m[38;5;3m +1ms[39m
nextjs-nestjs-api-dev  | api:dev: [32m[Nest] 212  - [39m09/07/2026, 3:03:53 PM [32m    LOG[39m [38;5;3m[InstanceLoader] [39m[32mDeploymentStorageProvidersModule dependencies initialized[39m[38;5;3m +2ms[39m
nextjs-nestjs-api-dev  | api:dev: [32m[Nest] 212  - [39m09/07/2026, 3:03:53 PM [32m    LOG[39m [38;5;3m[InstanceLoader] [39m[32mORPCModule dependencies initialized[39m[38;5;3m +1ms[39m
nextjs-nestjs-api-dev  | api:dev: [32m[Nest] 212  - [39m09/07/2026, 3:03:53 PM [32m    LOG[39m [38;5;3m[DockerService] [39m[32mDocker socket found - mode: 140660, uid: 0, gid: 984[39m
nextjs-nestjs-api-dev  | api:dev: [32m[Nest] 212  - [39m09/07/2026, 3:03:53 PM [32m    LOG[39m [38;5;3m[DockerService] [39m[32mConfigured Docker client via DOCKER_HOST unix socket (/var/run/docker.sock)[39m
nextjs-nestjs-api-dev  | api:dev: [32m[Nest] 212  - [39m09/07/2026, 3:03:53 PM [32m    LOG[39m [38;5;3m[GlobalDatabaseModule] [39m[32m📦 Compose-managed global DB (MANAGED_GLOBAL_DB_ENABLED=true) — creating shared pool from env[39m
nextjs-nestjs-api-dev  | api:dev: [32m[Nest] 212  - [39m09/07/2026, 3:03:53 PM [32m    LOG[39m [38;5;3m[InstanceLoader] [39m[32mEnvModule dependencies initialized[39m[38;5;3m +2ms[39m
nextjs-nestjs-api-dev  | api:dev: [32m[Nest] 212  - [39m09/07/2026, 3:03:53 PM [32m    LOG[39m [38;5;3m[RenderService] [39m[32m✓ Loaded template from /app/node_modules/.bun/@nestjs-ssr+react@0.3.28+013675d02153537a/node_modules/@nestjs-ssr/react/src/templates/index.html[39m
nextjs-nestjs-api-dev  | api:dev: [32m[Nest] 212  - [39m09/07/2026, 3:03:53 PM [32m    LOG[39m [38;5;3m[InstanceLoader] [39m[32mDatabaseModule dependencies initialized[39m[38;5;3m +0ms[39m
nextjs-nestjs-api-dev  | api:dev: [32m[Nest] 212  - [39m09/07/2026, 3:03:53 PM [32m    LOG[39m [38;5;3m[InstanceLoader] [39m[32mSetupModule dependencies initialized[39m[38;5;3m +66ms[39m
nextjs-nestjs-api-dev  | api:dev: [32m[Nest] 212  - [39m09/07/2026, 3:03:53 PM [32m    LOG[39m [38;5;3m[InstanceLoader] [39m[32mProviderSchemaModule dependencies initialized[39m[38;5;3m +0ms[39m
nextjs-nestjs-api-dev  | api:dev: [32m[Nest] 212  - [39m09/07/2026, 3:03:53 PM [32m    LOG[39m [38;5;3m[InstanceLoader] [39m[32mCoreDockerModule dependencies initialized[39m[38;5;3m +1ms[39m
nextjs-nestjs-api-dev  | api:dev: [32m[Nest] 212  - [39m09/07/2026, 3:03:53 PM [32m    LOG[39m [38;5;3m[InstanceLoader] [39m[32mGlobalDatabaseModule dependencies initialized[39m[38;5;3m +3ms[39m
nextjs-nestjs-api-dev  | api:dev: [32m[Nest] 212  - [39m09/07/2026, 3:03:53 PM [32m    LOG[39m [38;5;3m[InstanceLoader] [39m[32mReachabilityModule dependencies initialized[39m[38;5;3m +0ms[39m
nextjs-nestjs-api-dev  | api:dev: [32m[Nest] 212  - [39m09/07/2026, 3:03:53 PM [32m    LOG[39m [38;5;3m[InstanceLoader] [39m[32mRenderModule dependencies initialized[39m[38;5;3m +2ms[39m
nextjs-nestjs-api-dev  | api:dev: [32m[Nest] 212  - [39m09/07/2026, 3:03:53 PM [32m    LOG[39m [38;5;3m[InstanceLoader] [39m[32mBootstrapModule dependencies initialized[39m[38;5;3m +33ms[39m
nextjs-nestjs-api-dev  | api:dev: [32m[Nest] 212  - [39m09/07/2026, 3:03:53 PM [32m    LOG[39m [38;5;3m[InstanceLoader] [39m[32mDockerModule dependencies initialized[39m[38;5;3m +4ms[39m
nextjs-nestjs-api-dev  | api:dev: [32m[Nest] 212  - [39m09/07/2026, 3:03:53 PM [32m    LOG[39m [38;5;3m[InstanceLoader] [39m[32mAuthModule dependencies initialized[39m[38;5;3m +11ms[39m
nextjs-nestjs-api-dev  | api:dev: [32m[Nest] 212  - [39m09/07/2026, 3:03:53 PM [32m    LOG[39m [38;5;3m[InstanceLoader] [39m[32mEventsModule dependencies initialized[39m[38;5;3m +0ms[39m
nextjs-nestjs-api-dev  | api:dev: [32m[Nest] 212  - [39m09/07/2026, 3:03:53 PM [32m    LOG[39m [38;5;3m[InstanceLoader] [39m[32mProjectCoreModule dependencies initialized[39m[38;5;3m +0ms[39m
nextjs-nestjs-api-dev  | api:dev: [32m[Nest] 212  - [39m09/07/2026, 3:03:53 PM [32m    LOG[39m [38;5;3m[InstanceLoader] [39m[32mPermissionModule dependencies initialized[39m[38;5;3m +3ms[39m
nextjs-nestjs-api-dev  | api:dev: [32m[Nest] 212  - [39m09/07/2026, 3:03:53 PM [32m    LOG[39m [38;5;3m[InstanceLoader] [39m[32mCorePlatformIngressModule dependencies initialized[39m[38;5;3m +0ms[39m
nextjs-nestjs-api-dev  | api:dev: [32m[Nest] 212  - [39m09/07/2026, 3:03:53 PM [32m    LOG[39m [38;5;3m[InstanceLoader] [39m[32mSwarmCoreModule dependencies initialized[39m[38;5;3m +0ms[39m
nextjs-nestjs-api-dev  | api:dev: [32m[Nest] 212  - [39m09/07/2026, 3:03:53 PM [32m    LOG[39m [38;5;3m[InstanceLoader] [39m[32mDockerRepositoriesModule dependencies initialized[39m[38;5;3m +0ms[39m
nextjs-nestjs-api-dev  | api:dev: [32m[Nest] 212  - [39m09/07/2026, 3:03:53 PM [32m    LOG[39m [38;5;3m[InstanceLoader] [39m[32mAppModule dependencies initialized[39m[38;5;3m +9ms[39m
nextjs-nestjs-api-dev  | api:dev: [32m[Nest] 212  - [39m09/07/2026, 3:03:53 PM [32m    LOG[39m [38;5;3m[InstanceLoader] [39m[32mCoreReachabilityModule dependencies initialized[39m[38;5;3m +0ms[39m
nextjs-nestjs-api-dev  | api:dev: [32m[Nest] 212  - [39m09/07/2026, 3:03:53 PM [32m    LOG[39m [38;5;3m[InstanceLoader] [39m[32mCoreInitializationModule dependencies initialized[39m[38;5;3m +0ms[39m
nextjs-nestjs-api-dev  | api:dev: [32m[Nest] 212  - [39m09/07/2026, 3:03:53 PM [32m    LOG[39m [38;5;3m[InstanceLoader] [39m[32mTraefikCoreModule dependencies initialized[39m[38;5;3m +3ms[39m
nextjs-nestjs-api-dev  | api:dev: [32m[Nest] 212  - [39m09/07/2026, 3:03:53 PM [32m    LOG[39m [38;5;3m[InstanceLoader] [39m[32mTestModule dependencies initialized[39m[38;5;3m +2ms[39m
nextjs-nestjs-api-dev  | api:dev: [32m[Nest] 212  - [39m09/07/2026, 3:03:53 PM [32m    LOG[39m [38;5;3m[InstanceLoader] [39m[32mCoreDomainModule dependencies initialized[39m[38;5;3m +2ms[39m
nextjs-nestjs-api-dev  | api:dev: [32m[Nest] 212  - [39m09/07/2026, 3:03:53 PM [32m    LOG[39m [38;5;3m[InstanceLoader] [39m[32mClusterModule dependencies initialized[39m[38;5;3m +1ms[39m
nextjs-nestjs-api-dev  | api:dev: [32m[Nest] 212  - [39m09/07/2026, 3:03:53 PM [32m    LOG[39m [38;5;3m[InstanceLoader] [39m[32mFleetModule dependencies initialized[39m[38;5;3m +5ms[39m
nextjs-nestjs-api-dev  | api:dev: [32m[Nest] 212  - [39m09/07/2026, 3:03:53 PM [32m    LOG[39m [38;5;3m[InstanceLoader] [39m[32mHealthModule dependencies initialized[39m[38;5;3m +0ms[39m
nextjs-nestjs-api-dev  | api:dev: [32m[Nest] 212  - [39m09/07/2026, 3:03:53 PM [32m    LOG[39m [38;5;3m[InstanceLoader] [39m[32mPushModule dependencies initialized[39m[38;5;3m +0ms[39m
nextjs-nestjs-api-dev  | api:dev: [32m[Nest] 212  - [39m09/07/2026, 3:03:53 PM [32m    LOG[39m [38;5;3m[InstanceLoader] [39m[32mUserModule dependencies initialized[39m[38;5;3m +0ms[39m
nextjs-nestjs-api-dev  | api:dev: [32m[Nest] 212  - [39m09/07/2026, 3:03:53 PM [32m    LOG[39m [38;5;3m[InstanceLoader] [39m[32mRunnersModule dependencies initialized[39m[38;5;3m +2ms[39m
nextjs-nestjs-api-dev  | api:dev: [32m[Nest] 212  - [39m09/07/2026, 3:03:53 PM [32m    LOG[39m [38;5;3m[InstanceLoader] [39m[32mAnalyticsModule dependencies initialized[39m[38;5;3m +0ms[39m
nextjs-nestjs-api-dev  | api:dev: [32m[Nest] 212  - [39m09/07/2026, 3:03:53 PM [32m    LOG[39m [38;5;3m[InstanceLoader] [39m[32mProjectModule dependencies initialized[39m[38;5;3m +4ms[39m
nextjs-nestjs-api-dev  | api:dev: [32m[Nest] 212  - [39m09/07/2026, 3:03:53 PM [32m    LOG[39m [38;5;3m[InstanceLoader] [39m[32mServiceModule dependencies initialized[39m[38;5;3m +0ms[39m
nextjs-nestjs-api-dev  | api:dev: [32m[Nest] 212  - [39m09/07/2026, 3:03:53 PM [32m    LOG[39m [38;5;3m[InstanceLoader] [39m[32mDomainModule dependencies initialized[39m[38;5;3m +0ms[39m
nextjs-nestjs-api-dev  | api:dev: [32m[Nest] 212  - [39m09/07/2026, 3:03:53 PM [32m    LOG[39m [38;5;3m[InstanceLoader] [39m[32mPlatformModule dependencies initialized[39m[38;5;3m +14ms[39m
nextjs-nestjs-api-dev  | api:dev: [32m[Nest] 212  - [39m09/07/2026, 3:03:53 PM [32m    LOG[39m [38;5;3m[InstanceLoader] [39m[32mProvidersModule dependencies initialized[39m[38;5;3m +7ms[39m
nextjs-nestjs-api-dev  | api:dev: [32m[Nest] 212  - [39m09/07/2026, 3:03:53 PM [32m    LOG[39m [38;5;3m[InstanceLoader] [39m[32mDockerCommonModule dependencies initialized[39m[38;5;3m +12ms[39m
nextjs-nestjs-api-dev  | api:dev: [32m[Nest] 212  - [39m09/07/2026, 3:03:53 PM [32m    LOG[39m [38;5;3m[InstanceLoader] [39m[32mDockerContainersModule dependencies initialized[39m[38;5;3m +0ms[39m
nextjs-nestjs-api-dev  | api:dev: [32m[Nest] 212  - [39m09/07/2026, 3:03:53 PM [32m    LOG[39m [38;5;3m[InstanceLoader] [39m[32mDockerNetworksModule dependencies initialized[39m[38;5;3m +6ms[39m
nextjs-nestjs-api-dev  | api:dev: [32m[Nest] 212  - [39m09/07/2026, 3:03:53 PM [32m    LOG[39m [38;5;3m[InstanceLoader] [39m[32mDockerVolumesModule dependencies initialized[39m[38;5;3m +0ms[39m
nextjs-nestjs-api-dev  | api:dev: [32m[Nest] 212  - [39m09/07/2026, 3:03:53 PM [32m    LOG[39m [38;5;3m[InstanceLoader] [39m[32mDockerRegistriesModule dependencies initialized[39m[38;5;3m +0ms[39m
nextjs-nestjs-api-dev  | api:dev: [32m[Nest] 212  - [39m09/07/2026, 3:03:53 PM [32m    LOG[39m [38;5;3m[InstanceLoader] [39m[32mDockerStacksModule dependencies initialized[39m[38;5;3m +0ms[39m
nextjs-nestjs-api-dev  | api:dev: [32m[Nest] 212  - [39m09/07/2026, 3:03:53 PM [32m    LOG[39m [38;5;3m[InstanceLoader] [39m[32mDockerRuntimeModule dependencies initialized[39m[38;5;3m +1ms[39m
nextjs-nestjs-api-dev  | api:dev: [32m[Nest] 212  - [39m09/07/2026, 3:03:53 PM [32m    LOG[39m [38;5;3m[InstanceLoader] [39m[32mDockerImagesModule dependencies initialized[39m[38;5;3m +0ms[39m
nextjs-nestjs-api-dev  | api:dev: [32m[Nest] 212  - [39m09/07/2026, 3:03:53 PM [32m    LOG[39m [38;5;3m[InstanceLoader] [39m[32mDockerEntityModule dependencies initialized[39m[38;5;3m +2ms[39m
nextjs-nestjs-api-dev  | api:dev: [32m[Nest] 212  - [39m09/07/2026, 3:03:53 PM [32m    LOG[39m [38;5;3m[InstanceLoader] [39m[32mMeshCoreModule dependencies initialized[39m[38;5;3m +0ms[39m
nextjs-nestjs-api-dev  | api:dev: [32m[Nest] 212  - [39m09/07/2026, 3:03:53 PM [32m    LOG[39m [38;5;3m[InstanceLoader] [39m[32mDeploymentModule dependencies initialized[39m[38;5;3m +0ms[39m
nextjs-nestjs-api-dev  | api:dev: [32m[Nest] 212  - [39m09/07/2026, 3:03:53 PM [32m    LOG[39m [38;5;3m[AuthModule] [39m[32mBetterAuth handler registered at "/api/auth"[39m
nextjs-nestjs-api-dev  | api:dev: [33m[Nest] 212  - [39m09/07/2026, 3:03:53 PM [33m   WARN[39m [38;5;3m[LegacyRouteConverter] [39m[33mUnsupported route path: "/manage/*". In previous versions, the symbols ?, *, and + were used to denote optional or repeating path parameters. The latest version of "path-to-regexp" now requires the use of named parameters. For example, instead of using a route like /users/* to capture all routes starting with "/users", you should use /users/*path. For more details, refer to the migration guide. Attempting to auto-convert to "/manage/{*path}"...[39m
nextjs-nestjs-api-dev  | api:dev: [32m[Nest] 212  - [39m09/07/2026, 3:03:53 PM [32m    LOG[39m [38;5;3m[RoutesResolver] [39m[32mPlatformController {/}:[39m[38;5;3m +3ms[39m
nextjs-nestjs-api-dev  | api:dev: [32m[Nest] 212  - [39m09/07/2026, 3:03:53 PM [32m    LOG[39m [38;5;3m[RouterExplorer] [39m[32mMapped {/platform/app-instances/register, POST} route[39m[38;5;3m +3ms[39m
nextjs-nestjs-api-dev  | api:dev: [32m[Nest] 212  - [39m09/07/2026, 3:03:53 PM [32m    LOG[39m [38;5;3m[RouterExplorer] [39m[32mMapped {/platform/app-instances/heartbeat, POST} route[39m[38;5;3m +1ms[39m
nextjs-nestjs-api-dev  | api:dev: [32m[Nest] 212  - [39m09/07/2026, 3:03:53 PM [32m    LOG[39m [38;5;3m[RouterExplorer] [39m[32mMapped {/platform/app-instances, GET} route[39m[38;5;3m +0ms[39m
nextjs-nestjs-api-dev  | api:dev: [32m[Nest] 212  - [39m09/07/2026, 3:03:53 PM [32m    LOG[39m [38;5;3m[RouterExplorer] [39m[32mMapped {/platform/app-instances/revoke, DELETE} route[39m[38;5;3m +2ms[39m
nextjs-nestjs-api-dev  | api:dev: [32m[Nest] 212  - [39m09/07/2026, 3:03:53 PM [32m    LOG[39m [38;5;3m[RoutesResolver] [39m[32mPlatformConsoleController {/manage}:[39m[38;5;3m +0ms[39m
nextjs-nestjs-api-dev  | api:dev: [32m[Nest] 212  - [39m09/07/2026, 3:03:53 PM [32m    LOG[39m [38;5;3m[RouterExplorer] [39m[32mMapped {/manage/web-app, GET} route[39m[38;5;3m +3ms[39m
nextjs-nestjs-api-dev  | api:dev: [32m[Nest] 212  - [39m09/07/2026, 3:03:53 PM [32m    LOG[39m [38;5;3m[RouterExplorer] [39m[32mMapped {/manage/login, GET} route[39m[38;5;3m +1ms[39m
nextjs-nestjs-api-dev  | api:dev: [32m[Nest] 212  - [39m09/07/2026, 3:03:53 PM [32m    LOG[39m [38;5;3m[RoutesResolver] [39m[32mPlatformManagedWebController {/}:[39m[38;5;3m +0ms[39m
nextjs-nestjs-api-dev  | api:dev: [32m[Nest] 212  - [39m09/07/2026, 3:03:53 PM [32m    LOG[39m [38;5;3m[RouterExplorer] [39m[32mMapped {/platform/managed-web/state, GET} route[39m[38;5;3m +1ms[39m
nextjs-nestjs-api-dev  | api:dev: [32m[Nest] 212  - [39m09/07/2026, 3:03:53 PM [32m    LOG[39m [38;5;3m[RouterExplorer] [39m[32mMapped {/platform/managed-web/toggle, POST} route[39m[38;5;3m +0ms[39m
nextjs-nestjs-api-dev  | api:dev: [32m[Nest] 212  - [39m09/07/2026, 3:03:53 PM [32m    LOG[39m [38;5;3m[RouterExplorer] [39m[32mMapped {/platform/managed-web/restart, POST} route[39m[38;5;3m +1ms[39m
nextjs-nestjs-api-dev  | api:dev: [32m[Nest] 212  - [39m09/07/2026, 3:03:53 PM [32m    LOG[39m [38;5;3m[RouterExplorer] [39m[32mMapped {/platform/managed-web/origin, POST} route[39m[38;5;3m +3ms[39m
nextjs-nestjs-api-dev  | api:dev: [32m[Nest] 212  - [39m09/07/2026, 3:03:53 PM [32m    LOG[39m [38;5;3m[RouterExplorer] [39m[32mMapped {/platform/managed-web/tunnel/enable, POST} route[39m[38;5;3m +0ms[39m
nextjs-nestjs-api-dev  | api:dev: [32m[Nest] 212  - [39m09/07/2026, 3:03:53 PM [32m    LOG[39m [38;5;3m[RouterExplorer] [39m[32mMapped {/platform/managed-web/tunnel/disable, POST} route[39m[38;5;3m +1ms[39m
nextjs-nestjs-api-dev  | api:dev: [32m[Nest] 212  - [39m09/07/2026, 3:03:53 PM [32m    LOG[39m [38;5;3m[RoutesResolver] [39m[32mGitHubAppsController {/}:[39m[38;5;3m +0ms[39m
nextjs-nestjs-api-dev  | api:dev: [32m[Nest] 212  - [39m09/07/2026, 3:03:53 PM [32m    LOG[39m [38;5;3m[RouterExplorer] [39m[32mMapped {/github/apps, GET} route[39m[38;5;3m +3ms[39m
nextjs-nestjs-api-dev  | api:dev: [32m[Nest] 212  - [39m09/07/2026, 3:03:53 PM [32m    LOG[39m [38;5;3m[RouterExplorer] [39m[32mMapped {/github/apps, POST} route[39m[38;5;3m +2ms[39m
nextjs-nestjs-api-dev  | api:dev: [32m[Nest] 212  - [39m09/07/2026, 3:03:53 PM [32m    LOG[39m [38;5;3m[RouterExplorer] [39m[32mMapped {/github/apps/:id, PUT} route[39m[38;5;3m +2ms[39m
nextjs-nestjs-api-dev  | api:dev: [32m[Nest] 212  - [39m09/07/2026, 3:03:53 PM [32m    LOG[39m [38;5;3m[RouterExplorer] [39m[32mMapped {/github/apps/:id, DELETE} route[39m[38;5;3m +0ms[39m
nextjs-nestjs-api-dev  | api:dev: [32m[Nest] 212  - [39m09/07/2026, 3:03:53 PM [32m    LOG[39m [38;5;3m[RouterExplorer] [39m[32mMapped {/github/apps/self-check, GET} route[39m[38;5;3m +1ms[39m
nextjs-nestjs-api-dev  | api:dev: [32m[Nest] 212  - [39m09/07/2026, 3:03:53 PM [32m    LOG[39m [38;5;3m[RouterExplorer] [39m[32mMapped {/github/manifest/init, POST} route[39m[38;5;3m +0ms[39m
nextjs-nestjs-api-dev  | api:dev: [32m[Nest] 212  - [39m09/07/2026, 3:03:53 PM [32m    LOG[39m [38;5;3m[RouterExplorer] [39m[32mMapped {/github/manifest/callback, POST} route[39m[38;5;3m +2ms[39m
nextjs-nestjs-api-dev  | api:dev: [32m[Nest] 212  - [39m09/07/2026, 3:03:53 PM [32m    LOG[39m [38;5;3m[RouterExplorer] [39m[32mMapped {/github/install/callback, POST} route[39m[38;5;3m +2ms[39m
nextjs-nestjs-api-dev  | api:dev: [32m[Nest] 212  - [39m09/07/2026, 3:03:53 PM [32m    LOG[39m [38;5;3m[RouterExplorer] [39m[32mMapped {/github/apps/pat, POST} route[39m[38;5;3m +1ms[39m
nextjs-nestjs-api-dev  | api:dev: [32m[Nest] 212  - [39m09/07/2026, 3:03:53 PM [32m    LOG[39m [38;5;3m[RouterExplorer] [39m[32mMapped {/github/apps/:appId/oauth/init, POST} route[39m[38;5;3m +0ms[39m
nextjs-nestjs-api-dev  | api:dev: [32m[Nest] 212  - [39m09/07/2026, 3:03:53 PM [32m    LOG[39m [38;5;3m[RouterExplorer] [39m[32mMapped {/github/oauth/callback, POST} route[39m[38;5;3m +1ms[39m
nextjs-nestjs-api-dev  | api:dev: [32m[Nest] 212  - [39m09/07/2026, 3:03:53 PM [32m    LOG[39m [38;5;3m[RouterExplorer] [39m[32mMapped {/github/repos, GET} route[39m[38;5;3m +1ms[39m
nextjs-nestjs-api-dev  | api:dev: [32m[Nest] 212  - [39m09/07/2026, 3:03:53 PM [32m    LOG[39m [38;5;3m[RouterExplorer] [39m[32mMapped {/github/repos/:owner/:repo/branches, GET} route[39m[38;5;3m +0ms[39m
nextjs-nestjs-api-dev  | api:dev: [32m[Nest] 212  - [39m09/07/2026, 3:03:53 PM [32m    LOG[39m [38;5;3m[RouterExplorer] [39m[32mMapped {/github/repos/:owner/:repo/detect, GET} route[39m[38;5;3m +1ms[39m
nextjs-nestjs-api-dev  | api:dev: [32m[Nest] 212  - [39m09/07/2026, 3:03:53 PM [32m    LOG[39m [38;5;3m[RoutesResolver] [39m[32mGitlabAppsController {/}:[39m[38;5;3m +0ms[39m
nextjs-nestjs-api-dev  | api:dev: [32m[Nest] 212  - [39m09/07/2026, 3:03:53 PM [32m    LOG[39m [38;5;3m[RouterExplorer] [39m[32mMapped {/gitlab/apps, GET} route[39m[38;5;3m +1ms[39m
nextjs-nestjs-api-dev  | api:dev: [32m[Nest] 212  - [39m09/07/2026, 3:03:53 PM [32m    LOG[39m [38;5;3m[RouterExplorer] [39m[32mMapped {/gitlab/apps, POST} route[39m[38;5;3m +1ms[39m
nextjs-nestjs-api-dev  | api:dev: [32m[Nest] 212  - [39m09/07/2026, 3:03:53 PM [32m    LOG[39m [38;5;3m[RouterExplorer] [39m[32mMapped {/gitlab/apps/:id, DELETE} route[39m[38;5;3m +1ms[39m
nextjs-nestjs-api-dev  | api:dev: [32m[Nest] 212  - [39m09/07/2026, 3:03:53 PM [32m    LOG[39m [38;5;3m[RoutesResolver] [39m[32mGithubWebhooksController {/}:[39m[38;5;3m +0ms[39m
nextjs-nestjs-api-dev  | api:dev: [32m[Nest] 212  - [39m09/07/2026, 3:03:53 PM [32m    LOG[39m [38;5;3m[RouterExplorer] [39m[32mMapped {/webhooks/github, POST} route[39m[38;5;3m +0ms[39m
nextjs-nestjs-api-dev  | api:dev: [32m[Nest] 212  - [39m09/07/2026, 3:03:53 PM [32m    LOG[39m [38;5;3m[RoutesResolver] [39m[32mDnsProvidersController {/}:[39m[38;5;3m +0ms[39m
nextjs-nestjs-api-dev  | api:dev: [32m[Nest] 212  - [39m09/07/2026, 3:03:53 PM [32m    LOG[39m [38;5;3m[RouterExplorer] [39m[32mMapped {/dns/providers, GET} route[39m[38;5;3m +1ms[39m
nextjs-nestjs-api-dev  | api:dev: [32m[Nest] 212  - [39m09/07/2026, 3:03:53 PM [32m    LOG[39m [38;5;3m[RouterExplorer] [39m[32mMapped {/dns/providers, POST} route[39m[38;5;3m +0ms[39m
nextjs-nestjs-api-dev  | api:dev: [32m[Nest] 212  - [39m09/07/2026, 3:03:53 PM [32m    LOG[39m [38;5;3m[RouterExplorer] [39m[32mMapped {/dns/providers/:id, PUT} route[39m[38;5;3m +2ms[39m
nextjs-nestjs-api-dev  | api:dev: [32m[Nest] 212  - [39m09/07/2026, 3:03:53 PM [32m    LOG[39m [38;5;3m[RouterExplorer] [39m[32mMapped {/dns/providers/:id, DELETE} route[39m[38;5;3m +0ms[39m
nextjs-nestjs-api-dev  | api:dev: [32m[Nest] 212  - [39m09/07/2026, 3:03:53 PM [32m    LOG[39m [38;5;3m[RouterExplorer] [39m[32mMapped {/dns/providers/:id/state, GET} route[39m[38;5;3m +0ms[39m
nextjs-nestjs-api-dev  | api:dev: [32m[Nest] 212  - [39m09/07/2026, 3:03:53 PM [32m    LOG[39m [38;5;3m[RoutesResolver] [39m[32mCloudflareController {/}:[39m[38;5;3m +0ms[39m
nextjs-nestjs-api-dev  | api:dev: [32m[Nest] 212  - [39m09/07/2026, 3:03:53 PM [32m    LOG[39m [38;5;3m[RouterExplorer] [39m[32mMapped {/dns/cloudflare/:providerId/zones, GET} route[39m[38;5;3m +1ms[39m
nextjs-nestjs-api-dev  | api:dev: [32m[Nest] 212  - [39m09/07/2026, 3:03:53 PM [32m    LOG[39m [38;5;3m[RouterExplorer] [39m[32mMapped {/dns/cloudflare/:providerId/zones/:zoneId/records, GET} route[39m[38;5;3m +1ms[39m
nextjs-nestjs-api-dev  | api:dev: [32m[Nest] 212  - [39m09/07/2026, 3:03:53 PM [32m    LOG[39m [38;5;3m[RouterExplorer] [39m[32mMapped {/dns/cloudflare/:providerId/zones/:zoneId/check, GET} route[39m[38;5;3m +2ms[39m
nextjs-nestjs-api-dev  | api:dev: [32m[Nest] 212  - [39m09/07/2026, 3:03:53 PM [32m    LOG[39m [38;5;3m[RouterExplorer] [39m[32mMapped {/dns/cloudflare/:providerId/zones/:zoneId/records, POST} route[39m[38;5;3m +0ms[39m
nextjs-nestjs-api-dev  | api:dev: [32m[Nest] 212  - [39m09/07/2026, 3:03:53 PM [32m    LOG[39m [38;5;3m[RouterExplorer] [39m[32mMapped {/dns/cloudflare/:providerId/zones/:zoneId/records/:id, DELETE} route[39m[38;5;3m +1ms[39m
nextjs-nestjs-api-dev  | api:dev: [32m[Nest] 212  - [39m09/07/2026, 3:03:53 PM [32m    LOG[39m [38;5;3m[RouterExplorer] [39m[32mMapped {/dns/cloudflare/:providerId/tunnels, GET} route[39m[38;5;3m +0ms[39m
nextjs-nestjs-api-dev  | api:dev: [32m[Nest] 212  - [39m09/07/2026, 3:03:53 PM [32m    LOG[39m [38;5;3m[RouterExplorer] [39m[32mMapped {/dns/cloudflare/:providerId/tunnels/:id, GET} route[39m[38;5;3m +0ms[39m
nextjs-nestjs-api-dev  | api:dev: [32m[Nest] 212  - [39m09/07/2026, 3:03:53 PM [32m    LOG[39m [38;5;3m[RouterExplorer] [39m[32mMapped {/dns/cloudflare/:providerId/tunnels, POST} route[39m[38;5;3m +0ms[39m
nextjs-nestjs-api-dev  | api:dev: [32m[Nest] 212  - [39m09/07/2026, 3:03:53 PM [32m    LOG[39m [38;5;3m[RouterExplorer] [39m[32mMapped {/dns/cloudflare/:providerId/tunnels/:id, DELETE} route[39m[38;5;3m +1ms[39m
nextjs-nestjs-api-dev  | api:dev: [32m[Nest] 212  - [39m09/07/2026, 3:03:53 PM [32m    LOG[39m [38;5;3m[RouterExplorer] [39m[32mMapped {/dns/cloudflare/:providerId/tunnels/:id/token, GET} route[39m[38;5;3m +1ms[39m
nextjs-nestjs-api-dev  | api:dev: [32m[Nest] 212  - [39m09/07/2026, 3:03:53 PM [32m    LOG[39m [38;5;3m[RoutesResolver] [39m[32mAnalyticsController {/}:[39m[38;5;3m +0ms[39m
nextjs-nestjs-api-dev  | api:dev: [32m[Nest] 212  - [39m09/07/2026, 3:03:53 PM [32m    LOG[39m [38;5;3m[RouterExplorer] [39m[32mMapped {/analytics/metrics/resources, GET} route[39m[38;5;3m +1ms[39m
nextjs-nestjs-api-dev  | api:dev: [32m[Nest] 212  - [39m09/07/2026, 3:03:53 PM [32m    LOG[39m [38;5;3m[RouterExplorer] [39m[32mMapped {/analytics/metrics/application, GET} route[39m[38;5;3m +0ms[39m
nextjs-nestjs-api-dev  | api:dev: [32m[Nest] 212  - [39m09/07/2026, 3:03:53 PM [32m    LOG[39m [38;5;3m[RouterExplorer] [39m[32mMapped {/analytics/metrics/database, GET} route[39m[38;5;3m +1ms[39m
nextjs-nestjs-api-dev  | api:dev: [32m[Nest] 212  - [39m09/07/2026, 3:03:53 PM [32m    LOG[39m [38;5;3m[RouterExplorer] [39m[32mMapped {/analytics/metrics/deployments, GET} route[39m[38;5;3m +0ms[39m
nextjs-nestjs-api-dev  | api:dev: [32m[Nest] 212  - [39m09/07/2026, 3:03:53 PM [32m    LOG[39m [38;5;3m[RouterExplorer] [39m[32mMapped {/analytics/metrics/health, GET} route[39m[38;5;3m +1ms[39m
nextjs-nestjs-api-dev  | api:dev: [32m[Nest] 212  - [39m09/07/2026, 3:03:53 PM [32m    LOG[39m [38;5;3m[RouterExplorer] [39m[32mMapped {/analytics/metrics/realtime, GET} route[39m[38;5;3m +0ms[39m
nextjs-nestjs-api-dev  | api:dev: [32m[Nest] 212  - [39m09/07/2026, 3:03:53 PM [32m    LOG[39m [38;5;3m[RouterExplorer] [39m[32mMapped {/analytics/usage/resources, GET} route[39m[38;5;3m +1ms[39m
nextjs-nestjs-api-dev  | api:dev: [32m[Nest] 212  - [39m09/07/2026, 3:03:53 PM [32m    LOG[39m [38;5;3m[RouterExplorer] [39m[32mMapped {/analytics/usage/activity, GET} route[39m[38;5;3m +0ms[39m
nextjs-nestjs-api-dev  | api:dev: [32m[Nest] 212  - [39m09/07/2026, 3:03:53 PM [32m    LOG[39m [38;5;3m[RouterExplorer] [39m[32mMapped {/analytics/usage/activity/summary, GET} route[39m[38;5;3m +1ms[39m
nextjs-nestjs-api-dev  | api:dev: [32m[Nest] 212  - [39m09/07/2026, 3:03:53 PM [32m    LOG[39m [38;5;3m[RouterExplorer] [39m[32mMapped {/analytics/usage/api, GET} route[39m[38;5;3m +0ms[39m
nextjs-nestjs-api-dev  | api:dev: [32m[Nest] 212  - [39m09/07/2026, 3:03:53 PM [32m    LOG[39m [38;5;3m[RouterExplorer] [39m[32mMapped {/analytics/usage/deployments, GET} route[39m[38;5;3m +0ms[39m
nextjs-nestjs-api-dev  | api:dev: [32m[Nest] 212  - [39m09/07/2026, 3:03:53 PM [32m    LOG[39m [38;5;3m[RouterExplorer] [39m[32mMapped {/analytics/usage/storage, GET} route[39m[38;5;3m +0ms[39m
nextjs-nestjs-api-dev  | api:dev: [32m[Nest] 212  - [39m09/07/2026, 3:03:53 PM [32m    LOG[39m [38;5;3m[RouterExplorer] [39m[32mMapped {/analytics/reports/generate, POST} route[39m[38;5;3m +1ms[39m
nextjs-nestjs-api-dev  | api:dev: [32m[Nest] 212  - [39m09/07/2026, 3:03:53 PM [32m    LOG[39m [38;5;3m[RouterExplorer] [39m[32mMapped {/analytics/reports/:reportId, GET} route[39m[38;5;3m +0ms[39m
nextjs-nestjs-api-dev  | api:dev: [32m[Nest] 212  - [39m09/07/2026, 3:03:53 PM [32m    LOG[39m [38;5;3m[RouterExplorer] [39m[32mMapped {/analytics/reports, GET} route[39m[38;5;3m +0ms[39m
nextjs-nestjs-api-dev  | api:dev: [32m[Nest] 212  - [39m09/07/2026, 3:03:53 PM [32m    LOG[39m [38;5;3m[RouterExplorer] [39m[32mMapped {/analytics/reports/:reportId, DELETE} route[39m[38;5;3m +1ms[39m
nextjs-nestjs-api-dev  | api:dev: [32m[Nest] 212  - [39m09/07/2026, 3:03:53 PM [32m    LOG[39m [38;5;3m[RouterExplorer] [39m[32mMapped {/analytics/reports/:reportId/download, GET} route[39m[38;5;3m +4ms[39m
nextjs-nestjs-api-dev  | api:dev: [32m[Nest] 212  - [39m09/07/2026, 3:03:53 PM [32m    LOG[39m [38;5;3m[RouterExplorer] [39m[32mMapped {/analytics/reports/configurations, POST} route[39m[38;5;3m +1ms[39m
nextjs-nestjs-api-dev  | api:dev: [32m[Nest] 212  - [39m09/07/2026, 3:03:53 PM [32m    LOG[39m [38;5;3m[RouterExplorer] [39m[32mMapped {/analytics/reports/configurations, GET} route[39m[38;5;3m +1ms[39m
nextjs-nestjs-api-dev  | api:dev: [32m[Nest] 212  - [39m09/07/2026, 3:03:53 PM [32m    LOG[39m [38;5;3m[RouterExplorer] [39m[32mMapped {/analytics/reports/configurations/:configId, PUT} route[39m[38;5;3m +0ms[39m
nextjs-nestjs-api-dev  | api:dev: [32m[Nest] 212  - [39m09/07/2026, 3:03:53 PM [32m    LOG[39m [38;5;3m[RouterExplorer] [39m[32mMapped {/analytics/reports/configurations/:configId, DELETE} route[39m[38;5;3m +0ms[39m
nextjs-nestjs-api-dev  | api:dev: [32m[Nest] 212  - [39m09/07/2026, 3:03:53 PM [32m    LOG[39m [38;5;3m[RoutesResolver] [39m[32mAnalyticsDownloadController {/api/analytics}:[39m[38;5;3m +1ms[39m
nextjs-nestjs-api-dev  | api:dev: [32m[Nest] 212  - [39m09/07/2026, 3:03:53 PM [32m    LOG[39m [38;5;3m[RouterExplorer] [39m[32mMapped {/api/analytics/reports/:reportId/download, GET} route[39m[38;5;3m +1ms[39m
nextjs-nestjs-api-dev  | api:dev: [32m[Nest] 212  - [39m09/07/2026, 3:03:53 PM [32m    LOG[39m [38;5;3m[RoutesResolver] [39m[32mDeploymentController {/}:[39m[38;5;3m +0ms[39m
nextjs-nestjs-api-dev  | api:dev: [32m[Nest] 212  - [39m09/07/2026, 3:03:53 PM [32m    LOG[39m [38;5;3m[RouterExplorer] [39m[32mMapped {/deployments, GET} route[39m[38;5;3m +0ms[39m
nextjs-nestjs-api-dev  | api:dev: [32m[Nest] 212  - [39m09/07/2026, 3:03:53 PM [32m    LOG[39m [38;5;3m[RouterExplorer] [39m[32mMapped {/deployments/:serviceId, GET} route[39m[38;5;3m +0ms[39m
nextjs-nestjs-api-dev  | api:dev: [32m[Nest] 212  - [39m09/07/2026, 3:03:53 PM [32m    LOG[39m [38;5;3m[RouterExplorer] [39m[32mMapped {/deployments/:serviceId, POST} route[39m[38;5;3m +2ms[39m
nextjs-nestjs-api-dev  | api:dev: [32m[Nest] 212  - [39m09/07/2026, 3:03:53 PM [32m    LOG[39m [38;5;3m[RouterExplorer] [39m[32mMapped {/deployments/:id, GET} route[39m[38;5;3m +0ms[39m
nextjs-nestjs-api-dev  | api:dev: [32m[Nest] 212  - [39m09/07/2026, 3:03:53 PM [32m    LOG[39m [38;5;3m[RouterExplorer] [39m[32mMapped {/deployments/trigger, POST} route[39m[38;5;3m +0ms[39m
nextjs-nestjs-api-dev  | api:dev: [32m[Nest] 212  - [39m09/07/2026, 3:03:53 PM [32m    LOG[39m [38;5;3m[RouterExplorer] [39m[32mMapped {/deployments/upload-bundle, POST} route[39m[38;5;3m +1ms[39m
nextjs-nestjs-api-dev  | api:dev: [32m[Nest] 212  - [39m09/07/2026, 3:03:53 PM [32m    LOG[39m [38;5;3m[RouterExplorer] [39m[32mMapped {/deployments/:id/cancel, POST} route[39m[38;5;3m +0ms[39m
nextjs-nestjs-api-dev  | api:dev: [32m[Nest] 212  - [39m09/07/2026, 3:03:53 PM [32m    LOG[39m [38;5;3m[RouterExplorer] [39m[32mMapped {/deployments/:id/rollback, POST} route[39m[38;5;3m +1ms[39m
nextjs-nestjs-api-dev  | api:dev: [32m[Nest] 212  - [39m09/07/2026, 3:03:53 PM [32m    LOG[39m [38;5;3m[RouterExplorer] [39m[32mMapped {/deployments/:id/logs, GET} route[39m[38;5;3m +0ms[39m
nextjs-nestjs-api-dev  | api:dev: [32m[Nest] 212  - [39m09/07/2026, 3:03:53 PM [32m    LOG[39m [38;5;3m[RouterExplorer] [39m[32mMapped {/deployments/:id/retry, POST} route[39m[38;5;3m +1ms[39m
nextjs-nestjs-api-dev  | api:dev: [32m[Nest] 212  - [39m09/07/2026, 3:03:53 PM [32m    LOG[39m [38;5;3m[RouterExplorer] [39m[32mMapped {/deployments/:id/rollbacks, GET} route[39m[38;5;3m +0ms[39m
nextjs-nestjs-api-dev  | api:dev: [32m[Nest] 212  - [39m09/07/2026, 3:03:53 PM [32m    LOG[39m [38;5;3m[RouterExplorer] [39m[32mMapped {/deployments/:id/stream, GET} route[39m[38;5;3m +0ms[39m
nextjs-nestjs-api-dev  | api:dev: [32m[Nest] 212  - [39m09/07/2026, 3:03:53 PM [32m    LOG[39m [38;5;3m[RouterExplorer] [39m[32mMapped {/deployments/internal/:id/stream, GET} route[39m[38;5;3m +1ms[39m
nextjs-nestjs-api-dev  | api:dev: [32m[Nest] 212  - [39m09/07/2026, 3:03:53 PM [32m    LOG[39m [38;5;3m[RouterExplorer] [39m[32mMapped {/deployments/services/:serviceId/stream, GET} route[39m[38;5;3m +0ms[39m
nextjs-nestjs-api-dev  | api:dev: [32m[Nest] 212  - [39m09/07/2026, 3:03:53 PM [32m    LOG[39m [38;5;3m[RouterExplorer] [39m[32mMapped {/deployments/stream/query, GET} route[39m[38;5;3m +1ms[39m
nextjs-nestjs-api-dev  | api:dev: [32m[Nest] 212  - [39m09/07/2026, 3:03:53 PM [32m    LOG[39m [38;5;3m[RouterExplorer] [39m[32mMapped {/deployments/streams, GET} route[39m[38;5;3m +0ms[39m
nextjs-nestjs-api-dev  | api:dev: [32m[Nest] 212  - [39m09/07/2026, 3:03:53 PM [32m    LOG[39m [38;5;3m[RouterExplorer] [39m[32mMapped {/deployments/streams/:id, GET} route[39m[38;5;3m +1ms[39m
nextjs-nestjs-api-dev  | api:dev: [32m[Nest] 212  - [39m09/07/2026, 3:03:53 PM [32m    LOG[39m [38;5;3m[RouterExplorer] [39m[32mMapped {/deployments/:id/template-provenance, GET} route[39m[38;5;3m +0ms[39m
nextjs-nestjs-api-dev  | api:dev: [32m[Nest] 212  - [39m09/07/2026, 3:03:53 PM [32m    LOG[39m [38;5;3m[RouterExplorer] [39m[32mMapped {/deployments/:id/template-provenance, PUT} route[39m[38;5;3m +0ms[39m
nextjs-nestjs-api-dev  | api:dev: [32m[Nest] 212  - [39m09/07/2026, 3:03:53 PM [32m    LOG[39m [38;5;3m[RouterExplorer] [39m[32mMapped {/deployments/runs/:runId/template-provenance, GET} route[39m[38;5;3m +1ms[39m
nextjs-nestjs-api-dev  | api:dev: [32m[Nest] 212  - [39m09/07/2026, 3:03:53 PM [32m    LOG[39m [38;5;3m[RouterExplorer] [39m[32mMapped {/deployments/:id/compiled-plan-snapshots, POST} route[39m[38;5;3m +0ms[39m
nextjs-nestjs-api-dev  | api:dev: [32m[Nest] 212  - [39m09/07/2026, 3:03:53 PM [32m    LOG[39m [38;5;3m[RouterExplorer] [39m[32mMapped {/deployments/:id/compiled-plan-snapshots, GET} route[39m[38;5;3m +0ms[39m
nextjs-nestjs-api-dev  | api:dev: [32m[Nest] 212  - [39m09/07/2026, 3:03:53 PM [32m    LOG[39m [38;5;3m[RouterExplorer] [39m[32mMapped {/deployments/compiled-plan-snapshots/:snapshotId, GET} route[39m[38;5;3m +0ms[39m
nextjs-nestjs-api-dev  | api:dev: [32m[Nest] 212  - [39m09/07/2026, 3:03:53 PM [32m    LOG[39m [38;5;3m[RouterExplorer] [39m[32mMapped {/deployments/runs/:runId/compiled-plan-snapshot, GET} route[39m[38;5;3m +0ms[39m
nextjs-nestjs-api-dev  | api:dev: [32m[Nest] 212  - [39m09/07/2026, 3:03:53 PM [32m    LOG[39m [38;5;3m[RouterExplorer] [39m[32mMapped {/deployments/compile-plan, POST} route[39m[38;5;3m +0ms[39m
nextjs-nestjs-api-dev  | api:dev: [32m[Nest] 212  - [39m09/07/2026, 3:03:53 PM [32m    LOG[39m [38;5;3m[RouterExplorer] [39m[32mMapped {/deployments/compile-plan/preview, POST} route[39m[38;5;3m +1ms[39m
nextjs-nestjs-api-dev  | api:dev: [32m[Nest] 212  - [39m09/07/2026, 3:03:53 PM [32m    LOG[39m [38;5;3m[RouterExplorer] [39m[32mMapped {/deployments/compile-plan/rollback-edges, POST} route[39m[38;5;3m +1ms[39m
nextjs-nestjs-api-dev  | api:dev: [32m[Nest] 212  - [39m09/07/2026, 3:03:53 PM [32m    LOG[39m [38;5;3m[RouterExplorer] [39m[32mMapped {/deployments/queue/jobs, POST} route[39m[38;5;3m +0ms[39m
nextjs-nestjs-api-dev  | api:dev: [32m[Nest] 212  - [39m09/07/2026, 3:03:53 PM [32m    LOG[39m [38;5;3m[RouterExplorer] [39m[32mMapped {/deployments/queue/jobs/claim, POST} route[39m[38;5;3m +0ms[39m
nextjs-nestjs-api-dev  | api:dev: [32m[Nest] 212  - [39m09/07/2026, 3:03:53 PM [32m    LOG[39m [38;5;3m[RouterExplorer] [39m[32mMapped {/deployments/queue/jobs/:jobId/heartbeat, POST} route[39m[38;5;3m +0ms[39m
nextjs-nestjs-api-dev  | api:dev: [32m[Nest] 212  - [39m09/07/2026, 3:03:53 PM [32m    LOG[39m [38;5;3m[RouterExplorer] [39m[32mMapped {/deployments/queue/jobs/:jobId/complete, POST} route[39m[38;5;3m +1ms[39m
nextjs-nestjs-api-dev  | api:dev: [32m[Nest] 212  - [39m09/07/2026, 3:03:53 PM [32m    LOG[39m [38;5;3m[RouterExplorer] [39m[32mMapped {/deployments/queue/jobs/:jobId/fail, POST} route[39m[38;5;3m +0ms[39m
nextjs-nestjs-api-dev  | api:dev: [32m[Nest] 212  - [39m09/07/2026, 3:03:53 PM [32m    LOG[39m [38;5;3m[RouterExplorer] [39m[32mMapped {/deployments/queue/jobs/:jobId, GET} route[39m[38;5;3m +0ms[39m
nextjs-nestjs-api-dev  | api:dev: [32m[Nest] 212  - [39m09/07/2026, 3:03:53 PM [32m    LOG[39m [38;5;3m[RouterExplorer] [39m[32mMapped {/deployments/queue/jobs, GET} route[39m[38;5;3m +1ms[39m
nextjs-nestjs-api-dev  | api:dev: [32m[Nest] 212  - [39m09/07/2026, 3:03:53 PM [32m    LOG[39m [38;5;3m[RouterExplorer] [39m[32mMapped {/deployments/queue/dead-letter, GET} route[39m[38;5;3m +1ms[39m
nextjs-nestjs-api-dev  | api:dev: [32m[Nest] 212  - [39m09/07/2026, 3:03:53 PM [32m    LOG[39m [38;5;3m[RouterExplorer] [39m[32mMapped {/deployments/queue/dead-letter/:deadLetterJobId, GET} route[39m[38;5;3m +0ms[39m
nextjs-nestjs-api-dev  | api:dev: [32m[Nest] 212  - [39m09/07/2026, 3:03:53 PM [32m    LOG[39m [38;5;3m[RouterExplorer] [39m[32mMapped {/deployments/queue/dead-letter/replay, POST} route[39m[38;5;3m +0ms[39m
nextjs-nestjs-api-dev  | api:dev: [32m[Nest] 212  - [39m09/07/2026, 3:03:53 PM [32m    LOG[39m [38;5;3m[RouterExplorer] [39m[32mMapped {/deployments/retry-policies, GET} route[39m[38;5;3m +0ms[39m
nextjs-nestjs-api-dev  | api:dev: [32m[Nest] 212  - [39m09/07/2026, 3:03:53 PM [32m    LOG[39m [38;5;3m[RouterExplorer] [39m[32mMapped {/deployments/retry-policies/resolve, POST} route[39m[38;5;3m +0ms[39m
nextjs-nestjs-api-dev  | api:dev: [32m[Nest] 212  - [39m09/07/2026, 3:03:53 PM [32m    LOG[39m [38;5;3m[RouterExplorer] [39m[32mMapped {/deployments/:id/execution/cancel, POST} route[39m[38;5;3m +0ms[39m
nextjs-nestjs-api-dev  | api:dev: [32m[Nest] 212  - [39m09/07/2026, 3:03:53 PM [32m    LOG[39m [38;5;3m[RouterExplorer] [39m[32mMapped {/deployments/:id/execution/resume, POST} route[39m[38;5;3m +0ms[39m
nextjs-nestjs-api-dev  | api:dev: [32m[Nest] 212  - [39m09/07/2026, 3:03:53 PM [32m    LOG[39m [38;5;3m[RouterExplorer] [39m[32mMapped {/deployments/:id/execution/checkpoint, GET} route[39m[38;5;3m +0ms[39m
nextjs-nestjs-api-dev  | api:dev: [32m[Nest] 212  - [39m09/07/2026, 3:03:53 PM [32m    LOG[39m [38;5;3m[RouterExplorer] [39m[32mMapped {/deployments/runs/:runId/execution/checkpoint, GET} route[39m[38;5;3m +1ms[39m
nextjs-nestjs-api-dev  | api:dev: [32m[Nest] 212  - [39m09/07/2026, 3:03:53 PM [32m    LOG[39m [38;5;3m[RouterExplorer] [39m[32mMapped {/deployments/runs/:runId/lifecycle-events, POST} route[39m[38;5;3m +1ms[39m
nextjs-nestjs-api-dev  | api:dev: [32m[Nest] 212  - [39m09/07/2026, 3:03:53 PM [32m    LOG[39m [38;5;3m[RouterExplorer] [39m[32mMapped {/deployments/runs/:runId/lifecycle-events, GET} route[39m[38;5;3m +1ms[39m
nextjs-nestjs-api-dev  | api:dev: [32m[Nest] 212  - [39m09/07/2026, 3:03:53 PM [32m    LOG[39m [38;5;3m[RouterExplorer] [39m[32mMapped {/deployments/runs/:runId/lifecycle-events/stream, GET} route[39m[38;5;3m +0ms[39m
nextjs-nestjs-api-dev  | api:dev: [32m[Nest] 212  - [39m09/07/2026, 3:03:53 PM [32m    LOG[39m [38;5;3m[RouterExplorer] [39m[32mMapped {/deployments/phase-machine/transitions, GET} route[39m[38;5;3m +0ms[39m
nextjs-nestjs-api-dev  | api:dev: [32m[Nest] 212  - [39m09/07/2026, 3:03:53 PM [32m    LOG[39m [38;5;3m[RouterExplorer] [39m[32mMapped {/deployments/phase-machine/validate, POST} route[39m[38;5;3m +0ms[39m
nextjs-nestjs-api-dev  | api:dev: [32m[Nest] 212  - [39m09/07/2026, 3:03:53 PM [32m    LOG[39m [38;5;3m[RouterExplorer] [39m[32mMapped {/deployments/:id/phase-machine/transition, POST} route[39m[38;5;3m +1ms[39m
nextjs-nestjs-api-dev  | api:dev: [32m[Nest] 212  - [39m09/07/2026, 3:03:53 PM [32m    LOG[39m [38;5;3m[RouterExplorer] [39m[32mMapped {/deployments/:id, DELETE} route[39m[38;5;3m +0ms[39m
nextjs-nestjs-api-dev  | api:dev: [32m[Nest] 212  - [39m09/07/2026, 3:03:53 PM [32m    LOG[39m [38;5;3m[RoutesResolver] [39m[32mMeshResourceController {/}:[39m[38;5;3m +0ms[39m
nextjs-nestjs-api-dev  | api:dev: [32m[Nest] 212  - [39m09/07/2026, 3:03:53 PM [32m    LOG[39m [38;5;3m[RouterExplorer] [39m[32mMapped {/mesh/:entityKey/:methodName, POST} route[39m[38;5;3m +1ms[39m
nextjs-nestjs-api-dev  | api:dev: [32m[Nest] 212  - [39m09/07/2026, 3:03:53 PM [32m    LOG[39m [38;5;3m[RoutesResolver] [39m[32mSetupController {/}:[39m[38;5;3m +0ms[39m
nextjs-nestjs-api-dev  | api:dev: [32m[Nest] 212  - [39m09/07/2026, 3:03:53 PM [32m    LOG[39m [38;5;3m[RouterExplorer] [39m[32mMapped {/setup/state, GET} route[39m[38;5;3m +1ms[39m
nextjs-nestjs-api-dev  | api:dev: [32m[Nest] 212  - [39m09/07/2026, 3:03:53 PM [32m    LOG[39m [38;5;3m[RouterExplorer] [39m[32mMapped {/setup/node-status, GET} route[39m[38;5;3m +0ms[39m
nextjs-nestjs-api-dev  | api:dev: [32m[Nest] 212  - [39m09/07/2026, 3:03:53 PM [32m    LOG[39m [38;5;3m[RouterExplorer] [39m[32mMapped {/setup/probe/database, POST} route[39m[38;5;3m +0ms[39m
nextjs-nestjs-api-dev  | api:dev: [32m[Nest] 212  - [39m09/07/2026, 3:03:53 PM [32m    LOG[39m [38;5;3m[RouterExplorer] [39m[32mMapped {/setup/probe/mesh, POST} route[39m[38;5;3m +0ms[39m
nextjs-nestjs-api-dev  | api:dev: [32m[Nest] 212  - [39m09/07/2026, 3:03:53 PM [32m    LOG[39m [38;5;3m[RouterExplorer] [39m[32mMapped {/setup/remote/auth, POST} route[39m[38;5;3m +1ms[39m
nextjs-nestjs-api-dev  | api:dev: [32m[Nest] 212  - [39m09/07/2026, 3:03:53 PM [32m    LOG[39m [38;5;3m[RouterExplorer] [39m[32mMapped {/setup/trigger, POST} route[39m[38;5;3m +0ms[39m
nextjs-nestjs-api-dev  | api:dev: [32m[Nest] 212  - [39m09/07/2026, 3:03:53 PM [32m    LOG[39m [38;5;3m[RouterExplorer] [39m[32mMapped {/setup/stream, GET} route[39m[38;5;3m +0ms[39m
nextjs-nestjs-api-dev  | api:dev: [32m[Nest] 212  - [39m09/07/2026, 3:03:53 PM [32m    LOG[39m [38;5;3m[RouterExplorer] [39m[32mMapped {/setup/post-setup/hints, GET} route[39m[38;5;3m +0ms[39m
nextjs-nestjs-api-dev  | api:dev: [32m[Nest] 212  - [39m09/07/2026, 3:03:53 PM [32m    LOG[39m [38;5;3m[RouterExplorer] [39m[32mMapped {/setup/post-setup/hints/dismiss, POST} route[39m[38;5;3m +0ms[39m
nextjs-nestjs-api-dev  | api:dev: [32m[Nest] 212  - [39m09/07/2026, 3:03:53 PM [32m    LOG[39m [38;5;3m[RoutesResolver] [39m[32mDockerController {/}:[39m[38;5;3m +1ms[39m
nextjs-nestjs-api-dev  | api:dev: [32m[Nest] 212  - [39m09/07/2026, 3:03:53 PM [32m    LOG[39m [38;5;3m[RouterExplorer] [39m[32mMapped {/docker/containers, GET} route[39m[38;5;3m +0ms[39m
nextjs-nestjs-api-dev  | api:dev: [32m[Nest] 212  - [39m09/07/2026, 3:03:53 PM [32m    LOG[39m [38;5;3m[RouterExplorer] [39m[32mMapped {/docker/containers/grouped, GET} route[39m[38;5;3m +0ms[39m
nextjs-nestjs-api-dev  | api:dev: [32m[Nest] 212  - [39m09/07/2026, 3:03:53 PM [32m    LOG[39m [38;5;3m[RouterExplorer] [39m[32mMapped {/docker/containers/linked, GET} route[39m[38;5;3m +0ms[39m
nextjs-nestjs-api-dev  | api:dev: [32m[Nest] 212  - [39m09/07/2026, 3:03:53 PM [32m    LOG[39m [38;5;3m[RouterExplorer] [39m[32mMapped {/docker/containers/inspect, GET} route[39m[38;5;3m +0ms[39m
nextjs-nestjs-api-dev  | api:dev: [32m[Nest] 212  - [39m09/07/2026, 3:03:53 PM [32m    LOG[39m [38;5;3m[RouterExplorer] [39m[32mMapped {/docker/containers/runtime/action, POST} route[39m[38;5;3m +1ms[39m
nextjs-nestjs-api-dev  | api:dev: [32m[Nest] 212  - [39m09/07/2026, 3:03:53 PM [32m    LOG[39m [38;5;3m[RouterExplorer] [39m[32mMapped {/docker/images/inspect, GET} route[39m[38;5;3m +0ms[39m
nextjs-nestjs-api-dev  | api:dev: [32m[Nest] 212  - [39m09/07/2026, 3:03:53 PM [32m    LOG[39m [38;5;3m[RouterExplorer] [39m[32mMapped {/docker/containers/inspect/stream, GET} route[39m[38;5;3m +0ms[39m
nextjs-nestjs-api-dev  | api:dev: [32m[Nest] 212  - [39m09/07/2026, 3:03:53 PM [32m    LOG[39m [38;5;3m[RouterExplorer] [39m[32mMapped {/docker/containers/logs/stream, GET} route[39m[38;5;3m +0ms[39m
nextjs-nestjs-api-dev  | api:dev: [32m[Nest] 212  - [39m09/07/2026, 3:03:53 PM [32m    LOG[39m [38;5;3m[RouterExplorer] [39m[32mMapped {/docker/containers/logs, GET} route[39m[38;5;3m +1ms[39m
nextjs-nestjs-api-dev  | api:dev: [32m[Nest] 212  - [39m09/07/2026, 3:03:53 PM [32m    LOG[39m [38;5;3m[RouterExplorer] [39m[32mMapped {/docker/containers/processes, GET} route[39m[38;5;3m +0ms[39m
nextjs-nestjs-api-dev  | api:dev: [32m[Nest] 212  - [39m09/07/2026, 3:03:53 PM [32m    LOG[39m [38;5;3m[RouterExplorer] [39m[32mMapped {/docker/containers/processes/stream, GET} route[39m[38;5;3m +0ms[39m
nextjs-nestjs-api-dev  | api:dev: [32m[Nest] 212  - [39m09/07/2026, 3:03:53 PM [32m    LOG[39m [38;5;3m[RouterExplorer] [39m[32mMapped {/docker/containers/processes/logs/stream, GET} route[39m[38;5;3m +0ms[39m
nextjs-nestjs-api-dev  | api:dev: [32m[Nest] 212  - [39m09/07/2026, 3:03:53 PM [32m    LOG[39m [38;5;3m[RouterExplorer] [39m[32mMapped {/docker/containers/files, GET} route[39m[38;5;3m +0ms[39m
nextjs-nestjs-api-dev  | api:dev: [32m[Nest] 212  - [39m09/07/2026, 3:03:53 PM [32m    LOG[39m [38;5;3m[RouterExplorer] [39m[32mMapped {/docker/containers/files/read, GET} route[39m[38;5;3m +0ms[39m
nextjs-nestjs-api-dev  | api:dev: [32m[Nest] 212  - [39m09/07/2026, 3:03:53 PM [32m    LOG[39m [38;5;3m[RouterExplorer] [39m[32mMapped {/docker/containers/files/write, POST} route[39m[38;5;3m +1ms[39m
nextjs-nestjs-api-dev  | api:dev: [32m[Nest] 212  - [39m09/07/2026, 3:03:53 PM [32m    LOG[39m [38;5;3m[RouterExplorer] [39m[32mMapped {/docker/containers/files/delete, POST} route[39m[38;5;3m +0ms[39m
nextjs-nestjs-api-dev  | api:dev: [32m[Nest] 212  - [39m09/07/2026, 3:03:53 PM [32m    LOG[39m [38;5;3m[RouterExplorer] [39m[32mMapped {/docker/containers/files/rename, POST} route[39m[38;5;3m +0ms[39m
nextjs-nestjs-api-dev  | api:dev: [32m[Nest] 212  - [39m09/07/2026, 3:03:53 PM [32m    LOG[39m [38;5;3m[RouterExplorer] [39m[32mMapped {/docker/containers/files/mkdir, POST} route[39m[38;5;3m +0ms[39m
nextjs-nestjs-api-dev  | api:dev: [32m[Nest] 212  - [39m09/07/2026, 3:03:53 PM [32m    LOG[39m [38;5;3m[RouterExplorer] [39m[32mMapped {/docker/containers/terminal/open, POST} route[39m[38;5;3m +0ms[39m
nextjs-nestjs-api-dev  | api:dev: [32m[Nest] 212  - [39m09/07/2026, 3:03:53 PM [32m    LOG[39m [38;5;3m[RouterExplorer] [39m[32mMapped {/docker/containers/terminal/stream, GET} route[39m[38;5;3m +0ms[39m
nextjs-nestjs-api-dev  | api:dev: [32m[Nest] 212  - [39m09/07/2026, 3:03:53 PM [32m    LOG[39m [38;5;3m[RouterExplorer] [39m[32mMapped {/docker/containers/terminal/input, POST} route[39m[38;5;3m +1ms[39m
nextjs-nestjs-api-dev  | api:dev: [32m[Nest] 212  - [39m09/07/2026, 3:03:53 PM [32m    LOG[39m [38;5;3m[RouterExplorer] [39m[32mMapped {/docker/containers/terminal/close, POST} route[39m[38;5;3m +0ms[39m
nextjs-nestjs-api-dev  | api:dev: [32m[Nest] 212  - [39m09/07/2026, 3:03:53 PM [32m    LOG[39m [38;5;3m[RouterExplorer] [39m[32mMapped {/docker/images/inspect/stream, GET} route[39m[38;5;3m +1ms[39m
nextjs-nestjs-api-dev  | api:dev: [32m[Nest] 212  - [39m09/07/2026, 3:03:53 PM [32m    LOG[39m [38;5;3m[RouterExplorer] [39m[32mMapped {/docker/images/security/scanning/stream, GET} route[39m[38;5;3m +0ms[39m
nextjs-nestjs-api-dev  | api:dev: [32m[Nest] 212  - [39m09/07/2026, 3:03:53 PM [32m    LOG[39m [38;5;3m[RouterExplorer] [39m[32mMapped {/docker/images, GET} route[39m[38;5;3m +0ms[39m
nextjs-nestjs-api-dev  | api:dev: [32m[Nest] 212  - [39m09/07/2026, 3:03:53 PM [32m    LOG[39m [38;5;3m[RouterExplorer] [39m[32mMapped {/docker/networks, GET} route[39m[38;5;3m +0ms[39m
nextjs-nestjs-api-dev  | api:dev: [32m[Nest] 212  - [39m09/07/2026, 3:03:53 PM [32m    LOG[39m [38;5;3m[RouterExplorer] [39m[32mMapped {/docker/volumes, GET} route[39m[38;5;3m +0ms[39m
nextjs-nestjs-api-dev  | api:dev: [32m[Nest] 212  - [39m09/07/2026, 3:03:53 PM [32m    LOG[39m [38;5;3m[RouterExplorer] [39m[32mMapped {/docker/registries, GET} route[39m[38;5;3m +1ms[39m
nextjs-nestjs-api-dev  | api:dev: [32m[Nest] 212  - [39m09/07/2026, 3:03:53 PM [32m    LOG[39m [38;5;3m[RouterExplorer] [39m[32mMapped {/docker/stacks, GET} route[39m[38;5;3m +0ms[39m
nextjs-nestjs-api-dev  | api:dev: [32m[Nest] 212  - [39m09/07/2026, 3:03:53 PM [32m    LOG[39m [38;5;3m[RouterExplorer] [39m[32mMapped {/docker/runtime/snapshot, GET} route[39m[38;5;3m +0ms[39m
nextjs-nestjs-api-dev  | api:dev: [32m[Nest] 212  - [39m09/07/2026, 3:03:53 PM [32m    LOG[39m [38;5;3m[RouterExplorer] [39m[32mMapped {/docker/runtime/events/stream, GET} route[39m[38;5;3m +1ms[39m
nextjs-nestjs-api-dev  | api:dev: [32m[Nest] 212  - [39m09/07/2026, 3:03:53 PM [32m    LOG[39m [38;5;3m[RouterExplorer] [39m[32mMapped {/docker/runtime/activity, GET} route[39m[38;5;3m +0ms[39m
nextjs-nestjs-api-dev  | api:dev: [32m[Nest] 212  - [39m09/07/2026, 3:03:53 PM [32m    LOG[39m [38;5;3m[RouterExplorer] [39m[32mMapped {/docker/runtime/activity/detail, GET} route[39m[38;5;3m +1ms[39m
nextjs-nestjs-api-dev  | api:dev: [32m[Nest] 212  - [39m09/07/2026, 3:03:53 PM [32m    LOG[39m [38;5;3m[RouterExplorer] [39m[32mMapped {/docker/runtime/activity/stream, GET} route[39m[38;5;3m +0ms[39m
nextjs-nestjs-api-dev  | api:dev: [32m[Nest] 212  - [39m09/07/2026, 3:03:53 PM [32m    LOG[39m [38;5;3m[RouterExplorer] [39m[32mMapped {/docker/list, GET} route[39m[38;5;3m +0ms[39m
nextjs-nestjs-api-dev  | api:dev: [32m[Nest] 212  - [39m09/07/2026, 3:03:53 PM [32m    LOG[39m [38;5;3m[RouterExplorer] [39m[32mMapped {/docker/inspect, GET} route[39m[38;5;3m +0ms[39m
nextjs-nestjs-api-dev  | api:dev: [32m[Nest] 212  - [39m09/07/2026, 3:03:53 PM [32m    LOG[39m [38;5;3m[RouterExplorer] [39m[32mMapped {/docker/stream, GET} route[39m[38;5;3m +0ms[39m
nextjs-nestjs-api-dev  | api:dev: [32m[Nest] 212  - [39m09/07/2026, 3:03:53 PM [32m    LOG[39m [38;5;3m[RoutesResolver] [39m[32mProjectDomainController {/}:[39m[38;5;3m +0ms[39m
nextjs-nestjs-api-dev  | api:dev: [32m[Nest] 212  - [39m09/07/2026, 3:03:53 PM [32m    LOG[39m [38;5;3m[RouterExplorer] [39m[32mMapped {/domains/:projectId/domains, GET} route[39m[38;5;3m +0ms[39m
nextjs-nestjs-api-dev  | api:dev: [32m[Nest] 212  - [39m09/07/2026, 3:03:53 PM [32m    LOG[39m [38;5;3m[RouterExplorer] [39m[32mMapped {/domains/:projectId/domains/available, GET} route[39m[38;5;3m +0ms[39m
nextjs-nestjs-api-dev  | api:dev: [32m[Nest] 212  - [39m09/07/2026, 3:03:53 PM [32m    LOG[39m [38;5;3m[RouterExplorer] [39m[32mMapped {/domains/:projectId/domains/available, GET} route[39m[38;5;3m +1ms[39m
nextjs-nestjs-api-dev  | api:dev: [32m[Nest] 212  - [39m09/07/2026, 3:03:53 PM [32m    LOG[39m [38;5;3m[RouterExplorer] [39m[32mMapped {/domains/:projectId/domains, POST} route[39m[38;5;3m +0ms[39m
nextjs-nestjs-api-dev  | api:dev: [32m[Nest] 212  - [39m09/07/2026, 3:03:53 PM [32m    LOG[39m [38;5;3m[RouterExplorer] [39m[32mMapped {/domains/:projectId/domains/:domainId, PUT} route[39m[38;5;3m +0ms[39m
nextjs-nestjs-api-dev  | api:dev: [32m[Nest] 212  - [39m09/07/2026, 3:03:53 PM [32m    LOG[39m [38;5;3m[RouterExplorer] [39m[32mMapped {/domains/:projectId/domains/:domainId, DELETE} route[39m[38;5;3m +0ms[39m
nextjs-nestjs-api-dev  | api:dev: [32m[Nest] 212  - [39m09/07/2026, 3:03:53 PM [32m    LOG[39m [38;5;3m[RouterExplorer] [39m[32mMapped {/domains/:projectId/domains/:domainId/verify, PUT} route[39m[38;5;3m +1ms[39m
nextjs-nestjs-api-dev  | api:dev: [32m[Nest] 212  - [39m09/07/2026, 3:03:53 PM [32m    LOG[39m [38;5;3m[RoutesResolver] [39m[32mServiceDomainController {/}:[39m[38;5;3m +0ms[39m
nextjs-nestjs-api-dev  | api:dev: [32m[Nest] 212  - [39m09/07/2026, 3:03:53 PM [32m    LOG[39m [38;5;3m[RouterExplorer] [39m[32mMapped {/domains/check-subdomain, POST} route[39m[38;5;3m +0ms[39m
nextjs-nestjs-api-dev  | api:dev: [32m[Nest] 212  - [39m09/07/2026, 3:03:53 PM [32m    LOG[39m [38;5;3m[RouterExplorer] [39m[32mMapped {/domains/:serviceId/domains, GET} route[39m[38;5;3m +0ms[39m
nextjs-nestjs-api-dev  | api:dev: [32m[Nest] 212  - [39m09/07/2026, 3:03:53 PM [32m    LOG[39m [38;5;3m[RouterExplorer] [39m[32mMapped {/domains/:serviceId/domains, POST} route[39m[38;5;3m +0ms[39m
nextjs-nestjs-api-dev  | api:dev: [32m[Nest] 212  - [39m09/07/2026, 3:03:53 PM [32m    LOG[39m [38;5;3m[RouterExplorer] [39m[32mMapped {/domains/:serviceId/domains/:mappingId, PUT} route[39m[38;5;3m +1ms[39m
nextjs-nestjs-api-dev  | api:dev: [32m[Nest] 212  - [39m09/07/2026, 3:03:53 PM [32m    LOG[39m [38;5;3m[RouterExplorer] [39m[32mMapped {/domains/:serviceId/domains/:mappingId/primary, PUT} route[39m[38;5;3m +0ms[39m
nextjs-nestjs-api-dev  | api:dev: [32m[Nest] 212  - [39m09/07/2026, 3:03:53 PM [32m    LOG[39m [38;5;3m[RouterExplorer] [39m[32mMapped {/domains/:serviceId/domains/:mappingId, DELETE} route[39m[38;5;3m +0ms[39m
nextjs-nestjs-api-dev  | api:dev: [32m[Nest] 212  - [39m09/07/2026, 3:03:53 PM [32m    LOG[39m [38;5;3m[RoutesResolver] [39m[32mFleetController {/}:[39m[38;5;3m +0ms[39m
nextjs-nestjs-api-dev  | api:dev: [32m[Nest] 212  - [39m09/07/2026, 3:03:53 PM [32m    LOG[39m [38;5;3m[RouterExplorer] [39m[32mMapped {/nodes/servers, GET} route[39m[38;5;3m +0ms[39m
nextjs-nestjs-api-dev  | api:dev: [32m[Nest] 212  - [39m09/07/2026, 3:03:53 PM [32m    LOG[39m [38;5;3m[RouterExplorer] [39m[32mMapped {/nodes/servers/capacity, POST} route[39m[38;5;3m +1ms[39m
nextjs-nestjs-api-dev  | api:dev: [32m[Nest] 212  - [39m09/07/2026, 3:03:53 PM [32m    LOG[39m [38;5;3m[RouterExplorer] [39m[32mMapped {/nodes/allocations, GET} route[39m[38;5;3m +0ms[39m
nextjs-nestjs-api-dev  | api:dev: [32m[Nest] 212  - [39m09/07/2026, 3:03:53 PM [32m    LOG[39m [38;5;3m[RouterExplorer] [39m[32mMapped {/nodes/allocations/me, GET} route[39m[38;5;3m +2ms[39m
nextjs-nestjs-api-dev  | api:dev: [32m[Nest] 212  - [39m09/07/2026, 3:03:53 PM [32m    LOG[39m [38;5;3m[RouterExplorer] [39m[32mMapped {/nodes/allocations/me/admission-check, POST} route[39m[38;5;3m +0ms[39m
nextjs-nestjs-api-dev  | api:dev: [32m[Nest] 212  - [39m09/07/2026, 3:03:53 PM [32m    LOG[39m [38;5;3m[RouterExplorer] [39m[32mMapped {/nodes/allocations/me/requests, POST} route[39m[38;5;3m +0ms[39m
nextjs-nestjs-api-dev  | api:dev: [32m[Nest] 212  - [39m09/07/2026, 3:03:53 PM [32m    LOG[39m [38;5;3m[RouterExplorer] [39m[32mMapped {/nodes/allocations/me/requests, GET} route[39m[38;5;3m +1ms[39m
nextjs-nestjs-api-dev  | api:dev: [32m[Nest] 212  - [39m09/07/2026, 3:03:53 PM [32m    LOG[39m [38;5;3m[RouterExplorer] [39m[32mMapped {/nodes/allocations/upsert, POST} route[39m[38;5;3m +0ms[39m
nextjs-nestjs-api-dev  | api:dev: [32m[Nest] 212  - [39m09/07/2026, 3:03:53 PM [32m    LOG[39m [38;5;3m[RouterExplorer] [39m[32mMapped {/nodes/allocations/delete, POST} route[39m[38;5;3m +0ms[39m
nextjs-nestjs-api-dev  | api:dev: [32m[Nest] 212  - [39m09/07/2026, 3:03:53 PM [32m    LOG[39m [38;5;3m[RouterExplorer] [39m[32mMapped {/nodes/allocations/requests, GET} route[39m[38;5;3m +0ms[39m
nextjs-nestjs-api-dev  | api:dev: [32m[Nest] 212  - [39m09/07/2026, 3:03:53 PM [32m    LOG[39m [38;5;3m[RouterExplorer] [39m[32mMapped {/nodes/allocations/requests/resolve, POST} route[39m[38;5;3m +1ms[39m
nextjs-nestjs-api-dev  | api:dev: [32m[Nest] 212  - [39m09/07/2026, 3:03:53 PM [32m    LOG[39m [38;5;3m[RoutesResolver] [39m[32mClusterController {/}:[39m[38;5;3m +0ms[39m
nextjs-nestjs-api-dev  | api:dev: [32m[Nest] 212  - [39m09/07/2026, 3:03:53 PM [32m    LOG[39m [38;5;3m[RouterExplorer] [39m[32mMapped {/cluster/snapshot, GET} route[39m[38;5;3m +0ms[39m
nextjs-nestjs-api-dev  | api:dev: [32m[Nest] 212  - [39m09/07/2026, 3:03:53 PM [32m    LOG[39m [38;5;3m[RouterExplorer] [39m[32mMapped {/cluster/nodes, GET} route[39m[38;5;3m +0ms[39m
nextjs-nestjs-api-dev  | api:dev: [32m[Nest] 212  - [39m09/07/2026, 3:03:53 PM [32m    LOG[39m [38;5;3m[RouterExplorer] [39m[32mMapped {/cluster/master, GET} route[39m[38;5;3m +0ms[39m
nextjs-nestjs-api-dev  | api:dev: [32m[Nest] 212  - [39m09/07/2026, 3:03:53 PM [32m    LOG[39m [38;5;3m[RouterExplorer] [39m[32mMapped {/cluster/nodes/:nodeId/labels, PUT} route[39m[38;5;3m +1ms[39m
nextjs-nestjs-api-dev  | api:dev: [32m[Nest] 212  - [39m09/07/2026, 3:03:53 PM [32m    LOG[39m [38;5;3m[RoutesResolver] [39m[32mHealthController {/}:[39m[38;5;3m +0ms[39m
nextjs-nestjs-api-dev  | api:dev: [32m[Nest] 212  - [39m09/07/2026, 3:03:53 PM [32m    LOG[39m [38;5;3m[RouterExplorer] [39m[32mMapped {/health, GET} route[39m[38;5;3m +0ms[39m
nextjs-nestjs-api-dev  | api:dev: [32m[Nest] 212  - [39m09/07/2026, 3:03:53 PM [32m    LOG[39m [38;5;3m[RouterExplorer] [39m[32mMapped {/health/detailed, GET} route[39m[38;5;3m +0ms[39m
nextjs-nestjs-api-dev  | api:dev: [32m[Nest] 212  - [39m09/07/2026, 3:03:53 PM [32m    LOG[39m [38;5;3m[RoutesResolver] [39m[32mProjectController {/}:[39m[38;5;3m +0ms[39m
nextjs-nestjs-api-dev  | api:dev: [32m[Nest] 212  - [39m09/07/2026, 3:03:53 PM [32m    LOG[39m [38;5;3m[RouterExplorer] [39m[32mMapped {/projects, GET} route[39m[38;5;3m +1ms[39m
nextjs-nestjs-api-dev  | api:dev: [32m[Nest] 212  - [39m09/07/2026, 3:03:53 PM [32m    LOG[39m [38;5;3m[RouterExplorer] [39m[32mMapped {/projects/:id, GET} route[39m[38;5;3m +0ms[39m
nextjs-nestjs-api-dev  | api:dev: [32m[Nest] 212  - [39m09/07/2026, 3:03:53 PM [32m    LOG[39m [38;5;3m[RouterExplorer] [39m[32mMapped {/projects, POST} route[39m[38;5;3m +1ms[39m
nextjs-nestjs-api-dev  | api:dev: [32m[Nest] 212  - [39m09/07/2026, 3:03:53 PM [32m    LOG[39m [38;5;3m[RouterExplorer] [39m[32mMapped {/projects/:id, PUT} route[39m[38;5;3m +0ms[39m
nextjs-nestjs-api-dev  | api:dev: [32m[Nest] 212  - [39m09/07/2026, 3:03:53 PM [32m    LOG[39m [38;5;3m[RouterExplorer] [39m[32mMapped {/projects/:id, DELETE} route[39m[38;5;3m +1ms[39m
nextjs-nestjs-api-dev  | api:dev: [32m[Nest] 212  - [39m09/07/2026, 3:03:53 PM [32m    LOG[39m [38;5;3m[RouterExplorer] [39m[32mMapped {/projects/:id/collaborators, GET} route[39m[38;5;3m +0ms[39m
nextjs-nestjs-api-dev  | api:dev: [32m[Nest] 212  - [39m09/07/2026, 3:03:53 PM [32m    LOG[39m [38;5;3m[RouterExplorer] [39m[32mMapped {/projects/:id/collaborators, POST} route[39m[38;5;3m +1ms[39m
nextjs-nestjs-api-dev  | api:dev: [32m[Nest] 212  - [39m09/07/2026, 3:03:53 PM [32m    LOG[39m [38;5;3m[RouterExplorer] [39m[32mMapped {/projects/:id/collaborators/:userId, PUT} route[39m[38;5;3m +1ms[39m
nextjs-nestjs-api-dev  | api:dev: [32m[Nest] 212  - [39m09/07/2026, 3:03:53 PM [32m    LOG[39m [38;5;3m[RouterExplorer] [39m[32mMapped {/projects/:id/collaborators/:userId, DELETE} route[39m[38;5;3m +0ms[39m
nextjs-nestjs-api-dev  | api:dev: [32m[Nest] 212  - [39m09/07/2026, 3:03:53 PM [32m    LOG[39m [38;5;3m[RouterExplorer] [39m[32mMapped {/projects/:id/environments, GET} route[39m[38;5;3m +0ms[39m
nextjs-nestjs-api-dev  | api:dev: [32m[Nest] 212  - [39m09/07/2026, 3:03:53 PM [32m    LOG[39m [38;5;3m[RouterExplorer] [39m[32mMapped {/projects/:id/environments/:environmentId, GET} route[39m[38;5;3m +1ms[39m
nextjs-nestjs-api-dev  | api:dev: [32m[Nest] 212  - [39m09/07/2026, 3:03:53 PM [32m    LOG[39m [38;5;3m[RouterExplorer] [39m[32mMapped {/projects/:id/environments, POST} route[39m[38;5;3m +0ms[39m
nextjs-nestjs-api-dev  | api:dev: [32m[Nest] 212  - [39m09/07/2026, 3:03:53 PM [32m    LOG[39m [38;5;3m[RouterExplorer] [39m[32mMapped {/projects/:id/environments/:environmentId, PUT} route[39m[38;5;3m +0ms[39m
nextjs-nestjs-api-dev  | api:dev: [32m[Nest] 212  - [39m09/07/2026, 3:03:53 PM [32m    LOG[39m [38;5;3m[RouterExplorer] [39m[32mMapped {/projects/:id/environments/:environmentId, DELETE} route[39m[38;5;3m +1ms[39m
nextjs-nestjs-api-dev  | api:dev: [32m[Nest] 212  - [39m09/07/2026, 3:03:53 PM [32m    LOG[39m [38;5;3m[RouterExplorer] [39m[32mMapped {/projects/:id/environments/:environmentId/clone, POST} route[39m[38;5;3m +0ms[39m
nextjs-nestjs-api-dev  | api:dev: [32m[Nest] 212  - [39m09/07/2026, 3:03:53 PM [32m    LOG[39m [38;5;3m[RouterExplorer] [39m[32mMapped {/projects/:id/service-environment-links, GET} route[39m[38;5;3m +0ms[39m
nextjs-nestjs-api-dev  | api:dev: [32m[Nest] 212  - [39m09/07/2026, 3:03:53 PM [32m    LOG[39m [38;5;3m[RouterExplorer] [39m[32mMapped {/projects/:id/service-environment-links, POST} route[39m[38;5;3m +0ms[39m
nextjs-nestjs-api-dev  | api:dev: [32m[Nest] 212  - [39m09/07/2026, 3:03:53 PM [32m    LOG[39m [38;5;3m[RouterExplorer] [39m[32mMapped {/projects/:id/network, GET} route[39m[38;5;3m +1ms[39m
nextjs-nestjs-api-dev  | api:dev: [32m[Nest] 212  - [39m09/07/2026, 3:03:53 PM [32m    LOG[39m [38;5;3m[RouterExplorer] [39m[32mMapped {/projects/:id/network, PUT} route[39m[38;5;3m +0ms[39m
nextjs-nestjs-api-dev  | api:dev: [32m[Nest] 212  - [39m09/07/2026, 3:03:53 PM [32m    LOG[39m [38;5;3m[RouterExplorer] [39m[32mMapped {/projects/:id/variable-templates, GET} route[39m[38;5;3m +0ms[39m
nextjs-nestjs-api-dev  | api:dev: [32m[Nest] 212  - [39m09/07/2026, 3:03:53 PM [32m    LOG[39m [38;5;3m[RouterExplorer] [39m[32mMapped {/projects/:id/variable-templates/:templateId, GET} route[39m[38;5;3m +0ms[39m
nextjs-nestjs-api-dev  | api:dev: [32m[Nest] 212  - [39m09/07/2026, 3:03:53 PM [32m    LOG[39m [38;5;3m[RouterExplorer] [39m[32mMapped {/projects/:id/variable-templates, POST} route[39m[38;5;3m +1ms[39m
nextjs-nestjs-api-dev  | api:dev: [32m[Nest] 212  - [39m09/07/2026, 3:03:53 PM [32m    LOG[39m [38;5;3m[RouterExplorer] [39m[32mMapped {/projects/:id/variable-templates/:templateId, PUT} route[39m[38;5;3m +0ms[39m
nextjs-nestjs-api-dev  | api:dev: [32m[Nest] 212  - [39m09/07/2026, 3:03:53 PM [32m    LOG[39m [38;5;3m[RouterExplorer] [39m[32mMapped {/projects/:id/variable-templates/:templateId, DELETE} route[39m[38;5;3m +0ms[39m
nextjs-nestjs-api-dev  | api:dev: [32m[Nest] 212  - [39m09/07/2026, 3:03:53 PM [32m    LOG[39m [38;5;3m[RouterExplorer] [39m[32mMapped {/projects/:id/config/general, GET} route[39m[38;5;3m +1ms[39m
nextjs-nestjs-api-dev  | api:dev: [32m[Nest] 212  - [39m09/07/2026, 3:03:53 PM [32m    LOG[39m [38;5;3m[RouterExplorer] [39m[32mMapped {/projects/:id/config/general, PUT} route[39m[38;5;3m +0ms[39m
nextjs-nestjs-api-dev  | api:dev: [32m[Nest] 212  - [39m09/07/2026, 3:03:53 PM [32m    LOG[39m [38;5;3m[RouterExplorer] [39m[32mMapped {/projects/:id/config/environment, GET} route[39m[38;5;3m +0ms[39m
nextjs-nestjs-api-dev  | api:dev: [32m[Nest] 212  - [39m09/07/2026, 3:03:53 PM [32m    LOG[39m [38;5;3m[RouterExplorer] [39m[32mMapped {/projects/:id/config/environment, PUT} route[39m[38;5;3m +1ms[39m
nextjs-nestjs-api-dev  | api:dev: [32m[Nest] 212  - [39m09/07/2026, 3:03:53 PM [32m    LOG[39m [38;5;3m[RouterExplorer] [39m[32mMapped {/projects/:id/config/deployment, GET} route[39m[38;5;3m +1ms[39m
nextjs-nestjs-api-dev  | api:dev: [32m[Nest] 212  - [39m09/07/2026, 3:03:53 PM [32m    LOG[39m [38;5;3m[RouterExplorer] [39m[32mMapped {/projects/:id/config/deployment, PUT} route[39m[38;5;3m +1ms[39m
nextjs-nestjs-api-dev  | api:dev: [32m[Nest] 212  - [39m09/07/2026, 3:03:53 PM [32m    LOG[39m [38;5;3m[RouterExplorer] [39m[32mMapped {/projects/:id/config/security, GET} route[39m[38;5;3m +0ms[39m
nextjs-nestjs-api-dev  | api:dev: [32m[Nest] 212  - [39m09/07/2026, 3:03:53 PM [32m    LOG[39m [38;5;3m[RouterExplorer] [39m[32mMapped {/projects/:id/config/security, PUT} route[39m[38;5;3m +0ms[39m
nextjs-nestjs-api-dev  | api:dev: [32m[Nest] 212  - [39m09/07/2026, 3:03:53 PM [32m    LOG[39m [38;5;3m[RouterExplorer] [39m[32mMapped {/projects/:id/config/resource, GET} route[39m[38;5;3m +0ms[39m
nextjs-nestjs-api-dev  | api:dev: [32m[Nest] 212  - [39m09/07/2026, 3:03:53 PM [32m    LOG[39m [38;5;3m[RouterExplorer] [39m[32mMapped {/projects/:id/config/resource, PUT} route[39m[38;5;3m +1ms[39m
nextjs-nestjs-api-dev  | api:dev: [32m[Nest] 212  - [39m09/07/2026, 3:03:53 PM [32m    LOG[39m [38;5;3m[RouterExplorer] [39m[32mMapped {/projects/:id/config/notification, GET} route[39m[38;5;3m +0ms[39m
nextjs-nestjs-api-dev  | api:dev: [32m[Nest] 212  - [39m09/07/2026, 3:03:53 PM [32m    LOG[39m [38;5;3m[RouterExplorer] [39m[32mMapped {/projects/:id/config/notification, PUT} route[39m[38;5;3m +1ms[39m
nextjs-nestjs-api-dev  | api:dev: [32m[Nest] 212  - [39m09/07/2026, 3:03:53 PM [32m    LOG[39m [38;5;3m[RouterExplorer] [39m[32mMapped {/projects/:id/resolve-variables, POST} route[39m[38;5;3m +1ms[39m
nextjs-nestjs-api-dev  | api:dev: [32m[Nest] 212  - [39m09/07/2026, 3:03:53 PM [32m    LOG[39m [38;5;3m[RouterExplorer] [39m[32mMapped {/projects/:id/available-variables, GET} route[39m[38;5;3m +0ms[39m
nextjs-nestjs-api-dev  | api:dev: [32m[Nest] 212  - [39m09/07/2026, 3:03:53 PM [32m    LOG[39m [38;5;3m[RouterExplorer] [39m[32mMapped {/projects/:id/environments/:environmentId/status, GET} route[39m[38;5;3m +1ms[39m
nextjs-nestjs-api-dev  | api:dev: [32m[Nest] 212  - [39m09/07/2026, 3:03:53 PM [32m    LOG[39m [38;5;3m[RouterExplorer] [39m[32mMapped {/projects/:id/environments/statuses, GET} route[39m[38;5;3m +0ms[39m
nextjs-nestjs-api-dev  | api:dev: [32m[Nest] 212  - [39m09/07/2026, 3:03:53 PM [32m    LOG[39m [38;5;3m[RouterExplorer] [39m[32mMapped {/projects/:id/environments/:environmentId/status/refresh, GET} route[39m[38;5;3m +1ms[39m
nextjs-nestjs-api-dev  | api:dev: [32m[Nest] 212  - [39m09/07/2026, 3:03:53 PM [32m    LOG[39m [38;5;3m[RouterExplorer] [39m[32mMapped {/projects/stream/query, GET} route[39m[38;5;3m +0ms[39m
nextjs-nestjs-api-dev  | api:dev: [32m[Nest] 212  - [39m09/07/2026, 3:03:53 PM [32m    LOG[39m [38;5;3m[RoutesResolver] [39m[32mProviderSchemaController {/}:[39m[38;5;3m +0ms[39m
nextjs-nestjs-api-dev  | api:dev: [32m[Nest] 212  - [39m09/07/2026, 3:03:53 PM [32m    LOG[39m [38;5;3m[RouterExplorer] [39m[32mMapped {/providers, GET} route[39m[38;5;3m +1ms[39m
nextjs-nestjs-api-dev  | api:dev: [32m[Nest] 212  - [39m09/07/2026, 3:03:53 PM [32m    LOG[39m [38;5;3m[RouterExplorer] [39m[32mMapped {/providers/:id/schema, GET} route[39m[38;5;3m +0ms[39m
nextjs-nestjs-api-dev  | api:dev: [32m[Nest] 212  - [39m09/07/2026, 3:03:53 PM [32m    LOG[39m [38;5;3m[RouterExplorer] [39m[32mMapped {/providers/:providerId/builders, GET} route[39m[38;5;3m +1ms[39m
nextjs-nestjs-api-dev  | api:dev: [32m[Nest] 212  - [39m09/07/2026, 3:03:53 PM [32m    LOG[39m [38;5;3m[RouterExplorer] [39m[32mMapped {/builders, GET} route[39m[38;5;3m +0ms[39m
nextjs-nestjs-api-dev  | api:dev: [32m[Nest] 212  - [39m09/07/2026, 3:03:53 PM [32m    LOG[39m [38;5;3m[RouterExplorer] [39m[32mMapped {/builders/:id/schema, GET} route[39m[38;5;3m +0ms[39m
nextjs-nestjs-api-dev  | api:dev: [32m[Nest] 212  - [39m09/07/2026, 3:03:53 PM [32m    LOG[39m [38;5;3m[RouterExplorer] [39m[32mMapped {/builders/:builderId/providers, GET} route[39m[38;5;3m +1ms[39m
nextjs-nestjs-api-dev  | api:dev: [32m[Nest] 212  - [39m09/07/2026, 3:03:53 PM [32m    LOG[39m [38;5;3m[RouterExplorer] [39m[32mMapped {/providers/:providerId/validate, POST} route[39m[38;5;3m +0ms[39m
nextjs-nestjs-api-dev  | api:dev: [32m[Nest] 212  - [39m09/07/2026, 3:03:53 PM [32m    LOG[39m [38;5;3m[RouterExplorer] [39m[32mMapped {/builders/:builderId/validate, POST} route[39m[38;5;3m +0ms[39m
nextjs-nestjs-api-dev  | api:dev: [32m[Nest] 212  - [39m09/07/2026, 3:03:53 PM [32m    LOG[39m [38;5;3m[RoutesResolver] [39m[32mPushController {/}:[39m[38;5;3m +0ms[39m
nextjs-nestjs-api-dev  | api:dev: [32m[Nest] 212  - [39m09/07/2026, 3:03:53 PM [32m    LOG[39m [38;5;3m[RouterExplorer] [39m[32mMapped {/push/public-key, GET} route[39m[38;5;3m +0ms[39m
nextjs-nestjs-api-dev  | api:dev: [32m[Nest] 212  - [39m09/07/2026, 3:03:53 PM [32m    LOG[39m [38;5;3m[RouterExplorer] [39m[32mMapped {/push/subscribe, POST} route[39m[38;5;3m +1ms[39m
nextjs-nestjs-api-dev  | api:dev: [32m[Nest] 212  - [39m09/07/2026, 3:03:53 PM [32m    LOG[39m [38;5;3m[RouterExplorer] [39m[32mMapped {/push/unsubscribe, POST} route[39m[38;5;3m +0ms[39m
nextjs-nestjs-api-dev  | api:dev: [32m[Nest] 212  - [39m09/07/2026, 3:03:53 PM [32m    LOG[39m [38;5;3m[RouterExplorer] [39m[32mMapped {/push/subscriptions, GET} route[39m[38;5;3m +0ms[39m
nextjs-nestjs-api-dev  | api:dev: [32m[Nest] 212  - [39m09/07/2026, 3:03:53 PM [32m    LOG[39m [38;5;3m[RouterExplorer] [39m[32mMapped {/push/test, POST} route[39m[38;5;3m +1ms[39m
nextjs-nestjs-api-dev  | api:dev: [32m[Nest] 212  - [39m09/07/2026, 3:03:53 PM [32m    LOG[39m [38;5;3m[RouterExplorer] [39m[32mMapped {/push/stats, GET} route[39m[38;5;3m +0ms[39m
nextjs-nestjs-api-dev  | api:dev: [32m[Nest] 212  - [39m09/07/2026, 3:03:53 PM [32m    LOG[39m [38;5;3m[RoutesResolver] [39m[32mServiceController {/}:[39m[38;5;3m +0ms[39m
nextjs-nestjs-api-dev  | api:dev: [32m[Nest] 212  - [39m09/07/2026, 3:03:53 PM [32m    LOG[39m [38;5;3m[RouterExplorer] [39m[32mMapped {/services, GET} route[39m[38;5;3m +0ms[39m
nextjs-nestjs-api-dev  | api:dev: [32m[Nest] 212  - [39m09/07/2026, 3:03:53 PM [32m    LOG[39m [38;5;3m[RouterExplorer] [39m[32mMapped {/services/:id, GET} route[39m[38;5;3m +1ms[39m
nextjs-nestjs-api-dev  | api:dev: [32m[Nest] 212  - [39m09/07/2026, 3:03:53 PM [32m    LOG[39m [38;5;3m[RouterExplorer] [39m[32mMapped {/services, POST} route[39m[38;5;3m +0ms[39m
nextjs-nestjs-api-dev  | api:dev: [32m[Nest] 212  - [39m09/07/2026, 3:03:53 PM [32m    LOG[39m [38;5;3m[RouterExplorer] [39m[32mMapped {/services/:id, PUT} route[39m[38;5;3m +0ms[39m
nextjs-nestjs-api-dev  | api:dev: [32m[Nest] 212  - [39m09/07/2026, 3:03:53 PM [32m    LOG[39m [38;5;3m[RouterExplorer] [39m[32mMapped {/services/:id, DELETE} route[39m[38;5;3m +0ms[39m
nextjs-nestjs-api-dev  | api:dev: [32m[Nest] 212  - [39m09/07/2026, 3:03:53 PM [32m    LOG[39m [38;5;3m[RouterExplorer] [39m[32mMapped {/services/:id/children, GET} route[39m[38;5;3m +0ms[39m
nextjs-nestjs-api-dev  | api:dev: [32m[Nest] 212  - [39m09/07/2026, 3:03:53 PM [32m    LOG[39m [38;5;3m[RouterExplorer] [39m[32mMapped {/services/:id/subtree, GET} route[39m[38;5;3m +1ms[39m
nextjs-nestjs-api-dev  | api:dev: [32m[Nest] 212  - [39m09/07/2026, 3:03:53 PM [32m    LOG[39m [38;5;3m[RouterExplorer] [39m[32mMapped {/services/:id/toggle-active, PATCH} route[39m[38;5;3m +0ms[39m
nextjs-nestjs-api-dev  | api:dev: [32m[Nest] 212  - [39m09/07/2026, 3:03:53 PM [32m    LOG[39m [38;5;3m[RouterExplorer] [39m[32mMapped {/services/:id/dependencies, GET} route[39m[38;5;3m +0ms[39m
nextjs-nestjs-api-dev  | api:dev: [32m[Nest] 212  - [39m09/07/2026, 3:03:53 PM [32m    LOG[39m [38;5;3m[RouterExplorer] [39m[32mMapped {/services/:id/dependencies, POST} route[39m[38;5;3m +0ms[39m
nextjs-nestjs-api-dev  | api:dev: [32m[Nest] 212  - [39m09/07/2026, 3:03:53 PM [32m    LOG[39m [38;5;3m[RouterExplorer] [39m[32mMapped {/services/:id/dependencies/:dependencyId, DELETE} route[39m[38;5;3m +1ms[39m
nextjs-nestjs-api-dev  | api:dev: [32m[Nest] 212  - [39m09/07/2026, 3:03:53 PM [32m    LOG[39m [38;5;3m[RouterExplorer] [39m[32mMapped {/services/stream/query, GET} route[39m[38;5;3m +0ms[39m
nextjs-nestjs-api-dev  | api:dev: [32m[Nest] 212  - [39m09/07/2026, 3:03:53 PM [32m    LOG[39m [38;5;3m[RouterExplorer] [39m[32mMapped {/services/:serviceId, POST} route[39m[38;5;3m +1ms[39m
nextjs-nestjs-api-dev  | api:dev: [32m[Nest] 212  - [39m09/07/2026, 3:03:53 PM [32m    LOG[39m [38;5;3m[RouterExplorer] [39m[32mMapped {/services/:id/network, GET} route[39m[38;5;3m +0ms[39m
nextjs-nestjs-api-dev  | api:dev: [32m[Nest] 212  - [39m09/07/2026, 3:03:53 PM [32m    LOG[39m [38;5;3m[RouterExplorer] [39m[32mMapped {/services/:id/network, PUT} route[39m[38;5;3m +0ms[39m
nextjs-nestjs-api-dev  | api:dev: [32m[Nest] 212  - [39m09/07/2026, 3:03:53 PM [32m    LOG[39m [38;5;3m[RouterExplorer] [39m[32mMapped {/services/:id/network/records, POST} route[39m[38;5;3m +0ms[39m
nextjs-nestjs-api-dev  | api:dev: [32m[Nest] 212  - [39m09/07/2026, 3:03:53 PM [32m    LOG[39m [38;5;3m[RoutesResolver] [39m[32mTestController {/}:[39m[38;5;3m +1ms[39m
nextjs-nestjs-api-dev  | api:dev: [32m[Nest] 212  - [39m09/07/2026, 3:03:53 PM [32m    LOG[39m [38;5;3m[RouterExplorer] [39m[32mMapped {/test/public, GET} route[39m[38;5;3m +0ms[39m
nextjs-nestjs-api-dev  | api:dev: [32m[Nest] 212  - [39m09/07/2026, 3:03:53 PM [32m    LOG[39m [38;5;3m[RouterExplorer] [39m[32mMapped {/test/authenticated, GET} route[39m[38;5;3m +0ms[39m
nextjs-nestjs-api-dev  | api:dev: [32m[Nest] 212  - [39m09/07/2026, 3:03:53 PM [32m    LOG[39m [38;5;3m[RouterExplorer] [39m[32mMapped {/test/optional-auth, GET} route[39m[38;5;3m +0ms[39m
nextjs-nestjs-api-dev  | api:dev: [32m[Nest] 212  - [39m09/07/2026, 3:03:53 PM [32m    LOG[39m [38;5;3m[RouterExplorer] [39m[32mMapped {/test/admin/role, GET} route[39m[38;5;3m +0ms[39m
nextjs-nestjs-api-dev  | api:dev: [32m[Nest] 212  - [39m09/07/2026, 3:03:53 PM [32m    LOG[39m [38;5;3m[RouterExplorer] [39m[32mMapped {/test/admin/permission, GET} route[39m[38;5;3m +1ms[39m
nextjs-nestjs-api-dev  | api:dev: [32m[Nest] 212  - [39m09/07/2026, 3:03:53 PM [32m    LOG[39m [38;5;3m[RouterExplorer] [39m[32mMapped {/test/composite/admin, GET} route[39m[38;5;3m +0ms[39m
nextjs-nestjs-api-dev  | api:dev: [32m[Nest] 212  - [39m09/07/2026, 3:03:53 PM [32m    LOG[39m [38;5;3m[RouterExplorer] [39m[32mMapped {/test/orpc/public, GET} route[39m[38;5;3m +0ms[39m
nextjs-nestjs-api-dev  | api:dev: [32m[Nest] 212  - [39m09/07/2026, 3:03:53 PM [32m    LOG[39m [38;5;3m[RouterExplorer] [39m[32mMapped {/test/orpc/authenticated, GET} route[39m[38;5;3m +1ms[39m
nextjs-nestjs-api-dev  | api:dev: [32m[Nest] 212  - [39m09/07/2026, 3:03:53 PM [32m    LOG[39m [38;5;3m[RouterExplorer] [39m[32mMapped {/test/orpc/optional-auth, GET} route[39m[38;5;3m +0ms[39m
nextjs-nestjs-api-dev  | api:dev: [32m[Nest] 212  - [39m09/07/2026, 3:03:53 PM [32m    LOG[39m [38;5;3m[RouterExplorer] [39m[32mMapped {/test/orpc/admin/role, GET} route[39m[38;5;3m +0ms[39m
nextjs-nestjs-api-dev  | api:dev: [32m[Nest] 212  - [39m09/07/2026, 3:03:53 PM [32m    LOG[39m [38;5;3m[RouterExplorer] [39m[32mMapped {/test/orpc/admin/permission, GET} route[39m[38;5;3m +0ms[39m
nextjs-nestjs-api-dev  | api:dev: [32m[Nest] 212  - [39m09/07/2026, 3:03:53 PM [32m    LOG[39m [38;5;3m[RouterExplorer] [39m[32mMapped {/test/orpc/admin/dynamic-permission, POST} route[39m[38;5;3m +0ms[39m
nextjs-nestjs-api-dev  | api:dev: [32m[Nest] 212  - [39m09/07/2026, 3:03:53 PM [32m    LOG[39m [38;5;3m[RouterExplorer] [39m[32mMapped {/test/orpc/composite/admin, GET} route[39m[38;5;3m +1ms[39m
nextjs-nestjs-api-dev  | api:dev: [32m[Nest] 212  - [39m09/07/2026, 3:03:53 PM [32m    LOG[39m [38;5;3m[RouterExplorer] [39m[32mMapped {/test/orpc/context-access/:resourceId, GET} route[39m[38;5;3m +0ms[39m
nextjs-nestjs-api-dev  | api:dev: [32m[Nest] 212  - [39m09/07/2026, 3:03:53 PM [32m    LOG[39m [38;5;3m[RoutesResolver] [39m[32mUserController {/}:[39m[38;5;3m +0ms[39m
nextjs-nestjs-api-dev  | api:dev: [32m[Nest] 212  - [39m09/07/2026, 3:03:53 PM [32m    LOG[39m [38;5;3m[RouterExplorer] [39m[32mMapped {/user, GET} route[39m[38;5;3m +1ms[39m
nextjs-nestjs-api-dev  | api:dev: [32m[Nest] 212  - [39m09/07/2026, 3:03:53 PM [32m    LOG[39m [38;5;3m[RouterExplorer] [39m[32mMapped {/user/:id, GET} route[39m[38;5;3m +0ms[39m
nextjs-nestjs-api-dev  | api:dev: [32m[Nest] 212  - [39m09/07/2026, 3:03:53 PM [32m    LOG[39m [38;5;3m[RouterExplorer] [39m[32mMapped {/user, POST} route[39m[38;5;3m +0ms[39m
nextjs-nestjs-api-dev  | api:dev: [32m[Nest] 212  - [39m09/07/2026, 3:03:53 PM [32m    LOG[39m [38;5;3m[RouterExplorer] [39m[32mMapped {/user/:id, PUT} route[39m[38;5;3m +1ms[39m
nextjs-nestjs-api-dev  | api:dev: [32m[Nest] 212  - [39m09/07/2026, 3:03:53 PM [32m    LOG[39m [38;5;3m[RouterExplorer] [39m[32mMapped {/user/:id, DELETE} route[39m[38;5;3m +0ms[39m
nextjs-nestjs-api-dev  | api:dev: [32m[Nest] 212  - [39m09/07/2026, 3:03:53 PM [32m    LOG[39m [38;5;3m[RouterExplorer] [39m[32mMapped {/user/check/email, GET} route[39m[38;5;3m +0ms[39m
nextjs-nestjs-api-dev  | api:dev: [32m[Nest] 212  - [39m09/07/2026, 3:03:53 PM [32m    LOG[39m [38;5;3m[RouterExplorer] [39m[32mMapped {/user/count, GET} route[39m[38;5;3m +0ms[39m
nextjs-nestjs-api-dev  | api:dev: [32m[Nest] 212  - [39m09/07/2026, 3:03:53 PM [32m    LOG[39m [38;5;3m[RoutesResolver] [39m[32mReachabilityController {/}:[39m[38;5;3m +0ms[39m
nextjs-nestjs-api-dev  | api:dev: [32m[Nest] 212  - [39m09/07/2026, 3:03:53 PM [32m    LOG[39m [38;5;3m[RouterExplorer] [39m[32mMapped {/reachability/check, GET} route[39m[38;5;3m +0ms[39m
nextjs-nestjs-api-dev  | api:dev: [32m[Nest] 212  - [39m09/07/2026, 3:03:53 PM [32m    LOG[39m [38;5;3m[RouterExplorer] [39m[32mMapped {/reachability/config, GET} route[39m[38;5;3m +0ms[39m
nextjs-nestjs-api-dev  | api:dev: [32m[Nest] 212  - [39m09/07/2026, 3:03:53 PM [32m    LOG[39m [38;5;3m[RouterExplorer] [39m[32mMapped {/reachability/config, PUT} route[39m[38;5;3m +2ms[39m
nextjs-nestjs-api-dev  | api:dev: [32m[Nest] 212  - [39m09/07/2026, 3:03:53 PM [32m    LOG[39m [38;5;3m[RouterExplorer] [39m[32mMapped {/reachability/domain, GET} route[39m[38;5;3m +0ms[39m
nextjs-nestjs-api-dev  | api:dev: [32m[Nest] 212  - [39m09/07/2026, 3:03:53 PM [32m    LOG[39m [38;5;3m[RouterExplorer] [39m[32mMapped {/reachability/public-ip, GET} route[39m[38;5;3m +1ms[39m
nextjs-nestjs-api-dev  | api:dev: [32m[Nest] 212  - [39m09/07/2026, 3:03:53 PM [32m    LOG[39m [38;5;3m[RouterExplorer] [39m[32mMapped {/reachability/node-network, GET} route[39m[38;5;3m +0ms[39m
nextjs-nestjs-api-dev  | api:dev: [32m[Nest] 212  - [39m09/07/2026, 3:03:53 PM [32m    LOG[39m [38;5;3m[RouterExplorer] [39m[32mMapped {/reachability/node-network/all, GET} route[39m[38;5;3m +1ms[39m
nextjs-nestjs-api-dev  | api:dev: [32m[Nest] 212  - [39m09/07/2026, 3:03:53 PM [32m    LOG[39m [38;5;3m[RouterExplorer] [39m[32mMapped {/reachability/node-network, POST} route[39m[38;5;3m +0ms[39m
nextjs-nestjs-api-dev  | api:dev: [32m[Nest] 212  - [39m09/07/2026, 3:03:53 PM [32m    LOG[39m [38;5;3m[RouterExplorer] [39m[32mMapped {/reachability/tunnel-health, GET} route[39m[38;5;3m +1ms[39m
nextjs-nestjs-api-dev  | api:dev: [32m[Nest] 212  - [39m09/07/2026, 3:03:53 PM [32m    LOG[39m [38;5;3m[RouterExplorer] [39m[32mMapped {/reachability/domain-gate, GET} route[39m[38;5;3m +0ms[39m
nextjs-nestjs-api-dev  | api:dev: [32m[Nest] 212  - [39m09/07/2026, 3:03:53 PM [32m    LOG[39m [38;5;3m[RouterExplorer] [39m[32mMapped {/reachability/public-access-point, GET} route[39m[38;5;3m +0ms[39m
nextjs-nestjs-api-dev  | api:dev: [32m[Nest] 212  - [39m09/07/2026, 3:03:53 PM [32m    LOG[39m [38;5;3m[RouterExplorer] [39m[32mMapped {/reachability/public-access-point/watch, GET} route[39m[38;5;3m +0ms[39m
nextjs-nestjs-api-dev  | api:dev: (!) Your Vite config uses features that are unsupported by `configLoader: 'native'`, which is planned to become the default in a future major version of Vite:
nextjs-nestjs-api-dev  | api:dev:   - ESM syntax in a file loaded as CommonJS (vite.config.ts:1:1). Use a `.mjs` extension or set `"type": "module"` in the closest package.json
nextjs-nestjs-api-dev  | api:dev: Set `VITE_CONFIG_NATIVE_IGNORE_WARNING=true` to suppress this warning.
nextjs-nestjs-api-dev  | api:dev: 3:03:54 PM [vite] (client) Re-optimizing dependencies because vite config has changed
nextjs-nestjs-api-dev  | api:dev: [32m[Nest] 212  - [39m09/07/2026, 3:03:55 PM [32m    LOG[39m [38;5;3m[ViteInitializerService] [39m[32m✓ Vite HMR proxy configured (Vite dev server on port 5173, loopback only)[39m
nextjs-nestjs-api-dev  | api:dev: [32m[Nest] 212  - [39m09/07/2026, 3:03:55 PM [32m    LOG[39m [38;5;3m[ViteInitializerService] [39m[32m✓ Vite initialized for SSR[39m
nextjs-nestjs-api-dev  | api:dev: [32m[Nest] 212  - [39m09/07/2026, 3:03:55 PM [32m    LOG[39m [38;5;3m[InitializationService] [39m[32m🔍 InitializationService: checking existing node config…[39m
nextjs-nestjs-api-dev  | api:dev: [32m[Nest] 212  - [39m09/07/2026, 3:03:55 PM [32m    LOG[39m [38;5;3m[InitializationService] [39m[32m✅ Node already configured — unblocking dependent modules[39m
nextjs-nestjs-api-dev  | api:dev: [32m[Nest] 212  - [39m09/07/2026, 3:03:55 PM [32m    LOG[39m [38;5;3m[InitializationService] [39m[32m🚀 Setup complete — strategy=local nodeId=94b60b2c-3322-4da3-8312-1a1a493756a6[39m
nextjs-nestjs-api-dev  | api:dev: [33m[Nest] 212  - [39m09/07/2026, 3:03:55 PM [33m   WARN[39m [38;5;3m[SystemMeshConfigService] [39m[33m⚠️  No bootstrap peers configured — this node will start isolated.[39m
nextjs-nestjs-api-dev  | api:dev: [32m[Nest] 212  - [39m09/07/2026, 3:03:55 PM [32m    LOG[39m [38;5;3m[SystemMeshConfigService] [39m[32mInitializing local mesh configuration defaults…[39m
nextjs-nestjs-api-dev  | api:dev: [32m[Nest] 212  - [39m09/07/2026, 3:03:55 PM [32m    LOG[39m [38;5;3m[MeshResource:node-info] [39m[32mRegistered 1 query + 0 mutation handler(s) with dispatcher[39m
nextjs-nestjs-api-dev  | api:dev: [32m[Nest] 212  - [39m09/07/2026, 3:03:55 PM [32m    LOG[39m [38;5;3m[DockerMeshHandlerRegistrar] [39m[32mDocker mesh handlers registered (list/inspect/runtime/runtime-ops)[39m
nextjs-nestjs-api-dev  | api:dev: [32m[Nest] 212  - [39m09/07/2026, 3:03:55 PM [32m    LOG[39m [38;5;3m[CodeProviderRegistryService] [39m[32mCode provider registry initialized: github, gitlab, upload, custom[39m
nextjs-nestjs-api-dev  | api:dev: [32m[Nest] 212  - [39m09/07/2026, 3:03:55 PM [32m    LOG[39m [38;5;3m[PreviewTtlCleanupService] [39m[32mPreview TTL cleanup scheduled every 10 minutes[39m
nextjs-nestjs-api-dev  | api:dev: [32m[Nest] 212  - [39m09/07/2026, 3:03:55 PM [32m    LOG[39m [38;5;3m[DockerRuntimeEventsSourceService] [39m[32m[docker-runtime-sse] stream request -> since= until= sources=[] actions=[][39m
nextjs-nestjs-api-dev  | api:dev: [32m[Nest] 212  - [39m09/07/2026, 3:03:55 PM [32m    LOG[39m [38;5;3m[DockerRuntimeEventsSourceService] [39m[32m[docker-runtime-sse] stream request -> since= until= sources=[] actions=[][39m
nextjs-nestjs-api-dev  | api:dev: [32m[Nest] 212  - [39m09/07/2026, 3:03:55 PM [32m    LOG[39m [38;5;3m[DockerRuntimeEventsSourceService] [39m[32m[docker-runtime-sse] stream request -> since= until= sources=[] actions=[][39m
nextjs-nestjs-api-dev  | api:dev: [32m[Nest] 212  - [39m09/07/2026, 3:03:55 PM [32m    LOG[39m [38;5;3m[DockerRuntimeEventsSourceService] [39m[32m[docker-runtime-sse] stream request -> since= until= sources=[] actions=[][39m
nextjs-nestjs-api-dev  | api:dev: [32m[Nest] 212  - [39m09/07/2026, 3:03:55 PM [32m    LOG[39m [38;5;3m[DockerRuntimeEventsSourceService] [39m[32m[docker-runtime-sse] stream request -> since= until= sources=[] actions=[][39m
nextjs-nestjs-api-dev  | api:dev: [32m[Nest] 212  - [39m09/07/2026, 3:03:55 PM [32m    LOG[39m [38;5;3m[DockerRuntimeEventsSourceService] [39m[32m[docker-runtime-sse] stream request -> since= until= sources=[] actions=[][39m
nextjs-nestjs-api-dev  | api:dev: [32m[Nest] 212  - [39m09/07/2026, 3:03:55 PM [32m    LOG[39m [38;5;3m[DockerRuntimeEventsSourceService] [39m[32m[docker-runtime-sse] docker.getEvents options={}[39m
nextjs-nestjs-api-dev  | api:dev: [32m[Nest] 212  - [39m09/07/2026, 3:03:55 PM [32m    LOG[39m [38;5;3m[DeploymentQueueWorkerService] [39m[32mDeployment queue worker started (typed:01d96ba4-5bfb-4363-930b-b8057fa79a6b) — executing typed queue jobs[39m
nextjs-nestjs-api-dev  | api:dev: [32m[Nest] 212  - [39m09/07/2026, 3:03:55 PM [32m    LOG[39m [38;5;3m[DeploymentMeshHandlerRegistrar] [39m[32mDeployment mesh handlers registered[39m
nextjs-nestjs-api-dev  | api:dev: [32m[Nest] 212  - [39m09/07/2026, 3:03:55 PM [32m    LOG[39m [38;5;3m[MeshResource:deployments] [39m[32mRegistered 3 query + 0 mutation handler(s) with dispatcher[39m
nextjs-nestjs-api-dev  | api:dev: [32m[Nest] 212  - [39m09/07/2026, 3:03:55 PM [32m    LOG[39m [38;5;3m[BootstrapOrchestratorService] [39m[32m🚀 Bootstrap orchestrator checking DB state…[39m
nextjs-nestjs-api-dev  | api:dev: [32m[Nest] 212  - [39m09/07/2026, 3:03:55 PM [32m    LOG[39m [38;5;3m[BootstrapOrchestratorService] [39m[32m✅ Global database is initialized and ready[39m
nextjs-nestjs-api-dev  | api:dev: [32m[Nest] 212  - [39m09/07/2026, 3:03:55 PM [32m    LOG[39m [38;5;3m[BootstrapOrchestratorService] [39m[32m✅ Bootstrap orchestrator completed[39m
nextjs-nestjs-api-dev  | api:dev: 3:03:55 PM [vite] (client) [optimizer] scanning dependencies...
nextjs-nestjs-api-dev  | api:dev: [32m[Nest] 212  - [39m09/07/2026, 3:03:56 PM [32m    LOG[39m [38;5;3m[SwarmBootstrapService] [39m[32mSwarm converged — state=active, role=manager, nodes=1, managers=1, master=9yejcx9isc54iev9i9h10pmsu[39m
nextjs-nestjs-api-dev  | api:dev: [32m[Nest] 212  - [39m09/07/2026, 3:03:56 PM [32m    LOG[39m [38;5;3m[SwarmBootstrapService] [39m[32mCluster node state persisted (swarmRole=manager)[39m
nextjs-nestjs-api-dev  | api:dev: [32m[Nest] 212  - [39m09/07/2026, 3:03:56 PM [32m    LOG[39m [38;5;3m[SupervisorOrchestratorService] [39m[32m✅ Supervisor "platform-managed-web" converged[39m
nextjs-nestjs-api-dev  | api:dev: [32m[Nest] 212  - [39m09/07/2026, 3:03:56 PM [32m    LOG[39m [38;5;3m[SupervisorOrchestratorService] [39m[32m✅ Supervisor "platform-direct-port-proxy" converged[39m
nextjs-nestjs-api-dev  | api:dev: [31m[Nest] 212  - [39m09/07/2026, 3:03:56 PM [31m  ERROR[39m [38;5;3m[DockerService] [39m[31mFailed to create Swarm service: (HTTP code 403) unexpected - The network deployer-platform cannot be used with services. Only networks scoped to the swarm can be used, such as those created with the overlay driver. [39m
nextjs-nestjs-api-dev  | api:dev: [33m[Nest] 212  - [39m09/07/2026, 3:03:56 PM [33m   WARN[39m [38;5;3m[SwarmBootstrapService] [39m[33mPlatform swarm stack ensure skipped: Failed to create Swarm service: (HTTP code 403) unexpected - The network deployer-platform cannot be used with services. Only networks scoped to the swarm can be used, such as those created with the overlay driver. [39m
nextjs-nestjs-api-dev  | api:dev: [32m[Nest] 212  - [39m09/07/2026, 3:03:56 PM [32m    LOG[39m [38;5;3m[NestApplication] [39m[32mNest application successfully started[39m[38;5;3m +4ms[39m
nextjs-nestjs-api-dev  | api:dev: [32m[Nest] 212  - [39m09/07/2026, 3:03:56 PM [32m    LOG[39m [38;5;3m[SubAppRunner:main-app] [39m[32mExtracted 300 routes from sub-app "main-app"[39m
nextjs-nestjs-api-dev  | api:dev: [32m[Nest] 212  - [39m09/07/2026, 3:03:56 PM [32m    LOG[39m [38;5;3m[SubAppRunner:main-app] [39m[32mSub-app "main-app" listening on http://127.0.0.1:3012[39m
nextjs-nestjs-api-dev  | api:dev: [RouteRegistry] Registering sub-app "main-app" (port 3012) with 300 routes
nextjs-nestjs-api-dev  | api:dev: [RouteRegistry] Route graph now has 309 routes across 5 methods
nextjs-nestjs-api-dev  | api:dev: [32m[Nest] 212  - [39m09/07/2026, 3:03:56 PM [32m    LOG[39m [38;5;3m[SubAppRunner:main-app] [39m[32mSub-app "main-app" registered 300 routes with gateway[39m
nextjs-nestjs-api-dev  | api:dev: [32m[Nest] 212  - [39m09/07/2026, 3:03:56 PM [32m    LOG[39m [38;5;3m[OrchestratorService] [39m[32m✅ main-app launched — 300 routes[39m
nextjs-nestjs-api-dev  | api:dev: [RouteRegistry] Fallback target set to "main-app" at http://127.0.0.1:3012/
nextjs-nestjs-api-dev  | api:dev: [32m[Nest] 212  - [39m09/07/2026, 3:03:56 PM [32m    LOG[39m [38;5;3m[OrchestratorService] [39m[32m🔄 Fallback → main-app[39m
nextjs-nestjs-api-dev  | api:dev: 3:03:58 PM [vite] (client) [optimizer] bundling dependencies...
