#1 [internal] load local bake definitions
#1 reading from stdin 3.19kB done
#1 DONE 0.0s

#2 [api-dev-2 internal] load build definition from Dockerfile.api.dev
#2 ...

#3 [doc-dev internal] load build definition from Dockerfile.doc.dev
#3 transferring dockerfile: 5.27kB done
#3 DONE 0.2s

#2 [api-dev internal] load build definition from Dockerfile.api.dev
#2 transferring dockerfile: 5.32kB done
#2 DONE 0.2s

#4 [lb-dev internal] load build definition from Dockerfile.load-balancer.dev
#4 transferring dockerfile: 5.33kB done
#4 DONE 0.2s

#5 [web-dev internal] load build definition from Dockerfile.web.dev
#5 transferring dockerfile: 6.04kB done
#5 DONE 0.3s

#6 [web-dev] resolve image config for docker-image://docker.io/docker/dockerfile:1-labs
#6 DONE 1.0s

#7 [api-dev-2] docker-image://docker.io/docker/dockerfile:1-labs@sha256:4c116b618ed48404d579b5467127b20986f2a6b29e4b9be2fee841f632db6a86
#7 resolve docker.io/docker/dockerfile:1-labs@sha256:4c116b618ed48404d579b5467127b20986f2a6b29e4b9be2fee841f632db6a86 0.0s done
#7 CACHED

#8 [web-dev internal] load metadata for docker.io/oven/bun:1.3.9-alpine
#8 DONE 0.7s

#9 [api-dev-2 internal] load metadata for docker.io/library/node:22-alpine
#9 DONE 0.7s

#10 [api-dev-2 internal] load .dockerignore
#10 transferring context: 814B done
#10 DONE 0.0s

#11 [web-dev base 1/4] FROM docker.io/oven/bun:1.3.9-alpine@sha256:9028ee7a60a04777190f0c3129ce49c73384d3fc918f3e5c75f5af188e431981
#11 resolve docker.io/oven/bun:1.3.9-alpine@sha256:9028ee7a60a04777190f0c3129ce49c73384d3fc918f3e5c75f5af188e431981 0.0s done
#11 DONE 0.0s

#12 [api-dev] FROM docker.io/library/node:22-alpine@sha256:8094c002d08262dba12645a3b4a15cd6cd627d30bc782f53229a2ec13ee22a00
#12 resolve docker.io/library/node:22-alpine@sha256:8094c002d08262dba12645a3b4a15cd6cd627d30bc782f53229a2ec13ee22a00 0.0s done
#12 DONE 0.0s

#13 [web-dev internal] load build context
#13 transferring context: 307.72kB 0.3s done
#13 DONE 0.3s

#14 [doc-dev base 3/4] RUN --mount=type=cache,target=/root/.bun bun install -g turbo@^2 node-gyp
#14 CACHED

#15 [doc-dev base 2/4] RUN apk add --no-cache libc6-compat curl bash python3 make g++ gcc musl-dev tar
#15 CACHED

#16 [doc-dev base 4/4] WORKDIR /app
#16 CACHED

#17 [doc-dev pruner 1/3] WORKDIR /app
#17 CACHED

#18 [lb-dev base 3/6] COPY --from=node:22-alpine /usr/local /usr/local
#18 CACHED

#19 [lb-dev base 4/6] RUN ln -sf /usr/local/bin/node /usr/bin/node &&     ln -sf /usr/local/bin/npm /usr/bin/npm &&     ln -sf /usr/local/bin/npx /usr/bin/npx
#19 CACHED

#20 [lb-dev base 6/6] WORKDIR /app
#20 CACHED

#21 [lb-dev base 2/6] RUN apk add --no-cache curl wget bash git python3 make g++ tar libc6-compat
#21 CACHED

#22 [lb-dev base 5/6] RUN --mount=type=cache,target=/root/.bun bun install -g turbo@^2 @nestjs/cli node-gyp
#22 CACHED

#23 [lb-dev pruner 1/3] WORKDIR /app
#23 CACHED

#24 [lb-dev pruner 2/3] COPY . .
#24 ...

#25 [doc-dev pruner 2/3] COPY . .
#25 DONE 15.5s

#24 [api-dev-2 pruner 2/3] COPY . .
#24 DONE 15.5s

#26 [api-dev-2 pruner 3/3] RUN --mount=type=cache,target=/root/.bun     bun x turbo prune api --docker
#26 0.733 
#26 0.733 Attention:
#26 0.733 Turborepo now collects completely anonymous telemetry regarding usage.
#26 0.733 This information is used to shape the Turborepo roadmap and prioritize features.
#26 0.733 You can learn more, including how to opt-out if you'd not like to participate in this anonymous program, by visiting the following URL:
#26 0.733 https://turborepo.dev/docs/telemetry
#26 0.733 
#26 0.733 • turbo 2.8.20
#26 1.551 Generating pruned monorepo for api in /app/out
#26 1.560  - Added @repo/api-contracts
#26 1.570  - Added @repo/auth
#26 1.573  - Added @repo/config-eslint
#26 1.574  - Added @repo/config-prettier
#26 1.577  - Added @repo/config-typescript
#26 1.581  - Added @repo/config-vitest
#26 1.583  - Added @repo/env
#26 1.585  - Added @repo/logger
#26 1.594  - Added @repo/orpc-utils
#26 1.597  - Added @repo/provider-schema
#26 1.720  - Added api
#26 ...

#27 [doc-dev pruner 3/3] RUN --mount=type=cache,target=/root/.bun     bun x turbo prune doc --docker
#27 0.732 
#27 0.732 Attention:
#27 0.732 Turborepo now collects completely anonymous telemetry regarding usage.
#27 0.732 This information is used to shape the Turborepo roadmap and prioritize features.
#27 0.732 You can learn more, including how to opt-out if you'd not like to participate in this anonymous program, by visiting the following URL:
#27 0.732 https://turborepo.dev/docs/telemetry
#27 0.732 
#27 0.734 • turbo 2.8.20
#27 1.559 Generating pruned monorepo for doc in /app/out
#27 1.565  - Added @repo/config-eslint
#27 1.567  - Added @repo/config-prettier
#27 1.570  - Added @repo/config-typescript
#27 1.572  - Added @repo/config-vitest
#27 1.574  - Added @repo/env
#27 1.586  - Added doc
#27 DONE 2.5s

#28 [lb-dev pruner 3/3] RUN --mount=type=cache,target=/root/.bun     bun x turbo prune load-balancer --docker
#28 0.738 
#28 0.738 Attention:
#28 0.738 Turborepo now collects completely anonymous telemetry regarding usage.
#28 0.738 This information is used to shape the Turborepo roadmap and prioritize features.
#28 0.738 You can learn more, including how to opt-out if you'd not like to participate in this anonymous program, by visiting the following URL:
#28 0.738 https://turborepo.dev/docs/telemetry
#28 0.738 
#28 0.739 • turbo 2.8.20
#28 1.549 Generating pruned monorepo for load-balancer in /app/out
#28 1.563  - Added @repo/api-contracts
#28 1.575  - Added @repo/auth
#28 1.579  - Added @repo/config-eslint
#28 1.581  - Added @repo/config-prettier
#28 1.585  - Added @repo/config-typescript
#28 1.588  - Added @repo/config-vitest
#28 1.591  - Added @repo/env
#28 1.601  - Added @repo/orpc-utils
#28 1.605  - Added @repo/provider-schema
#28 1.612  - Added load-balancer
#28 DONE 2.5s

#26 [api-dev-2 pruner 3/3] RUN --mount=type=cache,target=/root/.bun     bun x turbo prune api --docker
#26 DONE 2.5s

#29 [web-dev pruner 3/3] RUN --mount=type=cache,target=/root/.bun     bun x turbo prune web --docker
#29 0.733 
#29 0.733 Attention:
#29 0.733 Turborepo now collects completely anonymous telemetry regarding usage.
#29 0.733 This information is used to shape the Turborepo roadmap and prioritize features.
#29 0.733 You can learn more, including how to opt-out if you'd not like to participate in this anonymous program, by visiting the following URL:
#29 0.733 https://turborepo.dev/docs/telemetry
#29 0.733 
#29 0.733 • turbo 2.8.20
#29 1.560 Generating pruned monorepo for web in /app/out
#29 1.573  - Added @repo/api-contracts
#29 1.585  - Added @repo/auth
#29 1.594  - Added @repo/cli-declarative-routing
#29 1.597  - Added @repo/config-eslint
#29 1.599  - Added @repo/config-prettier
#29 1.602  - Added @repo/config-tailwind
#29 1.606  - Added @repo/config-typescript
#29 1.608  - Added @repo/config-vitest
#29 1.612  - Added @repo/declarative-routing
#29 1.615  - Added @repo/env
#29 1.617  - Added @repo/logger
#29 1.672  - Added @repo/orpc-utils
#29 1.676  - Added @repo/provider-schema
#29 1.679  - Added @repo/types
#29 1.698  - Added @repo/ui
#29 1.751  - Added web
#29 DONE 2.6s

#30 [doc-dev source-copier 2/3] COPY --from=pruner /app/out/json/ /tmp/prune-structure/
#30 CACHED

#31 [doc-dev source-copier 3/3] RUN --mount=type=bind,from=pruner,source=/app,target=/mnt/pruner     cp /mnt/pruner/package.json /mnt/pruner/turbo.json /app/ 2>/dev/null || true &&     cp /mnt/pruner/bun.lock* /app/ 2>/dev/null || true &&     cp /mnt/pruner/bunfig.toml /app/ 2>/dev/null || true &&     for appPkg in $(find /tmp/prune-structure/apps -name "package.json" -type f 2>/dev/null); do         appDir=$(dirname "$appPkg" | sed 's|/tmp/prune-structure/||');         if [ -d "/mnt/pruner/$appDir" ]; then             mkdir -p "/app/$appDir" &&             cp -r /mnt/pruner/$appDir/. /app/$appDir/ 2>/dev/null || true;         fi;     done &&     for pkgJson in $(find /tmp/prune-structure/packages -name "package.json" -type f 2>/dev/null); do         pkgDir=$(dirname "$pkgJson" | sed 's|/tmp/prune-structure/||');         if [ -d "/mnt/pruner/$pkgDir" ]; then             mkdir -p "/app/$pkgDir" &&             cp -r /mnt/pruner/$pkgDir/. /app/$pkgDir/ 2>/dev/null || true;         fi;     done
#31 ...

#32 [web-dev source-copier 2/3] COPY --from=pruner /app/out/json/ /tmp/prune-structure/
#32 CACHED

#33 [lb-dev source-copier 2/3] COPY --from=pruner /app/out/json/ /tmp/prune-structure/
#33 CACHED

#31 [doc-dev source-copier 3/3] RUN --mount=type=bind,from=pruner,source=/app,target=/mnt/pruner     cp /mnt/pruner/package.json /mnt/pruner/turbo.json /app/ 2>/dev/null || true &&     cp /mnt/pruner/bun.lock* /app/ 2>/dev/null || true &&     cp /mnt/pruner/bunfig.toml /app/ 2>/dev/null || true &&     for appPkg in $(find /tmp/prune-structure/apps -name "package.json" -type f 2>/dev/null); do         appDir=$(dirname "$appPkg" | sed 's|/tmp/prune-structure/||');         if [ -d "/mnt/pruner/$appDir" ]; then             mkdir -p "/app/$appDir" &&             cp -r /mnt/pruner/$appDir/. /app/$appDir/ 2>/dev/null || true;         fi;     done &&     for pkgJson in $(find /tmp/prune-structure/packages -name "package.json" -type f 2>/dev/null); do         pkgDir=$(dirname "$pkgJson" | sed 's|/tmp/prune-structure/||');         if [ -d "/mnt/pruner/$pkgDir" ]; then             mkdir -p "/app/$pkgDir" &&             cp -r /mnt/pruner/$pkgDir/. /app/$pkgDir/ 2>/dev/null || true;         fi;     done
#31 DONE 0.4s

#34 [lb-dev source-copier 3/3] RUN --mount=type=bind,from=pruner,source=/app,target=/mnt/pruner     cp /mnt/pruner/package.json /mnt/pruner/turbo.json /app/ 2>/dev/null || true &&     cp /mnt/pruner/bun.lock* /app/ 2>/dev/null || true &&     cp /mnt/pruner/bunfig.toml /app/ 2>/dev/null || true &&     for appPkg in $(find /tmp/prune-structure/apps -name "package.json" -type f 2>/dev/null); do         appDir=$(dirname "$appPkg" | sed 's|/tmp/prune-structure/||');         if [ -d "/mnt/pruner/$appDir" ]; then             mkdir -p "/app/$appDir" &&             cp -r /mnt/pruner/$appDir/. /app/$appDir/ 2>/dev/null || true;         fi;     done &&     for pkgJson in $(find /tmp/prune-structure/packages -name "package.json" -type f 2>/dev/null); do         pkgDir=$(dirname "$pkgJson" | sed 's|/tmp/prune-structure/||');         if [ -d "/mnt/pruner/$pkgDir" ]; then             mkdir -p "/app/$pkgDir" &&             cp -r /mnt/pruner/$pkgDir/. /app/$pkgDir/ 2>/dev/null || true;         fi;     done
#34 ...

#35 [api-dev source-copier 2/3] COPY --from=pruner /app/out/json/ /tmp/prune-structure/
#35 CACHED

#36 [doc-dev installer 6/6] RUN --mount=type=cache,target=/root/.bun     --mount=type=cache,target=/root/.cache     bun install --frozen-lockfile || bun install
#36 CACHED

#37 [doc-dev installer 5/6] COPY --from=pruner /app/apps/doc/source.config.ts ./apps/doc/source.config.ts
#37 CACHED

#38 [doc-dev runner 4/6] RUN --mount=type=bind,from=installer,source=/app,target=/mnt/installer     cd /mnt/installer && tar cf - node_modules | tar xf - -C /app --owner=root --group=root &&     find /mnt/installer/apps -name node_modules -type d 2>/dev/null | while read dir; do         relDir=$(echo "$dir" | sed 's|/mnt/installer/||');         mkdir -p "/app/$(dirname $relDir)" &&         cd /mnt/installer && tar cf - "$relDir" | tar xf - -C /app --owner=root --group=root;     done &&     find /mnt/installer/packages -name node_modules -type d 2>/dev/null | while read dir; do         relDir=$(echo "$dir" | sed 's|/mnt/installer/||');         mkdir -p "/app/$(dirname $relDir)" &&         cd /mnt/installer && tar cf - "$relDir" | tar xf - -C /app --owner=root --group=root;     done
#38 CACHED

#39 [doc-dev runner 5/6] COPY --parents --chmod=a+w .turbo/ **/.turbo/ ./
#39 CACHED

#40 [doc-dev runner 2/6] RUN ln -sf $(which bun) /usr/local/bin/npm
#40 CACHED

#41 [doc-dev installer 2/6] WORKDIR /app
#41 CACHED

#42 [doc-dev installer 4/6] COPY --from=pruner /app/bun.lock ./bun.lock
#42 CACHED

#43 [doc-dev runner 3/6] COPY --from=source-copier /app/ .
#43 CACHED

#44 [doc-dev installer 3/6] COPY --from=pruner /app/out/json/ .
#44 CACHED

#45 [doc-dev installer 1/6] RUN apk add --no-cache libc6-compat
#45 CACHED

#46 [doc-dev runner 6/6] RUN --mount=type=cache,target=/root/.bun     echo "🔨 Building doc dependencies..." &&     bun x turbo run build --filter=doc... --filter=!doc
#46 CACHED

#47 [web-dev source-copier 3/3] RUN --mount=type=bind,from=pruner,source=/app,target=/mnt/pruner     cp /mnt/pruner/package.json /mnt/pruner/turbo.json /app/ 2>/dev/null || true &&     cp /mnt/pruner/bun.lock* /app/ 2>/dev/null || true &&     cp /mnt/pruner/bunfig.toml /app/ 2>/dev/null || true &&     for appPkg in $(find /tmp/prune-structure/apps -name "package.json" -type f 2>/dev/null); do         appDir=$(dirname "$appPkg" | sed 's|/tmp/prune-structure/||');         if [ -d "/mnt/pruner/$appDir" ]; then             mkdir -p "/app/$appDir" &&             cp -r /mnt/pruner/$appDir/. /app/$appDir/ 2>/dev/null || true;         fi;     done &&     for pkgJson in $(find /tmp/prune-structure/packages -name "package.json" -type f 2>/dev/null); do         pkgDir=$(dirname "$pkgJson" | sed 's|/tmp/prune-structure/||');         if [ -d "/mnt/pruner/$pkgDir" ]; then             mkdir -p "/app/$pkgDir" &&             cp -r /mnt/pruner/$pkgDir/. /app/$pkgDir/ 2>/dev/null || true;         fi;     done
#47 DONE 0.5s

#48 [doc-dev] exporting to image
#48 exporting layers done
#48 exporting manifest sha256:79fe5401c631b062ace85a236fec6c51d933958d5407fa8370dec399e703c0ea done
#48 exporting config sha256:5d28913666fd9d4f1f4e0dc2d31a0a9f6f645f95c8411971968ebd91e0dfd9a2 done
#48 exporting attestation manifest sha256:f3ed7bb707f8fda13c709d6ef1931153a1770149801e97a23bb7d6b632433964 0.0s done
#48 exporting manifest list sha256:4f74f923306fa9b05988e9d686e5bae0dfd3c91a3e4c97350b5be592482606e1 done
#48 naming to docker.io/library/compose-doc-dev:latest done
#48 unpacking to docker.io/library/compose-doc-dev:latest 0.0s done
#48 naming to docker.io/library/compose-doc-dev:dev done
#48 unpacking to docker.io/library/compose-doc-dev:dev
#48 unpacking to docker.io/library/compose-doc-dev:dev 0.0s done
#48 DONE 0.2s

#34 [lb-dev source-copier 3/3] RUN --mount=type=bind,from=pruner,source=/app,target=/mnt/pruner     cp /mnt/pruner/package.json /mnt/pruner/turbo.json /app/ 2>/dev/null || true &&     cp /mnt/pruner/bun.lock* /app/ 2>/dev/null || true &&     cp /mnt/pruner/bunfig.toml /app/ 2>/dev/null || true &&     for appPkg in $(find /tmp/prune-structure/apps -name "package.json" -type f 2>/dev/null); do         appDir=$(dirname "$appPkg" | sed 's|/tmp/prune-structure/||');         if [ -d "/mnt/pruner/$appDir" ]; then             mkdir -p "/app/$appDir" &&             cp -r /mnt/pruner/$appDir/. /app/$appDir/ 2>/dev/null || true;         fi;     done &&     for pkgJson in $(find /tmp/prune-structure/packages -name "package.json" -type f 2>/dev/null); do         pkgDir=$(dirname "$pkgJson" | sed 's|/tmp/prune-structure/||');         if [ -d "/mnt/pruner/$pkgDir" ]; then             mkdir -p "/app/$pkgDir" &&             cp -r /mnt/pruner/$pkgDir/. /app/$pkgDir/ 2>/dev/null || true;         fi;     done
#34 DONE 0.4s

#49 [doc-dev] resolving provenance for metadata file
#49 DONE 0.0s

#50 [api-dev source-copier 3/3] RUN --mount=type=bind,from=pruner,source=/app,target=/mnt/pruner     cp /mnt/pruner/package.json /mnt/pruner/turbo.json /app/ 2>/dev/null || true &&     cp /mnt/pruner/bun.lock* /app/ 2>/dev/null || true &&     cp /mnt/pruner/bunfig.toml /app/ 2>/dev/null || true &&     for appPkg in $(find /tmp/prune-structure/apps -name "package.json" -type f 2>/dev/null); do         appDir=$(dirname "$appPkg" | sed 's|/tmp/prune-structure/||');         if [ -d "/mnt/pruner/$appDir" ]; then             mkdir -p "/app/$appDir" &&             cp -r /mnt/pruner/$appDir/. /app/$appDir/ 2>/dev/null || true;         fi;     done &&     for pkgJson in $(find /tmp/prune-structure/packages -name "package.json" -type f 2>/dev/null); do         pkgDir=$(dirname "$pkgJson" | sed 's|/tmp/prune-structure/||');         if [ -d "/mnt/pruner/$pkgDir" ]; then             mkdir -p "/app/$pkgDir" &&             cp -r /mnt/pruner/$pkgDir/. /app/$pkgDir/ 2>/dev/null || true;         fi;     done
#50 DONE 0.5s

#41 [web-dev installer 2/6] WORKDIR /app
#41 CACHED

#51 [web-dev installer 5/5] RUN --mount=type=cache,target=/root/.bun     --mount=type=cache,target=/root/.cache     bun install --frozen-lockfile || bun install
#51 CACHED

#52 [web-dev runner 5/7] RUN --mount=type=bind,from=installer,source=/app,target=/mnt/installer     cd /mnt/installer && tar cf - node_modules | tar xf - -C /app --owner=root --group=root &&     find /mnt/installer/apps -name node_modules -type d 2>/dev/null | while read dir; do         relDir=$(echo "$dir" | sed 's|/mnt/installer/||');         mkdir -p "/app/$(dirname $relDir)" &&         cd /mnt/installer && tar cf - "$relDir" | tar xf - -C /app --owner=root --group=root;     done &&     find /mnt/installer/packages -name node_modules -type d 2>/dev/null | while read dir; do         relDir=$(echo "$dir" | sed 's|/mnt/installer/||');         mkdir -p "/app/$(dirname $relDir)" &&         cd /mnt/installer && tar cf - "$relDir" | tar xf - -C /app --owner=root --group=root;     done
#52 CACHED

#53 [web-dev installer 3/5] COPY --from=pruner /app/out/json/ .
#53 CACHED

#54 [web-dev installer 4/5] COPY --from=pruner /app/bun.lock ./bun.lock
#54 CACHED

#55 [web-dev runner 6/7] COPY --parents --chmod=a+w .turbo/ **/.turbo/ ./
#55 CACHED

#45 [web-dev installer 1/6] RUN apk add --no-cache libc6-compat
#45 CACHED

#40 [web-dev runner 2/6] RUN ln -sf $(which bun) /usr/local/bin/npm
#40 CACHED

#56 [web-dev runner 4/7] RUN mkdir -p /app/apps/web/src/routes && chmod -R 755 /app/apps/web/src/routes
#56 CACHED

#57 [web-dev runner 3/7] COPY --from=source-copier /app/ .
#57 CACHED

#58 [web-dev runner 7/7] RUN --mount=type=cache,target=/root/.bun     echo "🔨 Building web dependencies (including declarative-routing)..." &&     bun x turbo run build --filter=web... --filter=!web &&     echo "✅ Build complete. Checking declarative-routing binary..." &&     ls -la packages/bin/declarative-routing/dist/ || echo "⚠️  declarative-routing dist/ not found!" &&     echo "📦 Verifying local declarative-routing binary..." &&     cd apps/web && bun /app/packages/bin/declarative-routing/dist/index.js --version || echo "⚠️  declarative-routing binary not executable!" &&     echo "🛣️  Generating declarative routes for web app (using LOCAL forked package)..." &&     bun /app/packages/bin/declarative-routing/dist/index.js build &&     echo "✅ Routes generated. Verifying routes/index.ts exists..." &&     ls -la src/routes/index.ts && cd /app || (echo "⚠️  routes/index.ts not found!" && cd /app)
#58 CACHED

#59 [lb-dev installer 1/5] RUN apk add --no-cache libc6-compat
#59 CACHED

#60 [lb-dev installer 4/5] COPY --from=pruner /app/bun.lock ./bun.lock
#60 CACHED

#61 [lb-dev runner 2/6] RUN ln -sf $(which bun) /usr/local/bin/npm
#61 CACHED

#62 [lb-dev installer 3/5] COPY --from=pruner /app/out/json/ .
#62 CACHED

#63 [lb-dev installer 2/5] WORKDIR /app
#63 CACHED

#64 [lb-dev installer 5/5] RUN --mount=type=cache,target=/root/.bun     --mount=type=cache,target=/root/.cache     bun install --frozen-lockfile || bun install
#64 CACHED

#65 [lb-dev runner 3/4] COPY --from=source-copier /app/ .
#65 CACHED

#66 [lb-dev runner 4/4] RUN --mount=type=bind,from=installer,source=/app,target=/mnt/installer     cd /mnt/installer && tar cf - node_modules | tar xf - -C /app --owner=root --group=root &&     find /mnt/installer/apps -name node_modules -type d 2>/dev/null | while read dir; do         relDir=$(echo "$dir" | sed 's|/mnt/installer/||');         mkdir -p "/app/$(dirname $relDir)" &&         cd /mnt/installer && tar cf - "$relDir" | tar xf - -C /app --owner=root --group=root;     done &&     find /mnt/installer/packages -name node_modules -type d 2>/dev/null | while read dir; do         relDir=$(echo "$dir" | sed 's|/mnt/installer/||');         mkdir -p "/app/$(dirname $relDir)" &&         cd /mnt/installer && tar cf - "$relDir" | tar xf - -C /app --owner=root --group=root;     done
#66 CACHED

#67 [web-dev] exporting to image
#67 exporting layers done
#67 exporting manifest sha256:e188c9a894189477789e30d8b34c33ef2cc2e52c78d32594f5baee19518d2d1c done
#67 exporting config sha256:0a2413c6b2936cecfd499dc7b7ff45a2adbbfa75322dbd8f65189ece22762210 done
#67 exporting attestation manifest sha256:46715064d1a98c8d31b9d7955b78fe8eaf4be236a2453515dc2af6ef81e26a84 0.0s done
#67 exporting manifest list sha256:6b54ed680e7d18bdb87098aa7855e1ebfe59428b9e49199e293d97f763e651f2 done
#67 naming to docker.io/library/compose-web-dev:latest done
#67 unpacking to docker.io/library/compose-web-dev:latest 0.0s done
#67 naming to docker.io/library/compose-web-dev:dev done
#67 unpacking to docker.io/library/compose-web-dev:dev done
#67 DONE 0.1s

#68 [lb-dev] exporting to image
#68 exporting layers done
#68 exporting manifest sha256:6bae3d6105ddb5c1641d17459fe355985e96e6c1940424d718bda72b38efe65f done
#68 exporting config sha256:e56f7e6561597194ae9736952a2d834f2c04020440be90bad14f16801f3804dc done
#68 exporting attestation manifest sha256:f21c4f5583889455147e317d91b2a1ceb6d8ade5b6a5fc2bb758e0991e426b8e done
#68 exporting manifest list sha256:b5eb461f0a5624e6411a5371166996df9d8c48e13d915edc8c389bb1e83f2f4f done
#68 naming to docker.io/library/compose-lb-dev:latest done
#68 unpacking to docker.io/library/compose-lb-dev:latest done
#68 naming to docker.io/library/compose-lb-dev:dev done
#68 unpacking to docker.io/library/compose-lb-dev:dev 0.0s done
#68 DONE 0.1s

#69 [web-dev] resolving provenance for metadata file
#69 DONE 0.0s

#70 [lb-dev] resolving provenance for metadata file
#70 DONE 0.0s

#71 [api-dev-2 runner 3/6] COPY --from=source-copier /app/ .
#71 CACHED

#72 [api-dev-2 installer 3/5] COPY --from=pruner /app/out/json/ .
#72 CACHED

#73 [api-dev-2 runner 4/6] RUN --mount=type=bind,from=installer,source=/app,target=/mnt/installer     cd /mnt/installer && tar cf - node_modules | tar xf - -C /app --owner=root --group=root &&     find /mnt/installer/apps -name node_modules -type d 2>/dev/null | while read dir; do         relDir=$(echo "$dir" | sed 's|/mnt/installer/||');         mkdir -p "/app/$(dirname $relDir)" &&         cd /mnt/installer && tar cf - "$relDir" | tar xf - -C /app --owner=root --group=root;     done &&     find /mnt/installer/packages -name node_modules -type d 2>/dev/null | while read dir; do         relDir=$(echo "$dir" | sed 's|/mnt/installer/||');         mkdir -p "/app/$(dirname $relDir)" &&         cd /mnt/installer && tar cf - "$relDir" | tar xf - -C /app --owner=root --group=root;     done
#73 CACHED

#61 [api-dev-2 runner 2/6] RUN ln -sf $(which bun) /usr/local/bin/npm
#61 CACHED

#63 [api-dev-2 installer 2/5] WORKDIR /app
#63 CACHED

#74 [api-dev-2 installer 5/5] RUN --mount=type=cache,target=/root/.bun     --mount=type=cache,target=/root/.cache     bun install --frozen-lockfile || bun install
#74 CACHED

#59 [api-dev-2 installer 1/5] RUN apk add --no-cache libc6-compat
#59 CACHED

#75 [api-dev-2 installer 4/5] COPY --from=pruner /app/bun.lock ./bun.lock
#75 CACHED

#76 [api-dev-2 runner 5/6] COPY --parents --chmod=a+w .turbo/ **/.turbo/ ./
#76 CACHED

#77 [api-dev-2 runner 6/6] RUN --mount=type=cache,target=/root/.bun     bun x turbo run build --filter=api... --filter=!api
#77 CACHED

#63 [api-dev installer 2/5] WORKDIR /app
#63 CACHED

#71 [api-dev runner 3/6] COPY --from=source-copier /app/ .
#71 CACHED

#72 [api-dev installer 3/5] COPY --from=pruner /app/out/json/ .
#72 CACHED

#76 [api-dev runner 5/6] COPY --parents --chmod=a+w .turbo/ **/.turbo/ ./
#76 CACHED

#61 [api-dev runner 2/6] RUN ln -sf $(which bun) /usr/local/bin/npm
#61 CACHED

#74 [api-dev installer 5/5] RUN --mount=type=cache,target=/root/.bun     --mount=type=cache,target=/root/.cache     bun install --frozen-lockfile || bun install
#74 CACHED

#73 [api-dev runner 4/6] RUN --mount=type=bind,from=installer,source=/app,target=/mnt/installer     cd /mnt/installer && tar cf - node_modules | tar xf - -C /app --owner=root --group=root &&     find /mnt/installer/apps -name node_modules -type d 2>/dev/null | while read dir; do         relDir=$(echo "$dir" | sed 's|/mnt/installer/||');         mkdir -p "/app/$(dirname $relDir)" &&         cd /mnt/installer && tar cf - "$relDir" | tar xf - -C /app --owner=root --group=root;     done &&     find /mnt/installer/packages -name node_modules -type d 2>/dev/null | while read dir; do         relDir=$(echo "$dir" | sed 's|/mnt/installer/||');         mkdir -p "/app/$(dirname $relDir)" &&         cd /mnt/installer && tar cf - "$relDir" | tar xf - -C /app --owner=root --group=root;     done
#73 CACHED

#59 [api-dev installer 1/5] RUN apk add --no-cache libc6-compat
#59 CACHED

#75 [api-dev installer 4/5] COPY --from=pruner /app/bun.lock ./bun.lock
#75 CACHED

#78 [api-dev] exporting to image
#78 exporting layers done
#78 exporting manifest sha256:16efefb65a814b982e5b98760d31994f2376486ab6c88a7e3263ad709d2ad91e done
#78 exporting config sha256:036da2d866662d11cffc5b64de0a69756bb486834115b46ed706c625a4aced0a done
#78 exporting attestation manifest sha256:4724168509f76d1793f394496c2aaebae2ade932288cc1cd15eecc9c3b20b21a 0.0s done
#78 exporting manifest list sha256:01066b510a941694ffaeba0423ea6ba82135c7719f43bc8a895a0f60bba0a3ec 0.0s done
#78 naming to docker.io/library/compose-api-dev:latest done
#78 unpacking to docker.io/library/compose-api-dev:latest done
#78 naming to docker.io/library/compose-api-dev:dev done
#78 unpacking to docker.io/library/compose-api-dev:dev done
#78 DONE 0.1s

#79 [api-dev-2] exporting to image
#79 exporting layers done
#79 exporting manifest sha256:7d4c8eb6f0c7fa1826468a284f77d719279781762e4056a52beab8120e423ff5 done
#79 exporting config sha256:24c95a6e8f9cceda0441f048967b30f395911c75c108b2c984eff3a07efecb5e done
#79 exporting attestation manifest sha256:03a298d6c88a3d61cb255251436802bbad0396c950dde73477f160932f1d7807 0.0s done
#79 exporting manifest list sha256:a0af01937b43ba83e88cc636a4c93358756ff585fb7f6be104edecba35fe915f done
#79 naming to docker.io/library/compose-api-dev-2:latest done
#79 unpacking to docker.io/library/compose-api-dev-2:latest done
#79 naming to docker.io/library/compose-api-dev-2:dev done
#79 unpacking to docker.io/library/compose-api-dev-2:dev done
#79 DONE 0.1s

#80 [api-dev] resolving provenance for metadata file
#80 DONE 0.0s

#81 [api-dev-2] resolving provenance for metadata file
#81 DONE 0.0s
[92m        ⦿ [0mWatch enabled
Attaching to compose-api-db-dev, compose-api-dev, compose-api-dev-2, compose-doc-dev, compose-lb-dev, compose-web-dev
compose-doc-dev  | 🚀 Starting doc dev server...
compose-api-db-dev  | 
compose-api-db-dev  | PostgreSQL Database directory appears to contain a database; Skipping initialization
compose-api-db-dev  | 
compose-doc-dev     | • Packages in scope: @repo/config-eslint, @repo/config-prettier, @repo/config-typescript, @repo/config-vitest, @repo/env, doc
compose-doc-dev     | • Running dev in 6 packages
compose-doc-dev     | • Remote caching disabled
compose-doc-dev     | doc:dev: cache bypass, force executing d8cebe0ac0efb2e5
compose-doc-dev     | doc:dev: $ next dev -p 3020
compose-lb-dev      | [32m[Nest] 8  - [39m03/24/2026, 12:05:45 PM [32m    LOG[39m [38;5;3m[NestFactory] [39m[32mStarting Nest application...[39m
compose-lb-dev      | [32m[Nest] 8  - [39m03/24/2026, 12:05:45 PM [32m    LOG[39m [38;5;3m[InstanceLoader] [39m[32mConfigHostModule dependencies initialized[39m[38;5;3m +10ms[39m
compose-lb-dev      | [32m[Nest] 8  - [39m03/24/2026, 12:05:45 PM [32m    LOG[39m [38;5;3m[InstanceLoader] [39m[32mAppModule dependencies initialized[39m[38;5;3m +0ms[39m
compose-lb-dev      | [32m[Nest] 8  - [39m03/24/2026, 12:05:45 PM [32m    LOG[39m [38;5;3m[EnvService] [39m[32mEnvService constructor called. ConfigService available: true[39m
compose-lb-dev      | [32m[Nest] 8  - [39m03/24/2026, 12:05:45 PM [32m    LOG[39m [38;5;3m[EnvService] [39m[32mConfigService is properly injected[39m
compose-lb-dev      | [32m[Nest] 8  - [39m03/24/2026, 12:05:45 PM [32m    LOG[39m [38;5;3m[InstanceLoader] [39m[32mConfigModule dependencies initialized[39m[38;5;3m +0ms[39m
compose-lb-dev      | [32m[Nest] 8  - [39m03/24/2026, 12:05:45 PM [32m    LOG[39m [38;5;3m[InstanceLoader] [39m[32mEnvModule dependencies initialized[39m[38;5;3m +1ms[39m
compose-lb-dev      | [32m[Nest] 8  - [39m03/24/2026, 12:05:45 PM [32m    LOG[39m [38;5;3m[InstanceLoader] [39m[32mAuthModule dependencies initialized[39m[38;5;3m +0ms[39m
compose-lb-dev      | [32m[Nest] 8  - [39m03/24/2026, 12:05:45 PM [32m    LOG[39m [38;5;3m[InstanceLoader] [39m[32mLoadBalancerModule dependencies initialized[39m[38;5;3m +0ms[39m
compose-lb-dev      | [32m[Nest] 8  - [39m03/24/2026, 12:05:45 PM [32m    LOG[39m [38;5;3m[RoutesResolver] [39m[32mHealthController {/}:[39m[38;5;3m +4ms[39m
compose-lb-dev      | [32m[Nest] 8  - [39m03/24/2026, 12:05:45 PM [32m    LOG[39m [38;5;3m[RouterExplorer] [39m[32mMapped {/health, GET} route[39m[38;5;3m +2ms[39m
compose-lb-dev      | [32m[Nest] 8  - [39m03/24/2026, 12:05:45 PM [32m    LOG[39m [38;5;3m[RoutesResolver] [39m[32mLoadBalancerController {/}:[39m[38;5;3m +0ms[39m
compose-lb-dev      | [32m[Nest] 8  - [39m03/24/2026, 12:05:45 PM [32m    LOG[39m [38;5;3m[RouterExplorer] [39m[32mMapped {/internal/mesh/load-report, POST} route[39m[38;5;3m +0ms[39m
compose-lb-dev      | [32m[Nest] 8  - [39m03/24/2026, 12:05:45 PM [32m    LOG[39m [38;5;3m[RouterExplorer] [39m[32mMapped {/internal/mesh/load-report/convergence, GET} route[39m[38;5;3m +0ms[39m
compose-lb-dev      | [32m[Nest] 8  - [39m03/24/2026, 12:05:45 PM [32m    LOG[39m [38;5;3m[RouterExplorer] [39m[32mMapped {/internal/routes/resolve, POST} route[39m[38;5;3m +1ms[39m
compose-lb-dev      | [32m[Nest] 8  - [39m03/24/2026, 12:05:45 PM [32m    LOG[39m [38;5;3m[RouterExplorer] [39m[32mMapped {/stream/:streamKey, GET} route[39m[38;5;3m +0ms[39m
compose-lb-dev      | [32m[Nest] 8  - [39m03/24/2026, 12:05:45 PM [32m    LOG[39m [38;5;3m[RouterExplorer] [39m[32mMapped {/route/:streamKey/*targetPath, ALL} route[39m[38;5;3m +1ms[39m
compose-lb-dev      | [32m[Nest] 8  - [39m03/24/2026, 12:05:45 PM [32m    LOG[39m [38;5;3m[NestApplication] [39m[32mNest application successfully started[39m[38;5;3m +2ms[39m
compose-lb-dev      | [32m[Nest] 8  - [39m03/24/2026, 12:05:45 PM [32m    LOG[39m [38;5;3m[LoadBalancerBootstrap] [39m[32m⚖️ Load balancer listening on port 3010[39m
compose-doc-dev     | doc:dev: ▲ Next.js 16.1.6 (Turbopack)
compose-doc-dev     | doc:dev: - Local:         http://localhost:3020
compose-doc-dev     | doc:dev: - Network:       http://172.23.0.2:3020
compose-doc-dev     | doc:dev: 
compose-doc-dev     | doc:dev: ✓ Starting...
compose-doc-dev     | doc:dev: [MDX] generated files in 12.038423999999964ms
compose-doc-dev     | doc:dev: [MDX] started dev server
compose-doc-dev     | doc:dev: ✓ Ready in 809ms
compose-api-dev     | • Packages in scope: @repo/api-contracts, @repo/auth, @repo/config-eslint, @repo/config-prettier, @repo/config-typescript, @repo/config-vitest, @repo/env, @repo/logger, @repo/orpc-utils, @repo/provider-schema, api
compose-api-dev     | • Running dev in 11 packages
compose-api-dev     | • Remote caching disabled
compose-api-dev-2   | • Packages in scope: @repo/api-contracts, @repo/auth, @repo/config-eslint, @repo/config-prettier, @repo/config-typescript, @repo/config-vitest, @repo/env, @repo/logger, @repo/orpc-utils, @repo/provider-schema, api
compose-api-dev-2   | • Running dev in 11 packages
compose-api-dev-2   | • Remote caching disabled
compose-api-dev-2   | @repo/api-contracts:dev: cache bypass, force executing d03624e261005cf6
compose-api-dev     | @repo/api-contracts:dev: cache bypass, force executing 99a5f50bbd86540c
compose-api-dev     | api:dev: cache bypass, force executing 63b85164d223e8e7
compose-api-dev     | @repo/api-contracts:dev: $ bun run build -- --watch
compose-api-dev-2   | @repo/api-contracts:dev: $ bun run build -- --watch
compose-api-dev     | api:dev: $ dotenv -e .env -- bun --bun scripts/entrypoint.dev.ts
compose-api-dev-2   | @repo/api-contracts:dev: $ bun scripts/build.ts --watch
compose-api-dev     | @repo/api-contracts:dev: $ bun scripts/build.ts --watch
compose-api-dev-2   | api:dev: cache bypass, force executing b83f47ee2ff28a1a
compose-api-dev-2   | api:dev: $ dotenv -e .env -- bun --bun scripts/entrypoint.dev.ts
compose-api-dev-2   | @repo/api-contracts:dev: Building ORPC API contracts...
compose-api-dev     | @repo/api-contracts:dev: Building ORPC API contracts...
compose-api-dev     | @repo/api-contracts:dev: ✓ API contracts built successfully
compose-api-dev     | @repo/api-contracts:dev:   Output directory: /app/packages/contracts/api/dist
compose-api-dev-2   | @repo/api-contracts:dev: ✓ API contracts built successfully
compose-api-dev-2   | @repo/api-contracts:dev:   Output directory: /app/packages/contracts/api/dist
compose-api-dev-2   | @repo/api-contracts:dev: 👀 Watching API contracts for changes...
compose-api-dev     | @repo/api-contracts:dev: 👀 Watching API contracts for changes...
compose-api-dev-2   | @repo/api-contracts:dev: ✅ Watcher ready. Press Ctrl+C to stop.
compose-api-dev     | @repo/api-contracts:dev: ✅ Watcher ready. Press Ctrl+C to stop.
compose-api-dev-2   | @repo/api-contracts:dev: Building ORPC API contracts...
compose-api-dev     | @repo/api-contracts:dev: Building ORPC API contracts...
compose-api-dev-2   | @repo/api-contracts:dev: ✓ API contracts built successfully
compose-api-dev-2   | @repo/api-contracts:dev:   Output directory: /app/packages/contracts/api/dist
compose-api-dev     | @repo/api-contracts:dev: ✓ API contracts built successfully
compose-api-dev     | @repo/api-contracts:dev:   Output directory: /app/packages/contracts/api/dist
compose-api-dev     | api:dev: 🎯 API Development Entrypoint Started
compose-api-dev     | api:dev: 
compose-api-dev     | api:dev: 🔍 Validating environment variables...
compose-api-dev     | api:dev: ✅ Environment validation passed
compose-api-dev     | api:dev: 
compose-api-dev     | api:dev: Found package.json - running migrations
compose-api-dev     | api:dev: 📦 Running database migrations...
compose-api-dev-2   | api:dev: 🎯 API Development Entrypoint Started
compose-api-dev-2   | api:dev: 
compose-api-dev-2   | api:dev: 🔍 Validating environment variables...
compose-api-dev     | api:dev: $ bun src/cli.ts migrate
compose-api-dev-2   | api:dev: ✅ Environment validation passed
compose-api-dev-2   | api:dev: 
compose-api-dev-2   | api:dev: Found package.json - running migrations
compose-api-dev-2   | api:dev: 📦 Running database migrations...
compose-api-dev-2   | api:dev: $ bun src/cli.ts migrate
compose-api-dev-2   | api:dev: 🔄 Running database migrations from ./src/config/drizzle/migrations...
compose-api-dev     | api:dev: 🔄 Running database migrations from ./src/config/drizzle/migrations...
compose-api-dev     | api:dev: ✅ Database migrations completed successfully
compose-api-dev-2   | api:dev: ✅ Database migrations completed successfully
compose-api-dev-2   | api:dev: 👤 Creating default admin user if needed...
compose-api-dev     | api:dev: 👤 Creating default admin user if needed...
compose-api-dev     | api:dev: 🔐 Checking for default admin user...
compose-api-dev-2   | api:dev: 🔐 Checking for default admin user...
compose-api-dev     | api:dev: ✅ Admin user already exists: admin@admin.com
compose-api-dev     | api:dev: ✨ Default admin setup completed
compose-api-dev     | api:dev: 
compose-api-dev     | api:dev: 🌱 Running database seeding...
compose-api-dev-2   | api:dev: ✅ Admin user already exists: admin@admin.com
compose-api-dev-2   | api:dev: ✨ Default admin setup completed
compose-api-dev-2   | api:dev: 
compose-api-dev     | api:dev: $ bun src/cli.ts seed
compose-api-dev-2   | api:dev: 🌱 Running database seeding...
compose-api-dev-2   | api:dev: $ bun src/cli.ts seed
compose-api-dev     | api:dev: 🌱 Seeding database...
compose-api-dev-2   | api:dev: 🌱 Seeding database...
compose-api-dev     | api:dev: ✅ Seed version v1.2.0 already applied at 2026-03-24T12:01:22.003Z
compose-api-dev     | api:dev:    Skipping seeding. To re-seed, increment SEED_VERSION in seed.command.ts
compose-api-dev-2   | api:dev: ✅ Seed version v1.2.0 already applied at 2026-03-24T12:01:22.003Z
compose-api-dev-2   | api:dev:    Skipping seeding. To re-seed, increment SEED_VERSION in seed.command.ts
compose-api-dev     | api:dev: 🚀 Starting API and Drizzle Studio...
compose-api-dev-2   | api:dev: 🚀 Starting API and Drizzle Studio...
compose-api-dev     | api:dev: $ bun --bun --watch src/main
compose-api-dev     | api:dev: $ drizzle-kit studio --host "0.0.0.0"
compose-api-dev-2   | api:dev: $ drizzle-kit studio --host "0.0.0.0"
compose-api-dev-2   | api:dev: $ bun --bun --watch src/main
compose-api-dev-2   | api:dev: No config path provided, using default 'drizzle.config.ts'
compose-api-dev-2   | api:dev: Reading config file '/app/apps/api/drizzle.config.ts'
compose-api-dev     | api:dev: No config path provided, using default 'drizzle.config.ts'
compose-api-dev     | api:dev: Reading config file '/app/apps/api/drizzle.config.ts'
compose-api-dev     | api:dev: Using 'pg' driver for database querying
compose-api-dev-2   | api:dev: Using 'pg' driver for database querying
compose-api-dev     | api:dev: 
compose-api-dev     | api:dev:  Warning  Drizzle Studio is currently in Beta. If you find anything that is not working as expected or should be improved, feel free to create an issue on GitHub: https://github.com/drizzle-team/drizzle-kit-mirror/issues/new or write to us on Discord: https://discord.gg/WcRKz2FFxN
compose-api-dev-2   | api:dev: 
compose-api-dev-2   | api:dev:  Warning  Drizzle Studio is currently in Beta. If you find anything that is not working as expected or should be improved, feel free to create an issue on GitHub: https://github.com/drizzle-team/drizzle-kit-mirror/issues/new or write to us on Discord: https://discord.gg/WcRKz2FFxN
compose-api-dev     | api:dev: 
compose-api-dev     | api:dev: Drizzle Studio is up and running on https://local.drizzle.studio?host=0.0.0.0
compose-api-dev-2   | api:dev: 
compose-api-dev-2   | api:dev: Drizzle Studio is up and running on https://local.drizzle.studio?host=0.0.0.0
compose-api-dev-2   | api:dev: [32m[Nest] 186  - [39m03/24/2026, 12:06:00 PM [32m    LOG[39m [38;5;3m[NestFactory] [39m[32mStarting Nest application...[39m
compose-api-dev     | api:dev: [32m[Nest] 190  - [39m03/24/2026, 12:06:00 PM [32m    LOG[39m [38;5;3m[NestFactory] [39m[32mStarting Nest application...[39m
compose-api-dev-2   | api:dev: [32m[Nest] 186  - [39m03/24/2026, 12:06:00 PM [32m    LOG[39m [38;5;3m[LocalDatabaseModule] [39m[32mOpening local SQLite database: /app/data/local.db[39m
compose-api-dev-2   | api:dev: [32m[Nest] 186  - [39m03/24/2026, 12:06:00 PM [32m    LOG[39m [38;5;3m[traefikEventService] [39m[32mTraefikEventService initialized[39m
compose-api-dev     | api:dev: [32m[Nest] 190  - [39m03/24/2026, 12:06:00 PM [32m    LOG[39m [38;5;3m[LocalDatabaseModule] [39m[32mOpening local SQLite database: /app/data/local.db[39m
compose-api-dev-2   | api:dev: [32m[Nest] 186  - [39m03/24/2026, 12:06:00 PM [32m    LOG[39m [38;5;3m[InstanceLoader] [39m[32mAppModule dependencies initialized[39m[38;5;3m +6ms[39m
compose-api-dev-2   | api:dev: [32m[Nest] 186  - [39m03/24/2026, 12:06:00 PM [32m    LOG[39m [38;5;3m[InstanceLoader] [39m[32mDeploymentCoreModule dependencies initialized[39m[38;5;3m +0ms[39m
compose-api-dev-2   | api:dev: [32m[Nest] 186  - [39m03/24/2026, 12:06:00 PM [32m    LOG[39m [38;5;3m[InstanceLoader] [39m[32mGitModule dependencies initialized[39m[38;5;3m +0ms[39m
compose-api-dev-2   | api:dev: [32m[Nest] 186  - [39m03/24/2026, 12:06:00 PM [32m    LOG[39m [38;5;3m[InstanceLoader] [39m[32mFleetModule dependencies initialized[39m[38;5;3m +0ms[39m
compose-api-dev-2   | api:dev: [32m[Nest] 186  - [39m03/24/2026, 12:06:00 PM [32m    LOG[39m [38;5;3m[InstanceLoader] [39m[32mSystemModule dependencies initialized[39m[38;5;3m +1ms[39m
compose-api-dev-2   | api:dev: [32m[Nest] 186  - [39m03/24/2026, 12:06:00 PM [32m    LOG[39m [38;5;3m[InstanceLoader] [39m[32mConfigHostModule dependencies initialized[39m[38;5;3m +2ms[39m
compose-api-dev-2   | api:dev: [32m[Nest] 186  - [39m03/24/2026, 12:06:00 PM [32m    LOG[39m [38;5;3m[InstanceLoader] [39m[32mLocalDatabaseModule dependencies initialized[39m[38;5;3m +0ms[39m
compose-api-dev-2   | api:dev: [32m[Nest] 186  - [39m03/24/2026, 12:06:00 PM [32m    LOG[39m [38;5;3m[InstanceLoader] [39m[32mConfigurationCoreModule dependencies initialized[39m[38;5;3m +0ms[39m
compose-api-dev-2   | api:dev: [32m[Nest] 186  - [39m03/24/2026, 12:06:00 PM [32m    LOG[39m [38;5;3m[InstanceLoader] [39m[32mDiscoveryModule dependencies initialized[39m[38;5;3m +0ms[39m
compose-api-dev-2   | api:dev: [32m[Nest] 186  - [39m03/24/2026, 12:06:00 PM [32m    LOG[39m [38;5;3m[EnvService] [39m[32mEnvService constructor called. ConfigService available: true[39m
compose-api-dev-2   | api:dev: [32m[Nest] 186  - [39m03/24/2026, 12:06:00 PM [32m    LOG[39m [38;5;3m[EnvService] [39m[32mConfigService is properly injected[39m
compose-api-dev-2   | api:dev: [32m[Nest] 186  - [39m03/24/2026, 12:06:00 PM [32m    LOG[39m [38;5;3m[InstanceLoader] [39m[32mConfigModule dependencies initialized[39m[38;5;3m +0ms[39m
compose-api-dev-2   | api:dev: [32m[Nest] 186  - [39m03/24/2026, 12:06:00 PM [32m    LOG[39m [38;5;3m[InstanceLoader] [39m[32mDeploymentStorageProvidersModule dependencies initialized[39m[38;5;3m +0ms[39m
compose-api-dev-2   | api:dev: [32m[Nest] 186  - [39m03/24/2026, 12:06:00 PM [32m    LOG[39m [38;5;3m[InstanceLoader] [39m[32mBullModule dependencies initialized[39m[38;5;3m +0ms[39m
compose-api-dev     | api:dev: [32m[Nest] 190  - [39m03/24/2026, 12:06:00 PM [32m    LOG[39m [38;5;3m[traefikEventService] [39m[32mTraefikEventService initialized[39m
compose-api-dev-2   | api:dev: [32m[Nest] 186  - [39m03/24/2026, 12:06:00 PM [32m    LOG[39m [38;5;3m[DatabaseModule] [39m[32mConnecting to Postgres (source: env)[39m
compose-api-dev-2   | api:dev: [33m[Nest] 186  - [39m03/24/2026, 12:06:00 PM [33m   WARN[39m [38;5;3m[DockerService] [39m[33mDocker socket not found, using default connection[39m
compose-api-dev-2   | api:dev: [32m[Nest] 186  - [39m03/24/2026, 12:06:00 PM [32m    LOG[39m [38;5;3m[InstanceLoader] [39m[32mGithubModule dependencies initialized[39m[38;5;3m +1ms[39m
compose-api-dev-2   | api:dev: [32m[Nest] 186  - [39m03/24/2026, 12:06:00 PM [32m    LOG[39m [38;5;3m[InstanceLoader] [39m[32mEnvModule dependencies initialized[39m[38;5;3m +0ms[39m
compose-api-dev-2   | api:dev: [32m[Nest] 186  - [39m03/24/2026, 12:06:00 PM [32m    LOG[39m [38;5;3m[InstanceLoader] [39m[32mDeploymentProvidersModule dependencies initialized[39m[38;5;3m +0ms[39m
compose-api-dev-2   | api:dev: [32m[Nest] 186  - [39m03/24/2026, 12:06:00 PM [32m    LOG[39m [38;5;3m[InstanceLoader] [39m[32mBullModule dependencies initialized[39m[38;5;3m +0ms[39m
compose-api-dev     | api:dev: [32m[Nest] 190  - [39m03/24/2026, 12:06:00 PM [32m    LOG[39m [38;5;3m[InstanceLoader] [39m[32mAppModule dependencies initialized[39m[38;5;3m +10ms[39m
compose-api-dev     | api:dev: [32m[Nest] 190  - [39m03/24/2026, 12:06:00 PM [32m    LOG[39m [38;5;3m[InstanceLoader] [39m[32mDeploymentCoreModule dependencies initialized[39m[38;5;3m +0ms[39m
compose-api-dev     | api:dev: [32m[Nest] 190  - [39m03/24/2026, 12:06:00 PM [32m    LOG[39m [38;5;3m[InstanceLoader] [39m[32mGitModule dependencies initialized[39m[38;5;3m +0ms[39m
compose-api-dev     | api:dev: [32m[Nest] 190  - [39m03/24/2026, 12:06:00 PM [32m    LOG[39m [38;5;3m[InstanceLoader] [39m[32mFleetModule dependencies initialized[39m[38;5;3m +0ms[39m
compose-api-dev     | api:dev: [32m[Nest] 190  - [39m03/24/2026, 12:06:00 PM [32m    LOG[39m [38;5;3m[InstanceLoader] [39m[32mSystemModule dependencies initialized[39m[38;5;3m +0ms[39m
compose-api-dev     | api:dev: [32m[Nest] 190  - [39m03/24/2026, 12:06:00 PM [32m    LOG[39m [38;5;3m[InstanceLoader] [39m[32mConfigHostModule dependencies initialized[39m[38;5;3m +2ms[39m
compose-api-dev     | api:dev: [32m[Nest] 190  - [39m03/24/2026, 12:06:00 PM [32m    LOG[39m [38;5;3m[InstanceLoader] [39m[32mLocalDatabaseModule dependencies initialized[39m[38;5;3m +0ms[39m
compose-api-dev     | api:dev: [32m[Nest] 190  - [39m03/24/2026, 12:06:00 PM [32m    LOG[39m [38;5;3m[InstanceLoader] [39m[32mConfigurationCoreModule dependencies initialized[39m[38;5;3m +0ms[39m
compose-api-dev     | api:dev: [32m[Nest] 190  - [39m03/24/2026, 12:06:00 PM [32m    LOG[39m [38;5;3m[InstanceLoader] [39m[32mDiscoveryModule dependencies initialized[39m[38;5;3m +0ms[39m
compose-api-dev-2   | api:dev: [32m[Nest] 186  - [39m03/24/2026, 12:06:00 PM [32m    LOG[39m [38;5;3m[InstanceLoader] [39m[32mDockerModule dependencies initialized[39m[38;5;3m +7ms[39m
compose-api-dev     | api:dev: [32m[Nest] 190  - [39m03/24/2026, 12:06:00 PM [32m    LOG[39m [38;5;3m[EnvService] [39m[32mEnvService constructor called. ConfigService available: true[39m
compose-api-dev     | api:dev: [32m[Nest] 190  - [39m03/24/2026, 12:06:00 PM [32m    LOG[39m [38;5;3m[EnvService] [39m[32mConfigService is properly injected[39m
compose-api-dev     | api:dev: [32m[Nest] 190  - [39m03/24/2026, 12:06:00 PM [32m    LOG[39m [38;5;3m[InstanceLoader] [39m[32mConfigModule dependencies initialized[39m[38;5;3m +0ms[39m
compose-api-dev     | api:dev: [32m[Nest] 190  - [39m03/24/2026, 12:06:00 PM [32m    LOG[39m [38;5;3m[InstanceLoader] [39m[32mDeploymentStorageProvidersModule dependencies initialized[39m[38;5;3m +0ms[39m
compose-api-dev     | api:dev: [32m[Nest] 190  - [39m03/24/2026, 12:06:00 PM [32m    LOG[39m [38;5;3m[InstanceLoader] [39m[32mBullModule dependencies initialized[39m[38;5;3m +0ms[39m
compose-api-dev     | api:dev: [32m[Nest] 190  - [39m03/24/2026, 12:06:00 PM [32m    LOG[39m [38;5;3m[DatabaseModule] [39m[32mConnecting to Postgres (source: env)[39m
compose-api-dev     | api:dev: [33m[Nest] 190  - [39m03/24/2026, 12:06:00 PM [33m   WARN[39m [38;5;3m[DockerService] [39m[33mDocker socket not found, using default connection[39m
compose-api-dev     | api:dev: [32m[Nest] 190  - [39m03/24/2026, 12:06:00 PM [32m    LOG[39m [38;5;3m[InstanceLoader] [39m[32mGithubModule dependencies initialized[39m[38;5;3m +1ms[39m
compose-api-dev     | api:dev: [32m[Nest] 190  - [39m03/24/2026, 12:06:00 PM [32m    LOG[39m [38;5;3m[InstanceLoader] [39m[32mEnvModule dependencies initialized[39m[38;5;3m +0ms[39m
compose-api-dev     | api:dev: [32m[Nest] 190  - [39m03/24/2026, 12:06:00 PM [32m    LOG[39m [38;5;3m[InstanceLoader] [39m[32mDeploymentProvidersModule dependencies initialized[39m[38;5;3m +0ms[39m
compose-api-dev     | api:dev: [32m[Nest] 190  - [39m03/24/2026, 12:06:00 PM [32m    LOG[39m [38;5;3m[InstanceLoader] [39m[32mBullModule dependencies initialized[39m[38;5;3m +0ms[39m
compose-api-dev     | api:dev: [32m[Nest] 190  - [39m03/24/2026, 12:06:00 PM [32m    LOG[39m [38;5;3m[InstanceLoader] [39m[32mDockerModule dependencies initialized[39m[38;5;3m +10ms[39m
compose-api-dev-2   | api:dev: [32m[Nest] 186  - [39m03/24/2026, 12:06:00 PM [32m    LOG[39m [38;5;3m[InstanceLoader] [39m[32mDatabaseModule dependencies initialized[39m[38;5;3m +32ms[39m
compose-api-dev-2   | api:dev: [32m[Nest] 186  - [39m03/24/2026, 12:06:00 PM [32m    LOG[39m [38;5;3m[EnvService] [39m[32mEnvService constructor called. ConfigService available: false[39m
compose-api-dev-2   | api:dev: [33m[Nest] 186  - [39m03/24/2026, 12:06:00 PM [33m   WARN[39m [38;5;3m[EnvService] [39m[33mConfigService is NOT injected - will use process.env fallback[39m
compose-api-dev-2   | api:dev: [33m[Nest] 186  - [39m03/24/2026, 12:06:00 PM [33m   WARN[39m [38;5;3m[EnvService] [39m[33mEnvironment validation failed, using raw process.env snapshot[39m
compose-api-dev-2   | api:dev: [32m[Nest] 186  - [39m03/24/2026, 12:06:00 PM [32m    LOG[39m [38;5;3m[EnvService] [39m[32mEnvService constructor called. ConfigService available: false[39m
compose-api-dev-2   | api:dev: [33m[Nest] 186  - [39m03/24/2026, 12:06:00 PM [33m   WARN[39m [38;5;3m[EnvService] [39m[33mConfigService is NOT injected - will use process.env fallback[39m
compose-api-dev-2   | api:dev: [33m[Nest] 186  - [39m03/24/2026, 12:06:00 PM [33m   WARN[39m [38;5;3m[EnvService] [39m[33mEnvironment validation failed, using raw process.env snapshot[39m
compose-api-dev-2   | api:dev: [32m[Nest] 186  - [39m03/24/2026, 12:06:00 PM [32m    LOG[39m [38;5;3m[EnvService] [39m[32mEnvService constructor called. ConfigService available: false[39m
compose-api-dev-2   | api:dev: [33m[Nest] 186  - [39m03/24/2026, 12:06:00 PM [33m   WARN[39m [38;5;3m[EnvService] [39m[33mConfigService is NOT injected - will use process.env fallback[39m
compose-api-dev-2   | api:dev: [33m[Nest] 186  - [39m03/24/2026, 12:06:00 PM [33m   WARN[39m [38;5;3m[EnvService] [39m[33mEnvironment validation failed, using raw process.env snapshot[39m
compose-api-dev-2   | api:dev: [32m[Nest] 186  - [39m03/24/2026, 12:06:00 PM [32m    LOG[39m [38;5;3m[InstanceLoader] [39m[32mProjectCoreModule dependencies initialized[39m[38;5;3m +1ms[39m
compose-api-dev-2   | api:dev: [32m[Nest] 186  - [39m03/24/2026, 12:06:00 PM [32m    LOG[39m [38;5;3m[InstanceLoader] [39m[32mEventsModule dependencies initialized[39m[38;5;3m +1ms[39m
compose-api-dev-2   | api:dev: [32m[Nest] 186  - [39m03/24/2026, 12:06:00 PM [32m    LOG[39m [38;5;3m[InstanceLoader] [39m[32mPermissionModule dependencies initialized[39m[38;5;3m +0ms[39m
compose-api-dev-2   | api:dev: [32m[Nest] 186  - [39m03/24/2026, 12:06:00 PM [32m    LOG[39m [38;5;3m[InstanceLoader] [39m[32mAuthModule dependencies initialized[39m[38;5;3m +0ms[39m
compose-api-dev-2   | api:dev: [32m[Nest] 186  - [39m03/24/2026, 12:06:00 PM [32m    LOG[39m [38;5;3m[InstanceLoader] [39m[32mORPCModule dependencies initialized[39m[38;5;3m +1ms[39m
compose-api-dev-2   | api:dev: [32m[Nest] 186  - [39m03/24/2026, 12:06:00 PM [32m    LOG[39m [38;5;3m[InstanceLoader] [39m[32mCoreDomainModule dependencies initialized[39m[38;5;3m +0ms[39m
compose-api-dev     | api:dev: [32m[Nest] 190  - [39m03/24/2026, 12:06:00 PM [32m    LOG[39m [38;5;3m[InstanceLoader] [39m[32mDatabaseModule dependencies initialized[39m[38;5;3m +23ms[39m
compose-api-dev-2   | api:dev: [32m[Nest] 186  - [39m03/24/2026, 12:06:00 PM [32m    LOG[39m [38;5;3m[InstanceLoader] [39m[32mTraefikCoreModule dependencies initialized[39m[38;5;3m +1ms[39m
compose-api-dev-2   | api:dev: [32m[Nest] 186  - [39m03/24/2026, 12:06:00 PM [32m    LOG[39m [38;5;3m[InstanceLoader] [39m[32mMeshCoreModule dependencies initialized[39m[38;5;3m +0ms[39m
compose-api-dev-2   | api:dev: [32m[Nest] 186  - [39m03/24/2026, 12:06:00 PM [32m    LOG[39m [38;5;3m[InstanceLoader] [39m[32mAnalyticsModule dependencies initialized[39m[38;5;3m +0ms[39m
compose-api-dev-2   | api:dev: [32m[Nest] 186  - [39m03/24/2026, 12:06:00 PM [32m    LOG[39m [38;5;3m[InstanceLoader] [39m[32mProviderSchemaModule dependencies initialized[39m[38;5;3m +0ms[39m
compose-api-dev-2   | api:dev: [32m[Nest] 186  - [39m03/24/2026, 12:06:00 PM [32m    LOG[39m [38;5;3m[InstanceLoader] [39m[32mTestModule dependencies initialized[39m[38;5;3m +1ms[39m
compose-api-dev-2   | api:dev: [32m[Nest] 186  - [39m03/24/2026, 12:06:00 PM [32m    LOG[39m [38;5;3m[InstanceLoader] [39m[32mSystemMeshModule dependencies initialized[39m[38;5;3m +0ms[39m
compose-api-dev-2   | api:dev: [32m[Nest] 186  - [39m03/24/2026, 12:06:00 PM [32m    LOG[39m [38;5;3m[InstanceLoader] [39m[32mSystemFleetModule dependencies initialized[39m[38;5;3m +1ms[39m
compose-api-dev-2   | api:dev: [32m[Nest] 186  - [39m03/24/2026, 12:06:00 PM [32m    LOG[39m [38;5;3m[InstanceLoader] [39m[32mSetupModule dependencies initialized[39m[38;5;3m +0ms[39m
compose-api-dev-2   | api:dev: [32m[Nest] 186  - [39m03/24/2026, 12:06:00 PM [32m    LOG[39m [38;5;3m[InstanceLoader] [39m[32mHealthModule dependencies initialized[39m[38;5;3m +0ms[39m
compose-api-dev-2   | api:dev: [32m[Nest] 186  - [39m03/24/2026, 12:06:00 PM [32m    LOG[39m [38;5;3m[InstanceLoader] [39m[32mUserModule dependencies initialized[39m[38;5;3m +0ms[39m
compose-api-dev-2   | api:dev: [32m[Nest] 186  - [39m03/24/2026, 12:06:00 PM [32m    LOG[39m [38;5;3m[InstanceLoader] [39m[32mPushModule dependencies initialized[39m[38;5;3m +0ms[39m
compose-api-dev-2   | api:dev: [32m[Nest] 186  - [39m03/24/2026, 12:06:00 PM [32m    LOG[39m [38;5;3m[InstanceLoader] [39m[32mOrganizationModule dependencies initialized[39m[38;5;3m +0ms[39m
compose-api-dev-2   | api:dev: [32m[Nest] 186  - [39m03/24/2026, 12:06:00 PM [32m    LOG[39m [38;5;3m[InstanceLoader] [39m[32mDeploymentRunnersModule dependencies initialized[39m[38;5;3m +0ms[39m
compose-api-dev     | api:dev: [32m[Nest] 190  - [39m03/24/2026, 12:06:00 PM [32m    LOG[39m [38;5;3m[EnvService] [39m[32mEnvService constructor called. ConfigService available: false[39m
compose-api-dev     | api:dev: [33m[Nest] 190  - [39m03/24/2026, 12:06:00 PM [33m   WARN[39m [38;5;3m[EnvService] [39m[33mConfigService is NOT injected - will use process.env fallback[39m
compose-api-dev-2   | api:dev: [32m[Nest] 186  - [39m03/24/2026, 12:06:00 PM [32m    LOG[39m [38;5;3m[InstanceLoader] [39m[32mProjectModule dependencies initialized[39m[38;5;3m +0ms[39m
compose-api-dev-2   | api:dev: [32m[Nest] 186  - [39m03/24/2026, 12:06:00 PM [32m    LOG[39m [38;5;3m[InstanceLoader] [39m[32mServiceModule dependencies initialized[39m[38;5;3m +0ms[39m
compose-api-dev-2   | api:dev: [32m[Nest] 186  - [39m03/24/2026, 12:06:00 PM [32m    LOG[39m [38;5;3m[InstanceLoader] [39m[32mDomainModule dependencies initialized[39m[38;5;3m +1ms[39m
compose-api-dev     | api:dev: [33m[Nest] 190  - [39m03/24/2026, 12:06:00 PM [33m   WARN[39m [38;5;3m[EnvService] [39m[33mEnvironment validation failed, using raw process.env snapshot[39m
compose-api-dev-2   | api:dev: [32m[Nest] 186  - [39m03/24/2026, 12:06:00 PM [32m    LOG[39m [38;5;3m[InstanceLoader] [39m[32mDeploymentModule dependencies initialized[39m[38;5;3m +1ms[39m
compose-api-dev     | api:dev: [32m[Nest] 190  - [39m03/24/2026, 12:06:00 PM [32m    LOG[39m [38;5;3m[EnvService] [39m[32mEnvService constructor called. ConfigService available: false[39m
compose-api-dev     | api:dev: [33m[Nest] 190  - [39m03/24/2026, 12:06:00 PM [33m   WARN[39m [38;5;3m[EnvService] [39m[33mConfigService is NOT injected - will use process.env fallback[39m
compose-api-dev     | api:dev: [33m[Nest] 190  - [39m03/24/2026, 12:06:00 PM [33m   WARN[39m [38;5;3m[EnvService] [39m[33mEnvironment validation failed, using raw process.env snapshot[39m
compose-api-dev     | api:dev: [32m[Nest] 190  - [39m03/24/2026, 12:06:00 PM [32m    LOG[39m [38;5;3m[EnvService] [39m[32mEnvService constructor called. ConfigService available: false[39m
compose-api-dev     | api:dev: [33m[Nest] 190  - [39m03/24/2026, 12:06:00 PM [33m   WARN[39m [38;5;3m[EnvService] [39m[33mConfigService is NOT injected - will use process.env fallback[39m
compose-api-dev     | api:dev: [33m[Nest] 190  - [39m03/24/2026, 12:06:00 PM [33m   WARN[39m [38;5;3m[EnvService] [39m[33mEnvironment validation failed, using raw process.env snapshot[39m
compose-api-dev     | api:dev: [32m[Nest] 190  - [39m03/24/2026, 12:06:00 PM [32m    LOG[39m [38;5;3m[InstanceLoader] [39m[32mProjectCoreModule dependencies initialized[39m[38;5;3m +2ms[39m
compose-api-dev     | api:dev: [32m[Nest] 190  - [39m03/24/2026, 12:06:00 PM [32m    LOG[39m [38;5;3m[InstanceLoader] [39m[32mEventsModule dependencies initialized[39m[38;5;3m +2ms[39m
compose-api-dev     | api:dev: [32m[Nest] 190  - [39m03/24/2026, 12:06:00 PM [32m    LOG[39m [38;5;3m[InstanceLoader] [39m[32mPermissionModule dependencies initialized[39m[38;5;3m +0ms[39m
compose-api-dev     | api:dev: [32m[Nest] 190  - [39m03/24/2026, 12:06:00 PM [32m    LOG[39m [38;5;3m[InstanceLoader] [39m[32mAuthModule dependencies initialized[39m[38;5;3m +0ms[39m
compose-api-dev-2   | api:dev: [32m[Nest] 186  - [39m03/24/2026, 12:06:00 PM [32m    LOG[39m [38;5;3m[AuthModule] [39m[32mAuthModule initialized BetterAuth on '/api/auth'[39m
compose-api-dev     | api:dev: [32m[Nest] 190  - [39m03/24/2026, 12:06:00 PM [32m    LOG[39m [38;5;3m[InstanceLoader] [39m[32mORPCModule dependencies initialized[39m[38;5;3m +10ms[39m
compose-api-dev     | api:dev: [32m[Nest] 190  - [39m03/24/2026, 12:06:00 PM [32m    LOG[39m [38;5;3m[InstanceLoader] [39m[32mCoreDomainModule dependencies initialized[39m[38;5;3m +1ms[39m
compose-api-dev-2   | api:dev: [32m[Nest] 186  - [39m03/24/2026, 12:06:00 PM [32m    LOG[39m [38;5;3m[RoutesResolver] [39m[32mHealthController {/}:[39m[38;5;3m +4ms[39m
compose-api-dev     | api:dev: [32m[Nest] 190  - [39m03/24/2026, 12:06:00 PM [32m    LOG[39m [38;5;3m[InstanceLoader] [39m[32mTraefikCoreModule dependencies initialized[39m[38;5;3m +1ms[39m
compose-api-dev     | api:dev: [32m[Nest] 190  - [39m03/24/2026, 12:06:00 PM [32m    LOG[39m [38;5;3m[InstanceLoader] [39m[32mMeshCoreModule dependencies initialized[39m[38;5;3m +0ms[39m
compose-api-dev-2   | api:dev: [32m[Nest] 186  - [39m03/24/2026, 12:06:00 PM [32m    LOG[39m [38;5;3m[RouterExplorer] [39m[32mMapped {/health, GET} route[39m[38;5;3m +1ms[39m
compose-api-dev-2   | api:dev: [32m[Nest] 186  - [39m03/24/2026, 12:06:00 PM [32m    LOG[39m [38;5;3m[RouterExplorer] [39m[32mMapped {/health/detailed, GET} route[39m[38;5;3m +1ms[39m
compose-api-dev-2   | api:dev: [32m[Nest] 186  - [39m03/24/2026, 12:06:00 PM [32m    LOG[39m [38;5;3m[RoutesResolver] [39m[32mUserController {/}:[39m[38;5;3m +0ms[39m
compose-api-dev     | api:dev: [32m[Nest] 190  - [39m03/24/2026, 12:06:00 PM [32m    LOG[39m [38;5;3m[InstanceLoader] [39m[32mAnalyticsModule dependencies initialized[39m[38;5;3m +1ms[39m
compose-api-dev-2   | api:dev: [32m[Nest] 186  - [39m03/24/2026, 12:06:00 PM [32m    LOG[39m [38;5;3m[RouterExplorer] [39m[32mMapped {/user, GET} route[39m[38;5;3m +0ms[39m
compose-api-dev     | api:dev: [32m[Nest] 190  - [39m03/24/2026, 12:06:00 PM [32m    LOG[39m [38;5;3m[InstanceLoader] [39m[32mProviderSchemaModule dependencies initialized[39m[38;5;3m +0ms[39m
compose-api-dev-2   | api:dev: [32m[Nest] 186  - [39m03/24/2026, 12:06:00 PM [32m    LOG[39m [38;5;3m[RouterExplorer] [39m[32mMapped {/user/:id, GET} route[39m[38;5;3m +0ms[39m
compose-api-dev-2   | api:dev: [32m[Nest] 186  - [39m03/24/2026, 12:06:00 PM [32m    LOG[39m [38;5;3m[RouterExplorer] [39m[32mMapped {/user, POST} route[39m[38;5;3m +0ms[39m
compose-api-dev-2   | api:dev: [32m[Nest] 186  - [39m03/24/2026, 12:06:00 PM [32m    LOG[39m [38;5;3m[RouterExplorer] [39m[32mMapped {/user/:id, PUT} route[39m[38;5;3m +1ms[39m
compose-api-dev-2   | api:dev: [32m[Nest] 186  - [39m03/24/2026, 12:06:00 PM [32m    LOG[39m [38;5;3m[RouterExplorer] [39m[32mMapped {/user/:id, DELETE} route[39m[38;5;3m +0ms[39m
compose-api-dev     | api:dev: [32m[Nest] 190  - [39m03/24/2026, 12:06:00 PM [32m    LOG[39m [38;5;3m[InstanceLoader] [39m[32mTestModule dependencies initialized[39m[38;5;3m +1ms[39m
compose-api-dev     | api:dev: [32m[Nest] 190  - [39m03/24/2026, 12:06:00 PM [32m    LOG[39m [38;5;3m[InstanceLoader] [39m[32mSystemMeshModule dependencies initialized[39m[38;5;3m +0ms[39m
compose-api-dev-2   | api:dev: [32m[Nest] 186  - [39m03/24/2026, 12:06:00 PM [32m    LOG[39m [38;5;3m[RouterExplorer] [39m[32mMapped {/user/check/email, GET} route[39m[38;5;3m +0ms[39m
compose-api-dev-2   | api:dev: [32m[Nest] 186  - [39m03/24/2026, 12:06:00 PM [32m    LOG[39m [38;5;3m[RouterExplorer] [39m[32mMapped {/user/count, GET} route[39m[38;5;3m +0ms[39m
compose-api-dev-2   | api:dev: [32m[Nest] 186  - [39m03/24/2026, 12:06:00 PM [32m    LOG[39m [38;5;3m[RoutesResolver] [39m[32mPushController {/}:[39m[38;5;3m +0ms[39m
compose-api-dev-2   | api:dev: [32m[Nest] 186  - [39m03/24/2026, 12:06:00 PM [32m    LOG[39m [38;5;3m[RouterExplorer] [39m[32mMapped {/push/public-key, GET} route[39m[38;5;3m +0ms[39m
compose-api-dev     | api:dev: [32m[Nest] 190  - [39m03/24/2026, 12:06:00 PM [32m    LOG[39m [38;5;3m[InstanceLoader] [39m[32mSystemFleetModule dependencies initialized[39m[38;5;3m +0ms[39m
compose-api-dev     | api:dev: [32m[Nest] 190  - [39m03/24/2026, 12:06:00 PM [32m    LOG[39m [38;5;3m[InstanceLoader] [39m[32mSetupModule dependencies initialized[39m[38;5;3m +0ms[39m
compose-api-dev     | api:dev: [32m[Nest] 190  - [39m03/24/2026, 12:06:00 PM [32m    LOG[39m [38;5;3m[InstanceLoader] [39m[32mHealthModule dependencies initialized[39m[38;5;3m +0ms[39m
compose-api-dev     | api:dev: [32m[Nest] 190  - [39m03/24/2026, 12:06:00 PM [32m    LOG[39m [38;5;3m[InstanceLoader] [39m[32mUserModule dependencies initialized[39m[38;5;3m +0ms[39m
compose-api-dev     | api:dev: [32m[Nest] 190  - [39m03/24/2026, 12:06:00 PM [32m    LOG[39m [38;5;3m[InstanceLoader] [39m[32mPushModule dependencies initialized[39m[38;5;3m +0ms[39m
compose-api-dev-2   | api:dev: [32m[Nest] 186  - [39m03/24/2026, 12:06:00 PM [32m    LOG[39m [38;5;3m[RouterExplorer] [39m[32mMapped {/push/subscribe, POST} route[39m[38;5;3m +0ms[39m
compose-api-dev-2   | api:dev: [32m[Nest] 186  - [39m03/24/2026, 12:06:00 PM [32m    LOG[39m [38;5;3m[RouterExplorer] [39m[32mMapped {/push/unsubscribe, POST} route[39m[38;5;3m +0ms[39m
compose-api-dev     | api:dev: [32m[Nest] 190  - [39m03/24/2026, 12:06:00 PM [32m    LOG[39m [38;5;3m[InstanceLoader] [39m[32mOrganizationModule dependencies initialized[39m[38;5;3m +0ms[39m
compose-api-dev     | api:dev: [32m[Nest] 190  - [39m03/24/2026, 12:06:00 PM [32m    LOG[39m [38;5;3m[InstanceLoader] [39m[32mDeploymentRunnersModule dependencies initialized[39m[38;5;3m +1ms[39m
compose-api-dev     | api:dev: [32m[Nest] 190  - [39m03/24/2026, 12:06:00 PM [32m    LOG[39m [38;5;3m[InstanceLoader] [39m[32mProjectModule dependencies initialized[39m[38;5;3m +0ms[39m
compose-api-dev     | api:dev: [32m[Nest] 190  - [39m03/24/2026, 12:06:00 PM [32m    LOG[39m [38;5;3m[InstanceLoader] [39m[32mServiceModule dependencies initialized[39m[38;5;3m +0ms[39m
compose-api-dev-2   | api:dev: [32m[Nest] 186  - [39m03/24/2026, 12:06:00 PM [32m    LOG[39m [38;5;3m[RouterExplorer] [39m[32mMapped {/push/subscriptions, GET} route[39m[38;5;3m +1ms[39m
compose-api-dev     | api:dev: [32m[Nest] 190  - [39m03/24/2026, 12:06:00 PM [32m    LOG[39m [38;5;3m[InstanceLoader] [39m[32mDomainModule dependencies initialized[39m[38;5;3m +0ms[39m
compose-api-dev-2   | api:dev: [32m[Nest] 186  - [39m03/24/2026, 12:06:00 PM [32m    LOG[39m [38;5;3m[RouterExplorer] [39m[32mMapped {/push/test, POST} route[39m[38;5;3m +0ms[39m
compose-api-dev-2   | api:dev: [32m[Nest] 186  - [39m03/24/2026, 12:06:00 PM [32m    LOG[39m [38;5;3m[RouterExplorer] [39m[32mMapped {/push/stats, GET} route[39m[38;5;3m +0ms[39m
compose-api-dev     | api:dev: [32m[Nest] 190  - [39m03/24/2026, 12:06:00 PM [32m    LOG[39m [38;5;3m[InstanceLoader] [39m[32mDeploymentModule dependencies initialized[39m[38;5;3m +1ms[39m
compose-api-dev-2   | api:dev: [32m[Nest] 186  - [39m03/24/2026, 12:06:00 PM [32m    LOG[39m [38;5;3m[RoutesResolver] [39m[32mTestController {/}:[39m[38;5;3m +0ms[39m
compose-api-dev-2   | api:dev: [32m[Nest] 186  - [39m03/24/2026, 12:06:00 PM [32m    LOG[39m [38;5;3m[RouterExplorer] [39m[32mMapped {/test/public, GET} route[39m[38;5;3m +1ms[39m
compose-api-dev-2   | api:dev: [32m[Nest] 186  - [39m03/24/2026, 12:06:00 PM [32m    LOG[39m [38;5;3m[RouterExplorer] [39m[32mMapped {/test/authenticated, GET} route[39m[38;5;3m +0ms[39m
compose-api-dev-2   | api:dev: [32m[Nest] 186  - [39m03/24/2026, 12:06:00 PM [32m    LOG[39m [38;5;3m[RouterExplorer] [39m[32mMapped {/test/optional-auth, GET} route[39m[38;5;3m +0ms[39m
compose-api-dev-2   | api:dev: [32m[Nest] 186  - [39m03/24/2026, 12:06:00 PM [32m    LOG[39m [38;5;3m[RouterExplorer] [39m[32mMapped {/test/admin/role, GET} route[39m[38;5;3m +0ms[39m
compose-api-dev-2   | api:dev: [32m[Nest] 186  - [39m03/24/2026, 12:06:00 PM [32m    LOG[39m [38;5;3m[RouterExplorer] [39m[32mMapped {/test/admin/permission, GET} route[39m[38;5;3m +0ms[39m
compose-api-dev-2   | api:dev: [32m[Nest] 186  - [39m03/24/2026, 12:06:00 PM [32m    LOG[39m [38;5;3m[RouterExplorer] [39m[32mMapped {/test/org/:organizationId, GET} route[39m[38;5;3m +0ms[39m
compose-api-dev-2   | api:dev: [32m[Nest] 186  - [39m03/24/2026, 12:06:00 PM [32m    LOG[39m [38;5;3m[RouterExplorer] [39m[32mMapped {/test/org/:organizationId/owner, GET} route[39m[38;5;3m +0ms[39m
compose-api-dev-2   | api:dev: [32m[Nest] 186  - [39m03/24/2026, 12:06:00 PM [32m    LOG[39m [38;5;3m[RouterExplorer] [39m[32mMapped {/test/composite/admin, GET} route[39m[38;5;3m +0ms[39m
compose-api-dev-2   | api:dev: [32m[Nest] 186  - [39m03/24/2026, 12:06:00 PM [32m    LOG[39m [38;5;3m[RouterExplorer] [39m[32mMapped {/test/orpc/public, GET} route[39m[38;5;3m +0ms[39m
compose-api-dev-2   | api:dev: [32m[Nest] 186  - [39m03/24/2026, 12:06:00 PM [32m    LOG[39m [38;5;3m[RouterExplorer] [39m[32mMapped {/test/orpc/authenticated, GET} route[39m[38;5;3m +1ms[39m
compose-api-dev-2   | api:dev: [32m[Nest] 186  - [39m03/24/2026, 12:06:00 PM [32m    LOG[39m [38;5;3m[RouterExplorer] [39m[32mMapped {/test/orpc/optional-auth, GET} route[39m[38;5;3m +0ms[39m
compose-api-dev-2   | api:dev: [32m[Nest] 186  - [39m03/24/2026, 12:06:00 PM [32m    LOG[39m [38;5;3m[RouterExplorer] [39m[32mMapped {/test/orpc/admin/role, GET} route[39m[38;5;3m +0ms[39m
compose-api-dev-2   | api:dev: [32m[Nest] 186  - [39m03/24/2026, 12:06:00 PM [32m    LOG[39m [38;5;3m[RouterExplorer] [39m[32mMapped {/test/orpc/admin/permission, GET} route[39m[38;5;3m +0ms[39m
compose-api-dev-2   | api:dev: [32m[Nest] 186  - [39m03/24/2026, 12:06:00 PM [32m    LOG[39m [38;5;3m[RouterExplorer] [39m[32mMapped {/test/orpc/admin/dynamic-permission, POST} route[39m[38;5;3m +0ms[39m
compose-api-dev-2   | api:dev: [32m[Nest] 186  - [39m03/24/2026, 12:06:00 PM [32m    LOG[39m [38;5;3m[RouterExplorer] [39m[32mMapped {/test/orpc/org/membership/static, GET} route[39m[38;5;3m +0ms[39m
compose-api-dev-2   | api:dev: [32m[Nest] 186  - [39m03/24/2026, 12:06:00 PM [32m    LOG[39m [38;5;3m[RouterExplorer] [39m[32mMapped {/test/orpc/org/:organizationId/membership, GET} route[39m[38;5;3m +0ms[39m
compose-api-dev-2   | api:dev: [32m[Nest] 186  - [39m03/24/2026, 12:06:00 PM [32m    LOG[39m [38;5;3m[RouterExplorer] [39m[32mMapped {/test/orpc/org/:organizationId/role, GET} route[39m[38;5;3m +1ms[39m
compose-api-dev-2   | api:dev: [32m[Nest] 186  - [39m03/24/2026, 12:06:00 PM [32m    LOG[39m [38;5;3m[RouterExplorer] [39m[32mMapped {/test/orpc/org/:organizationId/owner, GET} route[39m[38;5;3m +0ms[39m
compose-api-dev-2   | api:dev: [32m[Nest] 186  - [39m03/24/2026, 12:06:00 PM [32m    LOG[39m [38;5;3m[RouterExplorer] [39m[32mMapped {/test/orpc/org/permission, GET} route[39m[38;5;3m +0ms[39m
compose-api-dev-2   | api:dev: [32m[Nest] 186  - [39m03/24/2026, 12:06:00 PM [32m    LOG[39m [38;5;3m[RouterExplorer] [39m[32mMapped {/test/orpc/composite/admin, GET} route[39m[38;5;3m +0ms[39m
compose-api-dev-2   | api:dev: [32m[Nest] 186  - [39m03/24/2026, 12:06:00 PM [32m    LOG[39m [38;5;3m[RouterExplorer] [39m[32mMapped {/test/orpc/context-access/:organizationId, GET} route[39m[38;5;3m +0ms[39m
compose-api-dev-2   | api:dev: [32m[Nest] 186  - [39m03/24/2026, 12:06:00 PM [32m    LOG[39m [38;5;3m[RoutesResolver] [39m[32mSetupController {/}:[39m[38;5;3m +0ms[39m
compose-api-dev-2   | api:dev: [32m[Nest] 186  - [39m03/24/2026, 12:06:00 PM [32m    LOG[39m [38;5;3m[RouterExplorer] [39m[32mMapped {/setup/status, GET} route[39m[38;5;3m +1ms[39m
compose-api-dev-2   | api:dev: [32m[Nest] 186  - [39m03/24/2026, 12:06:00 PM [32m    LOG[39m [38;5;3m[RouterExplorer] [39m[32mMapped {/setup/state-machine, GET} route[39m[38;5;3m +0ms[39m
compose-api-dev-2   | api:dev: [32m[Nest] 186  - [39m03/24/2026, 12:06:00 PM [32m    LOG[39m [38;5;3m[RouterExplorer] [39m[32mMapped {/setup/initialize, POST} route[39m[38;5;3m +0ms[39m
compose-api-dev-2   | api:dev: [32m[Nest] 186  - [39m03/24/2026, 12:06:00 PM [32m    LOG[39m [38;5;3m[RouterExplorer] [39m[32mMapped {/setup/configure-database, POST} route[39m[38;5;3m +0ms[39m
compose-api-dev-2   | api:dev: [32m[Nest] 186  - [39m03/24/2026, 12:06:00 PM [32m    LOG[39m [38;5;3m[RouterExplorer] [39m[32mMapped {/setup/node-status, GET} route[39m[38;5;3m +0ms[39m
compose-api-dev-2   | api:dev: [32m[Nest] 186  - [39m03/24/2026, 12:06:00 PM [32m    LOG[39m [38;5;3m[RoutesResolver] [39m[32mOrganizationController {/}:[39m[38;5;3m +0ms[39m
compose-api-dev-2   | api:dev: [32m[Nest] 186  - [39m03/24/2026, 12:06:00 PM [32m    LOG[39m [38;5;3m[RouterExplorer] [39m[32mMapped {/organization/admin, GET} route[39m[38;5;3m +0ms[39m
compose-api-dev-2   | api:dev: [32m[Nest] 186  - [39m03/24/2026, 12:06:00 PM [32m    LOG[39m [38;5;3m[RouterExplorer] [39m[32mMapped {/organization/admin, GET} route[39m[38;5;3m +0ms[39m
compose-api-dev-2   | api:dev: [32m[Nest] 186  - [39m03/24/2026, 12:06:00 PM [32m    LOG[39m [38;5;3m[RoutesResolver] [39m[32mProjectController {/}:[39m[38;5;3m +1ms[39m
compose-api-dev-2   | api:dev: [32m[Nest] 186  - [39m03/24/2026, 12:06:00 PM [32m    LOG[39m [38;5;3m[RouterExplorer] [39m[32mMapped {/projects, GET} route[39m[38;5;3m +0ms[39m
compose-api-dev-2   | api:dev: [32m[Nest] 186  - [39m03/24/2026, 12:06:00 PM [32m    LOG[39m [38;5;3m[RouterExplorer] [39m[32mMapped {/projects/:id, GET} route[39m[38;5;3m +0ms[39m
compose-api-dev-2   | api:dev: [32m[Nest] 186  - [39m03/24/2026, 12:06:00 PM [32m    LOG[39m [38;5;3m[RouterExplorer] [39m[32mMapped {/projects, POST} route[39m[38;5;3m +0ms[39m
compose-api-dev-2   | api:dev: [32m[Nest] 186  - [39m03/24/2026, 12:06:00 PM [32m    LOG[39m [38;5;3m[RouterExplorer] [39m[32mMapped {/projects/:id, PUT} route[39m[38;5;3m +0ms[39m
compose-api-dev-2   | api:dev: [32m[Nest] 186  - [39m03/24/2026, 12:06:00 PM [32m    LOG[39m [38;5;3m[RouterExplorer] [39m[32mMapped {/projects/:id, DELETE} route[39m[38;5;3m +0ms[39m
compose-api-dev-2   | api:dev: [32m[Nest] 186  - [39m03/24/2026, 12:06:00 PM [32m    LOG[39m [38;5;3m[RouterExplorer] [39m[32mMapped {/projects/:id/collaborators, GET} route[39m[38;5;3m +0ms[39m
compose-api-dev-2   | api:dev: [32m[Nest] 186  - [39m03/24/2026, 12:06:00 PM [32m    LOG[39m [38;5;3m[RouterExplorer] [39m[32mMapped {/projects/:id/collaborators, POST} route[39m[38;5;3m +1ms[39m
compose-api-dev-2   | api:dev: [32m[Nest] 186  - [39m03/24/2026, 12:06:00 PM [32m    LOG[39m [38;5;3m[RouterExplorer] [39m[32mMapped {/projects/:id/collaborators/:userId, PUT} route[39m[38;5;3m +0ms[39m
compose-api-dev-2   | api:dev: [32m[Nest] 186  - [39m03/24/2026, 12:06:00 PM [32m    LOG[39m [38;5;3m[RouterExplorer] [39m[32mMapped {/projects/:id/collaborators/:userId, DELETE} route[39m[38;5;3m +0ms[39m
compose-api-dev-2   | api:dev: [32m[Nest] 186  - [39m03/24/2026, 12:06:00 PM [32m    LOG[39m [38;5;3m[RouterExplorer] [39m[32mMapped {/projects/:id/environments, GET} route[39m[38;5;3m +0ms[39m
compose-api-dev-2   | api:dev: [32m[Nest] 186  - [39m03/24/2026, 12:06:00 PM [32m    LOG[39m [38;5;3m[RouterExplorer] [39m[32mMapped {/projects/:id/environments/:environmentId, GET} route[39m[38;5;3m +0ms[39m
compose-api-dev-2   | api:dev: [32m[Nest] 186  - [39m03/24/2026, 12:06:00 PM [32m    LOG[39m [38;5;3m[RouterExplorer] [39m[32mMapped {/projects/:id/environments, POST} route[39m[38;5;3m +0ms[39m
compose-api-dev-2   | api:dev: [32m[Nest] 186  - [39m03/24/2026, 12:06:00 PM [32m    LOG[39m [38;5;3m[RouterExplorer] [39m[32mMapped {/projects/:id/environments/:environmentId, PUT} route[39m[38;5;3m +0ms[39m
compose-api-dev-2   | api:dev: [32m[Nest] 186  - [39m03/24/2026, 12:06:00 PM [32m    LOG[39m [38;5;3m[RouterExplorer] [39m[32mMapped {/projects/:id/environments/:environmentId, DELETE} route[39m[38;5;3m +0ms[39m
compose-api-dev-2   | api:dev: [32m[Nest] 186  - [39m03/24/2026, 12:06:00 PM [32m    LOG[39m [38;5;3m[RouterExplorer] [39m[32mMapped {/projects/:id/environments/:environmentId/clone, POST} route[39m[38;5;3m +0ms[39m
compose-api-dev-2   | api:dev: [32m[Nest] 186  - [39m03/24/2026, 12:06:00 PM [32m    LOG[39m [38;5;3m[RouterExplorer] [39m[32mMapped {/projects/:id/variable-templates, GET} route[39m[38;5;3m +1ms[39m
compose-api-dev-2   | api:dev: [32m[Nest] 186  - [39m03/24/2026, 12:06:00 PM [32m    LOG[39m [38;5;3m[RouterExplorer] [39m[32mMapped {/projects/:id/variable-templates/:templateId, GET} route[39m[38;5;3m +0ms[39m
compose-api-dev-2   | api:dev: [32m[Nest] 186  - [39m03/24/2026, 12:06:00 PM [32m    LOG[39m [38;5;3m[RouterExplorer] [39m[32mMapped {/projects/:id/variable-templates, POST} route[39m[38;5;3m +0ms[39m
compose-api-dev-2   | api:dev: [32m[Nest] 186  - [39m03/24/2026, 12:06:00 PM [32m    LOG[39m [38;5;3m[RouterExplorer] [39m[32mMapped {/projects/:id/variable-templates/:templateId, PUT} route[39m[38;5;3m +0ms[39m
compose-api-dev-2   | api:dev: [32m[Nest] 186  - [39m03/24/2026, 12:06:00 PM [32m    LOG[39m [38;5;3m[RouterExplorer] [39m[32mMapped {/projects/:id/variable-templates/:templateId, DELETE} route[39m[38;5;3m +0ms[39m
compose-api-dev-2   | api:dev: [32m[Nest] 186  - [39m03/24/2026, 12:06:00 PM [32m    LOG[39m [38;5;3m[RouterExplorer] [39m[32mMapped {/projects/:id/config/general, GET} route[39m[38;5;3m +0ms[39m
compose-api-dev-2   | api:dev: [32m[Nest] 186  - [39m03/24/2026, 12:06:00 PM [32m    LOG[39m [38;5;3m[RouterExplorer] [39m[32mMapped {/projects/:id/config/general, PUT} route[39m[38;5;3m +0ms[39m
compose-api-dev-2   | api:dev: [32m[Nest] 186  - [39m03/24/2026, 12:06:00 PM [32m    LOG[39m [38;5;3m[RouterExplorer] [39m[32mMapped {/projects/:id/config/environment, GET} route[39m[38;5;3m +0ms[39m
compose-api-dev-2   | api:dev: [32m[Nest] 186  - [39m03/24/2026, 12:06:00 PM [32m    LOG[39m [38;5;3m[RouterExplorer] [39m[32mMapped {/projects/:id/config/environment, PUT} route[39m[38;5;3m +0ms[39m
compose-api-dev-2   | api:dev: [32m[Nest] 186  - [39m03/24/2026, 12:06:00 PM [32m    LOG[39m [38;5;3m[RouterExplorer] [39m[32mMapped {/projects/:id/config/deployment, GET} route[39m[38;5;3m +0ms[39m
compose-api-dev-2   | api:dev: [32m[Nest] 186  - [39m03/24/2026, 12:06:00 PM [32m    LOG[39m [38;5;3m[RouterExplorer] [39m[32mMapped {/projects/:id/config/deployment, PUT} route[39m[38;5;3m +0ms[39m
compose-api-dev-2   | api:dev: [32m[Nest] 186  - [39m03/24/2026, 12:06:00 PM [32m    LOG[39m [38;5;3m[RouterExplorer] [39m[32mMapped {/projects/:id/config/security, GET} route[39m[38;5;3m +1ms[39m
compose-api-dev-2   | api:dev: [32m[Nest] 186  - [39m03/24/2026, 12:06:00 PM [32m    LOG[39m [38;5;3m[RouterExplorer] [39m[32mMapped {/projects/:id/config/security, PUT} route[39m[38;5;3m +0ms[39m
compose-api-dev-2   | api:dev: [32m[Nest] 186  - [39m03/24/2026, 12:06:00 PM [32m    LOG[39m [38;5;3m[RouterExplorer] [39m[32mMapped {/projects/:id/config/resource, GET} route[39m[38;5;3m +0ms[39m
compose-api-dev-2   | api:dev: [32m[Nest] 186  - [39m03/24/2026, 12:06:00 PM [32m    LOG[39m [38;5;3m[RouterExplorer] [39m[32mMapped {/projects/:id/config/resource, PUT} route[39m[38;5;3m +0ms[39m
compose-api-dev-2   | api:dev: [32m[Nest] 186  - [39m03/24/2026, 12:06:00 PM [32m    LOG[39m [38;5;3m[RouterExplorer] [39m[32mMapped {/projects/:id/config/notification, GET} route[39m[38;5;3m +0ms[39m
compose-api-dev-2   | api:dev: [32m[Nest] 186  - [39m03/24/2026, 12:06:00 PM [32m    LOG[39m [38;5;3m[RouterExplorer] [39m[32mMapped {/projects/:id/config/notification, PUT} route[39m[38;5;3m +0ms[39m
compose-api-dev-2   | api:dev: [32m[Nest] 186  - [39m03/24/2026, 12:06:00 PM [32m    LOG[39m [38;5;3m[RouterExplorer] [39m[32mMapped {/projects/:id/resolve-variables, POST} route[39m[38;5;3m +0ms[39m
compose-api-dev-2   | api:dev: [32m[Nest] 186  - [39m03/24/2026, 12:06:00 PM [32m    LOG[39m [38;5;3m[RouterExplorer] [39m[32mMapped {/projects/:id/available-variables, GET} route[39m[38;5;3m +0ms[39m
compose-api-dev-2   | api:dev: [32m[Nest] 186  - [39m03/24/2026, 12:06:00 PM [32m    LOG[39m [38;5;3m[RouterExplorer] [39m[32mMapped {/projects/:id/environments/:environmentId/status, GET} route[39m[38;5;3m +0ms[39m
compose-api-dev-2   | api:dev: [32m[Nest] 186  - [39m03/24/2026, 12:06:00 PM [32m    LOG[39m [38;5;3m[RouterExplorer] [39m[32mMapped {/projects/:id/environments/statuses, GET} route[39m[38;5;3m +0ms[39m
compose-api-dev-2   | api:dev: [32m[Nest] 186  - [39m03/24/2026, 12:06:00 PM [32m    LOG[39m [38;5;3m[RouterExplorer] [39m[32mMapped {/projects/:id/environments/:environmentId/status/refresh, POST} route[39m[38;5;3m +0ms[39m
compose-api-dev-2   | api:dev: [32m[Nest] 186  - [39m03/24/2026, 12:06:00 PM [32m    LOG[39m [38;5;3m[RouterExplorer] [39m[32mMapped {/projects/stream/query, GET} route[39m[38;5;3m +1ms[39m
compose-api-dev-2   | api:dev: [32m[Nest] 186  - [39m03/24/2026, 12:06:00 PM [32m    LOG[39m [38;5;3m[RoutesResolver] [39m[32mServiceController {/}:[39m[38;5;3m +0ms[39m
compose-api-dev-2   | api:dev: [32m[Nest] 186  - [39m03/24/2026, 12:06:00 PM [32m    LOG[39m [38;5;3m[RouterExplorer] [39m[32mMapped {/services, GET} route[39m[38;5;3m +0ms[39m
compose-api-dev-2   | api:dev: [32m[Nest] 186  - [39m03/24/2026, 12:06:00 PM [32m    LOG[39m [38;5;3m[RouterExplorer] [39m[32mMapped {/services/:id, GET} route[39m[38;5;3m +0ms[39m
compose-api-dev-2   | api:dev: [32m[Nest] 186  - [39m03/24/2026, 12:06:00 PM [32m    LOG[39m [38;5;3m[RouterExplorer] [39m[32mMapped {/services, POST} route[39m[38;5;3m +0ms[39m
compose-api-dev-2   | api:dev: [32m[Nest] 186  - [39m03/24/2026, 12:06:00 PM [32m    LOG[39m [38;5;3m[RouterExplorer] [39m[32mMapped {/services/:id, PUT} route[39m[38;5;3m +0ms[39m
compose-api-dev-2   | api:dev: [32m[Nest] 186  - [39m03/24/2026, 12:06:00 PM [32m    LOG[39m [38;5;3m[RouterExplorer] [39m[32mMapped {/services/:id, DELETE} route[39m[38;5;3m +0ms[39m
compose-api-dev-2   | api:dev: [32m[Nest] 186  - [39m03/24/2026, 12:06:00 PM [32m    LOG[39m [38;5;3m[RouterExplorer] [39m[32mMapped {/services/:id/toggle-active, PATCH} route[39m[38;5;3m +0ms[39m
compose-api-dev-2   | api:dev: [32m[Nest] 186  - [39m03/24/2026, 12:06:00 PM [32m    LOG[39m [38;5;3m[RouterExplorer] [39m[32mMapped {/services/:id/dependencies, GET} route[39m[38;5;3m +0ms[39m
compose-api-dev-2   | api:dev: [32m[Nest] 186  - [39m03/24/2026, 12:06:00 PM [32m    LOG[39m [38;5;3m[RouterExplorer] [39m[32mMapped {/services/:id/dependencies, POST} route[39m[38;5;3m +0ms[39m
compose-api-dev-2   | api:dev: [32m[Nest] 186  - [39m03/24/2026, 12:06:00 PM [32m    LOG[39m [38;5;3m[RouterExplorer] [39m[32mMapped {/services/:id/dependencies/:dependencyId, DELETE} route[39m[38;5;3m +1ms[39m
compose-api-dev-2   | api:dev: [32m[Nest] 186  - [39m03/24/2026, 12:06:00 PM [32m    LOG[39m [38;5;3m[RouterExplorer] [39m[32mMapped {/services/stream/query, GET} route[39m[38;5;3m +0ms[39m
compose-api-dev-2   | api:dev: [32m[Nest] 186  - [39m03/24/2026, 12:06:00 PM [32m    LOG[39m [38;5;3m[RoutesResolver] [39m[32mDeploymentController {/}:[39m[38;5;3m +0ms[39m
compose-api-dev-2   | api:dev: [32m[Nest] 186  - [39m03/24/2026, 12:06:00 PM [32m    LOG[39m [38;5;3m[RouterExplorer] [39m[32mMapped {/deployments, GET} route[39m[38;5;3m +0ms[39m
compose-api-dev-2   | api:dev: [32m[Nest] 186  - [39m03/24/2026, 12:06:00 PM [32m    LOG[39m [38;5;3m[RouterExplorer] [39m[32mMapped {/deployments/:id, GET} route[39m[38;5;3m +0ms[39m
compose-api-dev-2   | api:dev: [32m[Nest] 186  - [39m03/24/2026, 12:06:00 PM [32m    LOG[39m [38;5;3m[RouterExplorer] [39m[32mMapped {/deployments/trigger, POST} route[39m[38;5;3m +0ms[39m
compose-api-dev-2   | api:dev: [32m[Nest] 186  - [39m03/24/2026, 12:06:00 PM [32m    LOG[39m [38;5;3m[RouterExplorer] [39m[32mMapped {/deployments/upload-bundle, POST} route[39m[38;5;3m +0ms[39m
compose-api-dev-2   | api:dev: [32m[Nest] 186  - [39m03/24/2026, 12:06:00 PM [32m    LOG[39m [38;5;3m[RouterExplorer] [39m[32mMapped {/deployments/:id/cancel, POST} route[39m[38;5;3m +0ms[39m
compose-api-dev-2   | api:dev: [32m[Nest] 186  - [39m03/24/2026, 12:06:00 PM [32m    LOG[39m [38;5;3m[RouterExplorer] [39m[32mMapped {/deployments/:id/rollback, POST} route[39m[38;5;3m +0ms[39m
compose-api-dev-2   | api:dev: [32m[Nest] 186  - [39m03/24/2026, 12:06:00 PM [32m    LOG[39m [38;5;3m[RouterExplorer] [39m[32mMapped {/deployments/:id/logs, GET} route[39m[38;5;3m +1ms[39m
compose-api-dev-2   | api:dev: [32m[Nest] 186  - [39m03/24/2026, 12:06:00 PM [32m    LOG[39m [38;5;3m[RouterExplorer] [39m[32mMapped {/deployments/:id/retry, POST} route[39m[38;5;3m +0ms[39m
compose-api-dev-2   | api:dev: [32m[Nest] 186  - [39m03/24/2026, 12:06:00 PM [32m    LOG[39m [38;5;3m[RouterExplorer] [39m[32mMapped {/deployments/:id/rollbacks, GET} route[39m[38;5;3m +0ms[39m
compose-api-dev-2   | api:dev: [32m[Nest] 186  - [39m03/24/2026, 12:06:00 PM [32m    LOG[39m [38;5;3m[RouterExplorer] [39m[32mMapped {/deployments/:id/stream, GET} route[39m[38;5;3m +0ms[39m
compose-api-dev-2   | api:dev: [32m[Nest] 186  - [39m03/24/2026, 12:06:00 PM [32m    LOG[39m [38;5;3m[RouterExplorer] [39m[32mMapped {/deployments/internal/:id/stream, GET} route[39m[38;5;3m +0ms[39m
compose-api-dev-2   | api:dev: [32m[Nest] 186  - [39m03/24/2026, 12:06:00 PM [32m    LOG[39m [38;5;3m[RouterExplorer] [39m[32mMapped {/deployments/services/:serviceId/stream, GET} route[39m[38;5;3m +0ms[39m
compose-api-dev-2   | api:dev: [32m[Nest] 186  - [39m03/24/2026, 12:06:00 PM [32m    LOG[39m [38;5;3m[RouterExplorer] [39m[32mMapped {/deployments/stream/query, GET} route[39m[38;5;3m +0ms[39m
compose-api-dev-2   | api:dev: [32m[Nest] 186  - [39m03/24/2026, 12:06:00 PM [32m    LOG[39m [38;5;3m[RouterExplorer] [39m[32mMapped {/deployments, GET} route[39m[38;5;3m +0ms[39m
compose-api-dev-2   | api:dev: [32m[Nest] 186  - [39m03/24/2026, 12:06:00 PM [32m    LOG[39m [38;5;3m[RouterExplorer] [39m[32mMapped {/deployments/:id, GET} route[39m[38;5;3m +0ms[39m
compose-api-dev-2   | api:dev: [32m[Nest] 186  - [39m03/24/2026, 12:06:00 PM [32m    LOG[39m [38;5;3m[RouterExplorer] [39m[32mMapped {/deployments/:id/template-provenance, GET} route[39m[38;5;3m +0ms[39m
compose-api-dev-2   | api:dev: [32m[Nest] 186  - [39m03/24/2026, 12:06:00 PM [32m    LOG[39m [38;5;3m[RouterExplorer] [39m[32mMapped {/deployments/:id/template-provenance, PUT} route[39m[38;5;3m +1ms[39m
compose-api-dev-2   | api:dev: [32m[Nest] 186  - [39m03/24/2026, 12:06:00 PM [32m    LOG[39m [38;5;3m[RouterExplorer] [39m[32mMapped {/deployments/runs/:runId/template-provenance, GET} route[39m[38;5;3m +0ms[39m
compose-api-dev-2   | api:dev: [32m[Nest] 186  - [39m03/24/2026, 12:06:00 PM [32m    LOG[39m [38;5;3m[RouterExplorer] [39m[32mMapped {/deployments/:id/compiled-plan-snapshots, POST} route[39m[38;5;3m +0ms[39m
compose-api-dev-2   | api:dev: [32m[Nest] 186  - [39m03/24/2026, 12:06:00 PM [32m    LOG[39m [38;5;3m[RouterExplorer] [39m[32mMapped {/deployments/:id/compiled-plan-snapshots, GET} route[39m[38;5;3m +0ms[39m
compose-api-dev-2   | api:dev: [32m[Nest] 186  - [39m03/24/2026, 12:06:00 PM [32m    LOG[39m [38;5;3m[RouterExplorer] [39m[32mMapped {/deployments/compiled-plan-snapshots/:snapshotId, GET} route[39m[38;5;3m +0ms[39m
compose-api-dev-2   | api:dev: [32m[Nest] 186  - [39m03/24/2026, 12:06:00 PM [32m    LOG[39m [38;5;3m[RouterExplorer] [39m[32mMapped {/deployments/runs/:runId/compiled-plan-snapshot, GET} route[39m[38;5;3m +0ms[39m
compose-api-dev-2   | api:dev: [32m[Nest] 186  - [39m03/24/2026, 12:06:00 PM [32m    LOG[39m [38;5;3m[RouterExplorer] [39m[32mMapped {/deployments/compile-plan, POST} route[39m[38;5;3m +0ms[39m
compose-api-dev-2   | api:dev: [32m[Nest] 186  - [39m03/24/2026, 12:06:00 PM [32m    LOG[39m [38;5;3m[RouterExplorer] [39m[32mMapped {/deployments/compile-plan/preview, POST} route[39m[38;5;3m +0ms[39m
compose-api-dev-2   | api:dev: [32m[Nest] 186  - [39m03/24/2026, 12:06:00 PM [32m    LOG[39m [38;5;3m[RouterExplorer] [39m[32mMapped {/deployments/compile-plan/rollback-edges, POST} route[39m[38;5;3m +0ms[39m
compose-api-dev-2   | api:dev: [32m[Nest] 186  - [39m03/24/2026, 12:06:00 PM [32m    LOG[39m [38;5;3m[RouterExplorer] [39m[32mMapped {/deployments/queue/jobs, POST} route[39m[38;5;3m +0ms[39m
compose-api-dev-2   | api:dev: [32m[Nest] 186  - [39m03/24/2026, 12:06:00 PM [32m    LOG[39m [38;5;3m[RouterExplorer] [39m[32mMapped {/deployments/queue/jobs/claim, POST} route[39m[38;5;3m +1ms[39m
compose-api-dev-2   | api:dev: [32m[Nest] 186  - [39m03/24/2026, 12:06:00 PM [32m    LOG[39m [38;5;3m[RouterExplorer] [39m[32mMapped {/deployments/queue/jobs/:jobId/heartbeat, POST} route[39m[38;5;3m +0ms[39m
compose-api-dev-2   | api:dev: [32m[Nest] 186  - [39m03/24/2026, 12:06:00 PM [32m    LOG[39m [38;5;3m[RouterExplorer] [39m[32mMapped {/deployments/queue/jobs/:jobId/complete, POST} route[39m[38;5;3m +0ms[39m
compose-api-dev-2   | api:dev: [32m[Nest] 186  - [39m03/24/2026, 12:06:00 PM [32m    LOG[39m [38;5;3m[RouterExplorer] [39m[32mMapped {/deployments/queue/jobs/:jobId/fail, POST} route[39m[38;5;3m +0ms[39m
compose-api-dev-2   | api:dev: [32m[Nest] 186  - [39m03/24/2026, 12:06:00 PM [32m    LOG[39m [38;5;3m[RouterExplorer] [39m[32mMapped {/deployments/queue/jobs/:jobId, GET} route[39m[38;5;3m +0ms[39m
compose-api-dev-2   | api:dev: [32m[Nest] 186  - [39m03/24/2026, 12:06:00 PM [32m    LOG[39m [38;5;3m[RouterExplorer] [39m[32mMapped {/deployments/queue/jobs, GET} route[39m[38;5;3m +0ms[39m
compose-api-dev-2   | api:dev: [32m[Nest] 186  - [39m03/24/2026, 12:06:00 PM [32m    LOG[39m [38;5;3m[RouterExplorer] [39m[32mMapped {/deployments/queue/dead-letter, GET} route[39m[38;5;3m +0ms[39m
compose-api-dev-2   | api:dev: [32m[Nest] 186  - [39m03/24/2026, 12:06:00 PM [32m    LOG[39m [38;5;3m[RouterExplorer] [39m[32mMapped {/deployments/queue/dead-letter/:deadLetterJobId, GET} route[39m[38;5;3m +0ms[39m
compose-api-dev-2   | api:dev: [32m[Nest] 186  - [39m03/24/2026, 12:06:00 PM [32m    LOG[39m [38;5;3m[RouterExplorer] [39m[32mMapped {/deployments/queue/dead-letter/replay, POST} route[39m[38;5;3m +0ms[39m
compose-api-dev-2   | api:dev: [32m[Nest] 186  - [39m03/24/2026, 12:06:00 PM [32m    LOG[39m [38;5;3m[RouterExplorer] [39m[32mMapped {/deployments/retry-policies, GET} route[39m[38;5;3m +0ms[39m
compose-api-dev-2   | api:dev: [32m[Nest] 186  - [39m03/24/2026, 12:06:00 PM [32m    LOG[39m [38;5;3m[RouterExplorer] [39m[32mMapped {/deployments/retry-policies/resolve, POST} route[39m[38;5;3m +1ms[39m
compose-api-dev-2   | api:dev: [32m[Nest] 186  - [39m03/24/2026, 12:06:00 PM [32m    LOG[39m [38;5;3m[RouterExplorer] [39m[32mMapped {/deployments/:id/execution/cancel, POST} route[39m[38;5;3m +0ms[39m
compose-api-dev-2   | api:dev: [32m[Nest] 186  - [39m03/24/2026, 12:06:00 PM [32m    LOG[39m [38;5;3m[RouterExplorer] [39m[32mMapped {/deployments/:id/execution/resume, POST} route[39m[38;5;3m +0ms[39m
compose-api-dev-2   | api:dev: [32m[Nest] 186  - [39m03/24/2026, 12:06:00 PM [32m    LOG[39m [38;5;3m[RouterExplorer] [39m[32mMapped {/deployments/:id/execution/checkpoint, GET} route[39m[38;5;3m +0ms[39m
compose-api-dev-2   | api:dev: [32m[Nest] 186  - [39m03/24/2026, 12:06:00 PM [32m    LOG[39m [38;5;3m[RouterExplorer] [39m[32mMapped {/deployments/runs/:runId/execution/checkpoint, GET} route[39m[38;5;3m +0ms[39m
compose-api-dev-2   | api:dev: [32m[Nest] 186  - [39m03/24/2026, 12:06:00 PM [32m    LOG[39m [38;5;3m[RouterExplorer] [39m[32mMapped {/deployments/runs/:runId/lifecycle-events, POST} route[39m[38;5;3m +0ms[39m
compose-api-dev-2   | api:dev: [32m[Nest] 186  - [39m03/24/2026, 12:06:00 PM [32m    LOG[39m [38;5;3m[RouterExplorer] [39m[32mMapped {/deployments/runs/:runId/lifecycle-events, GET} route[39m[38;5;3m +0ms[39m
compose-api-dev-2   | api:dev: [32m[Nest] 186  - [39m03/24/2026, 12:06:00 PM [32m    LOG[39m [38;5;3m[RouterExplorer] [39m[32mMapped {/deployments/runs/:runId/lifecycle-events/stream, GET} route[39m[38;5;3m +0ms[39m
compose-api-dev-2   | api:dev: [32m[Nest] 186  - [39m03/24/2026, 12:06:00 PM [32m    LOG[39m [38;5;3m[RouterExplorer] [39m[32mMapped {/deployments/phase-machine/transitions, GET} route[39m[38;5;3m +1ms[39m
compose-api-dev-2   | api:dev: [32m[Nest] 186  - [39m03/24/2026, 12:06:00 PM [32m    LOG[39m [38;5;3m[RouterExplorer] [39m[32mMapped {/deployments/phase-machine/validate, POST} route[39m[38;5;3m +0ms[39m
compose-api-dev-2   | api:dev: [32m[Nest] 186  - [39m03/24/2026, 12:06:00 PM [32m    LOG[39m [38;5;3m[RouterExplorer] [39m[32mMapped {/deployments/:id/phase-machine/transition, POST} route[39m[38;5;3m +0ms[39m
compose-api-dev-2   | api:dev: [32m[Nest] 186  - [39m03/24/2026, 12:06:00 PM [32m    LOG[39m [38;5;3m[RouterExplorer] [39m[32mMapped {/deployments/:id, DELETE} route[39m[38;5;3m +0ms[39m
compose-api-dev-2   | api:dev: [32m[Nest] 186  - [39m03/24/2026, 12:06:00 PM [32m    LOG[39m [38;5;3m[RoutesResolver] [39m[32mGithubWebhookController {/webhooks/github}:[39m[38;5;3m +0ms[39m
compose-api-dev-2   | api:dev: [32m[Nest] 186  - [39m03/24/2026, 12:06:00 PM [32m    LOG[39m [38;5;3m[RouterExplorer] [39m[32mMapped {/webhooks/github, POST} route[39m[38;5;3m +1ms[39m
compose-api-dev-2   | api:dev: [32m[Nest] 186  - [39m03/24/2026, 12:06:00 PM [32m    LOG[39m [38;5;3m[RoutesResolver] [39m[32mOrganizationDomainController {/}:[39m[38;5;3m +1ms[39m
compose-api-dev-2   | api:dev: [32m[Nest] 186  - [39m03/24/2026, 12:06:00 PM [32m    LOG[39m [38;5;3m[RouterExplorer] [39m[32mMapped {/domains/:organizationId/domains, GET} route[39m[38;5;3m +0ms[39m
compose-api-dev-2   | api:dev: [32m[Nest] 186  - [39m03/24/2026, 12:06:00 PM [32m    LOG[39m [38;5;3m[RouterExplorer] [39m[32mMapped {/domains/:organizationId/domains, POST} route[39m[38;5;3m +0ms[39m
compose-api-dev-2   | api:dev: [32m[Nest] 186  - [39m03/24/2026, 12:06:00 PM [32m    LOG[39m [38;5;3m[RouterExplorer] [39m[32mMapped {/domains/:organizationId/domains/:domainId, GET} route[39m[38;5;3m +0ms[39m
compose-api-dev     | api:dev: [32m[Nest] 190  - [39m03/24/2026, 12:06:00 PM [32m    LOG[39m [38;5;3m[AuthModule] [39m[32mAuthModule initialized BetterAuth on '/api/auth'[39m
compose-api-dev-2   | api:dev: [32m[Nest] 186  - [39m03/24/2026, 12:06:00 PM [32m    LOG[39m [38;5;3m[RouterExplorer] [39m[32mMapped {/domains/:organizationId/domains/:domainId/verify, POST} route[39m[38;5;3m +0ms[39m
compose-api-dev-2   | api:dev: [32m[Nest] 186  - [39m03/24/2026, 12:06:00 PM [32m    LOG[39m [38;5;3m[RouterExplorer] [39m[32mMapped {/domains/:organizationId/domains/:domainId, DELETE} route[39m[38;5;3m +0ms[39m
compose-api-dev-2   | api:dev: [32m[Nest] 186  - [39m03/24/2026, 12:06:00 PM [32m    LOG[39m [38;5;3m[RoutesResolver] [39m[32mProjectDomainController {/}:[39m[38;5;3m +0ms[39m
compose-api-dev-2   | api:dev: [32m[Nest] 186  - [39m03/24/2026, 12:06:00 PM [32m    LOG[39m [38;5;3m[RouterExplorer] [39m[32mMapped {/domains/:projectId/domains, GET} route[39m[38;5;3m +0ms[39m
compose-api-dev-2   | api:dev: [32m[Nest] 186  - [39m03/24/2026, 12:06:00 PM [32m    LOG[39m [38;5;3m[RouterExplorer] [39m[32mMapped {/domains/:organizationId/domains/available, GET} route[39m[38;5;3m +0ms[39m
compose-api-dev-2   | api:dev: [32m[Nest] 186  - [39m03/24/2026, 12:06:00 PM [32m    LOG[39m [38;5;3m[RouterExplorer] [39m[32mMapped {/domains/:projectId/domains/available, GET} route[39m[38;5;3m +0ms[39m
compose-api-dev-2   | api:dev: [32m[Nest] 186  - [39m03/24/2026, 12:06:00 PM [32m    LOG[39m [38;5;3m[RouterExplorer] [39m[32mMapped {/domains/:projectId/domains, POST} route[39m[38;5;3m +0ms[39m
compose-api-dev-2   | api:dev: [32m[Nest] 186  - [39m03/24/2026, 12:06:00 PM [32m    LOG[39m [38;5;3m[RouterExplorer] [39m[32mMapped {/domains/:projectId/domains/:domainId, PUT} route[39m[38;5;3m +1ms[39m
compose-api-dev-2   | api:dev: [32m[Nest] 186  - [39m03/24/2026, 12:06:00 PM [32m    LOG[39m [38;5;3m[RouterExplorer] [39m[32mMapped {/domains/:projectId/domains/:domainId, DELETE} route[39m[38;5;3m +0ms[39m
compose-api-dev-2   | api:dev: [32m[Nest] 186  - [39m03/24/2026, 12:06:00 PM [32m    LOG[39m [38;5;3m[RoutesResolver] [39m[32mServiceDomainController {/}:[39m[38;5;3m +0ms[39m
compose-api-dev-2   | api:dev: [32m[Nest] 186  - [39m03/24/2026, 12:06:00 PM [32m    LOG[39m [38;5;3m[RouterExplorer] [39m[32mMapped {/domains/check-subdomain, POST} route[39m[38;5;3m +0ms[39m
compose-api-dev-2   | api:dev: [32m[Nest] 186  - [39m03/24/2026, 12:06:00 PM [32m    LOG[39m [38;5;3m[RouterExplorer] [39m[32mMapped {/domains/:serviceId/domains, GET} route[39m[38;5;3m +0ms[39m
compose-api-dev-2   | api:dev: [32m[Nest] 186  - [39m03/24/2026, 12:06:00 PM [32m    LOG[39m [38;5;3m[RouterExplorer] [39m[32mMapped {/domains/:serviceId/domains, POST} route[39m[38;5;3m +0ms[39m
compose-api-dev-2   | api:dev: [32m[Nest] 186  - [39m03/24/2026, 12:06:00 PM [32m    LOG[39m [38;5;3m[RouterExplorer] [39m[32mMapped {/domains/:serviceId/domains/:mappingId, PUT} route[39m[38;5;3m +0ms[39m
compose-api-dev-2   | api:dev: [32m[Nest] 186  - [39m03/24/2026, 12:06:00 PM [32m    LOG[39m [38;5;3m[RouterExplorer] [39m[32mMapped {/domains/:serviceId/domains/:mappingId/primary, PUT} route[39m[38;5;3m +0ms[39m
compose-api-dev-2   | api:dev: [32m[Nest] 186  - [39m03/24/2026, 12:06:00 PM [32m    LOG[39m [38;5;3m[RouterExplorer] [39m[32mMapped {/domains/:serviceId/domains/:mappingId, DELETE} route[39m[38;5;3m +0ms[39m
compose-api-dev-2   | api:dev: [32m[Nest] 186  - [39m03/24/2026, 12:06:00 PM [32m    LOG[39m [38;5;3m[RoutesResolver] [39m[32mAnalyticsController {/}:[39m[38;5;3m +0ms[39m
compose-api-dev-2   | api:dev: [32m[Nest] 186  - [39m03/24/2026, 12:06:00 PM [32m    LOG[39m [38;5;3m[RouterExplorer] [39m[32mMapped {/analytics/metrics/resources, GET} route[39m[38;5;3m +0ms[39m
compose-api-dev-2   | api:dev: [32m[Nest] 186  - [39m03/24/2026, 12:06:00 PM [32m    LOG[39m [38;5;3m[RouterExplorer] [39m[32mMapped {/analytics/metrics/application, GET} route[39m[38;5;3m +0ms[39m
compose-api-dev-2   | api:dev: [32m[Nest] 186  - [39m03/24/2026, 12:06:00 PM [32m    LOG[39m [38;5;3m[RouterExplorer] [39m[32mMapped {/analytics/metrics/database, GET} route[39m[38;5;3m +0ms[39m
compose-api-dev-2   | api:dev: [32m[Nest] 186  - [39m03/24/2026, 12:06:00 PM [32m    LOG[39m [38;5;3m[RouterExplorer] [39m[32mMapped {/analytics/metrics/deployments, GET} route[39m[38;5;3m +0ms[39m
compose-api-dev-2   | api:dev: [32m[Nest] 186  - [39m03/24/2026, 12:06:00 PM [32m    LOG[39m [38;5;3m[RouterExplorer] [39m[32mMapped {/analytics/metrics/health, GET} route[39m[38;5;3m +1ms[39m
compose-api-dev-2   | api:dev: [32m[Nest] 186  - [39m03/24/2026, 12:06:00 PM [32m    LOG[39m [38;5;3m[RouterExplorer] [39m[32mMapped {/analytics/metrics/realtime, GET} route[39m[38;5;3m +0ms[39m
compose-api-dev-2   | api:dev: [32m[Nest] 186  - [39m03/24/2026, 12:06:00 PM [32m    LOG[39m [38;5;3m[RouterExplorer] [39m[32mMapped {/analytics/usage/resources, GET} route[39m[38;5;3m +0ms[39m
compose-api-dev-2   | api:dev: [32m[Nest] 186  - [39m03/24/2026, 12:06:00 PM [32m    LOG[39m [38;5;3m[RouterExplorer] [39m[32mMapped {/analytics/usage/activity, GET} route[39m[38;5;3m +0ms[39m
compose-api-dev-2   | api:dev: [32m[Nest] 186  - [39m03/24/2026, 12:06:00 PM [32m    LOG[39m [38;5;3m[RouterExplorer] [39m[32mMapped {/analytics/usage/activity/summary, GET} route[39m[38;5;3m +0ms[39m
compose-api-dev-2   | api:dev: [32m[Nest] 186  - [39m03/24/2026, 12:06:00 PM [32m    LOG[39m [38;5;3m[RouterExplorer] [39m[32mMapped {/analytics/usage/api, GET} route[39m[38;5;3m +0ms[39m
compose-api-dev-2   | api:dev: [32m[Nest] 186  - [39m03/24/2026, 12:06:00 PM [32m    LOG[39m [38;5;3m[RouterExplorer] [39m[32mMapped {/analytics/usage/deployments, GET} route[39m[38;5;3m +0ms[39m
compose-api-dev-2   | api:dev: [32m[Nest] 186  - [39m03/24/2026, 12:06:00 PM [32m    LOG[39m [38;5;3m[RouterExplorer] [39m[32mMapped {/analytics/usage/storage, GET} route[39m[38;5;3m +0ms[39m
compose-api-dev-2   | api:dev: [32m[Nest] 186  - [39m03/24/2026, 12:06:00 PM [32m    LOG[39m [38;5;3m[RouterExplorer] [39m[32mMapped {/analytics/reports/generate, POST} route[39m[38;5;3m +0ms[39m
compose-api-dev-2   | api:dev: [32m[Nest] 186  - [39m03/24/2026, 12:06:00 PM [32m    LOG[39m [38;5;3m[RouterExplorer] [39m[32mMapped {/analytics/reports/:reportId, GET} route[39m[38;5;3m +0ms[39m
compose-api-dev-2   | api:dev: [32m[Nest] 186  - [39m03/24/2026, 12:06:00 PM [32m    LOG[39m [38;5;3m[RouterExplorer] [39m[32mMapped {/analytics/reports, GET} route[39m[38;5;3m +0ms[39m
compose-api-dev-2   | api:dev: [32m[Nest] 186  - [39m03/24/2026, 12:06:00 PM [32m    LOG[39m [38;5;3m[RouterExplorer] [39m[32mMapped {/analytics/reports/:reportId, DELETE} route[39m[38;5;3m +0ms[39m
compose-api-dev-2   | api:dev: [32m[Nest] 186  - [39m03/24/2026, 12:06:00 PM [32m    LOG[39m [38;5;3m[RouterExplorer] [39m[32mMapped {/analytics/reports/:reportId/download, GET} route[39m[38;5;3m +0ms[39m
compose-api-dev-2   | api:dev: [32m[Nest] 186  - [39m03/24/2026, 12:06:00 PM [32m    LOG[39m [38;5;3m[RouterExplorer] [39m[32mMapped {/analytics/reports/configurations, POST} route[39m[38;5;3m +1ms[39m
compose-api-dev-2   | api:dev: [32m[Nest] 186  - [39m03/24/2026, 12:06:00 PM [32m    LOG[39m [38;5;3m[RouterExplorer] [39m[32mMapped {/analytics/reports/configurations, GET} route[39m[38;5;3m +0ms[39m
compose-api-dev-2   | api:dev: [32m[Nest] 186  - [39m03/24/2026, 12:06:00 PM [32m    LOG[39m [38;5;3m[RouterExplorer] [39m[32mMapped {/analytics/reports/configurations/:configId, PUT} route[39m[38;5;3m +0ms[39m
compose-api-dev-2   | api:dev: [32m[Nest] 186  - [39m03/24/2026, 12:06:00 PM [32m    LOG[39m [38;5;3m[RouterExplorer] [39m[32mMapped {/analytics/reports/configurations/:configId, DELETE} route[39m[38;5;3m +0ms[39m
compose-api-dev-2   | api:dev: [32m[Nest] 186  - [39m03/24/2026, 12:06:00 PM [32m    LOG[39m [38;5;3m[RoutesResolver] [39m[32mProviderSchemaController {/}:[39m[38;5;3m +0ms[39m
compose-api-dev-2   | api:dev: [32m[Nest] 186  - [39m03/24/2026, 12:06:00 PM [32m    LOG[39m [38;5;3m[RouterExplorer] [39m[32mMapped {/providers, GET} route[39m[38;5;3m +0ms[39m
compose-api-dev-2   | api:dev: [32m[Nest] 186  - [39m03/24/2026, 12:06:00 PM [32m    LOG[39m [38;5;3m[RouterExplorer] [39m[32mMapped {/providers/:id/schema, GET} route[39m[38;5;3m +0ms[39m
compose-api-dev-2   | api:dev: [32m[Nest] 186  - [39m03/24/2026, 12:06:00 PM [32m    LOG[39m [38;5;3m[RouterExplorer] [39m[32mMapped {/providers/:providerId/builders, GET} route[39m[38;5;3m +0ms[39m
compose-api-dev-2   | api:dev: [32m[Nest] 186  - [39m03/24/2026, 12:06:00 PM [32m    LOG[39m [38;5;3m[RouterExplorer] [39m[32mMapped {/builders, GET} route[39m[38;5;3m +0ms[39m
compose-api-dev-2   | api:dev: [32m[Nest] 186  - [39m03/24/2026, 12:06:00 PM [32m    LOG[39m [38;5;3m[RouterExplorer] [39m[32mMapped {/builders/:id/schema, GET} route[39m[38;5;3m +0ms[39m
compose-api-dev-2   | api:dev: [32m[Nest] 186  - [39m03/24/2026, 12:06:00 PM [32m    LOG[39m [38;5;3m[RouterExplorer] [39m[32mMapped {/builders/:builderId/providers, GET} route[39m[38;5;3m +0ms[39m
compose-api-dev-2   | api:dev: [32m[Nest] 186  - [39m03/24/2026, 12:06:00 PM [32m    LOG[39m [38;5;3m[RouterExplorer] [39m[32mMapped {/providers/:providerId/validate, POST} route[39m[38;5;3m +0ms[39m
compose-api-dev-2   | api:dev: [32m[Nest] 186  - [39m03/24/2026, 12:06:00 PM [32m    LOG[39m [38;5;3m[RouterExplorer] [39m[32mMapped {/builders/:builderId/validate, POST} route[39m[38;5;3m +0ms[39m
compose-api-dev-2   | api:dev: [32m[Nest] 186  - [39m03/24/2026, 12:06:00 PM [32m    LOG[39m [38;5;3m[RoutesResolver] [39m[32mSystemMeshController {/}:[39m[38;5;3m +0ms[39m
compose-api-dev-2   | api:dev: [32m[Nest] 186  - [39m03/24/2026, 12:06:00 PM [32m    LOG[39m [38;5;3m[RouterExplorer] [39m[32mMapped {/core/mesh/node/local, GET} route[39m[38;5;3m +1ms[39m
compose-api-dev-2   | api:dev: [32m[Nest] 186  - [39m03/24/2026, 12:06:00 PM [32m    LOG[39m [38;5;3m[RouterExplorer] [39m[32mMapped {/core/mesh/peers, GET} route[39m[38;5;3m +0ms[39m
compose-api-dev-2   | api:dev: [32m[Nest] 186  - [39m03/24/2026, 12:06:00 PM [32m    LOG[39m [38;5;3m[RouterExplorer] [39m[32mMapped {/core/mesh/peers/sessions, GET} route[39m[38;5;3m +0ms[39m
compose-api-dev-2   | api:dev: [32m[Nest] 186  - [39m03/24/2026, 12:06:00 PM [32m    LOG[39m [38;5;3m[RouterExplorer] [39m[32mMapped {/core/mesh, GET} route[39m[38;5;3m +0ms[39m
compose-api-dev-2   | api:dev: [32m[Nest] 186  - [39m03/24/2026, 12:06:00 PM [32m    LOG[39m [38;5;3m[RouterExplorer] [39m[32mMapped {/core/mesh/streams/:id, GET} route[39m[38;5;3m +0ms[39m
compose-api-dev-2   | api:dev: [32m[Nest] 186  - [39m03/24/2026, 12:06:00 PM [32m    LOG[39m [38;5;3m[RouterExplorer] [39m[32mMapped {/core/mesh/streams/:id/subscribe, GET} route[39m[38;5;3m +0ms[39m
compose-api-dev-2   | api:dev: [32m[Nest] 186  - [39m03/24/2026, 12:06:00 PM [32m    LOG[39m [38;5;3m[RouterExplorer] [39m[32mMapped {/core/mesh/streams/plan, POST} route[39m[38;5;3m +0ms[39m
compose-api-dev-2   | api:dev: [32m[Nest] 186  - [39m03/24/2026, 12:06:00 PM [32m    LOG[39m [38;5;3m[RouterExplorer] [39m[32mMapped {/core/mesh/peers/connect, POST} route[39m[38;5;3m +0ms[39m
compose-api-dev-2   | api:dev: [32m[Nest] 186  - [39m03/24/2026, 12:06:00 PM [32m    LOG[39m [38;5;3m[RouterExplorer] [39m[32mMapped {/core/mesh/peers/:sessionId/disconnect, POST} route[39m[38;5;3m +0ms[39m
compose-api-dev-2   | api:dev: [32m[Nest] 186  - [39m03/24/2026, 12:06:00 PM [32m    LOG[39m [38;5;3m[RouterExplorer] [39m[32mMapped {/core/mesh/peers/:sessionId/heartbeat, POST} route[39m[38;5;3m +0ms[39m
compose-api-dev-2   | api:dev: [32m[Nest] 186  - [39m03/24/2026, 12:06:00 PM [32m    LOG[39m [38;5;3m[RouterExplorer] [39m[32mMapped {/core/mesh/membership/snapshot, GET} route[39m[38;5;3m +0ms[39m
compose-api-dev-2   | api:dev: [32m[Nest] 186  - [39m03/24/2026, 12:06:00 PM [32m    LOG[39m [38;5;3m[RouterExplorer] [39m[32mMapped {/core/mesh/membership/reconcile, POST} route[39m[38;5;3m +0ms[39m
compose-api-dev-2   | api:dev: [32m[Nest] 186  - [39m03/24/2026, 12:06:00 PM [32m    LOG[39m [38;5;3m[RouterExplorer] [39m[32mMapped {/core/mesh/topology/stream, GET} route[39m[38;5;3m +1ms[39m
compose-api-dev-2   | api:dev: [32m[Nest] 186  - [39m03/24/2026, 12:06:00 PM [32m    LOG[39m [38;5;3m[RouterExplorer] [39m[32mMapped {/core/mesh/events/stream, GET} route[39m[38;5;3m +0ms[39m
compose-api-dev-2   | api:dev: [32m[Nest] 186  - [39m03/24/2026, 12:06:00 PM [32m    LOG[39m [38;5;3m[RouterExplorer] [39m[32mMapped {/core/mesh/control/publish, POST} route[39m[38;5;3m +0ms[39m
compose-api-dev-2   | api:dev: [32m[Nest] 186  - [39m03/24/2026, 12:06:00 PM [32m    LOG[39m [38;5;3m[RouterExplorer] [39m[32mMapped {/core/mesh/session/stream, POST} route[39m[38;5;3m +0ms[39m
compose-api-dev-2   | api:dev: [32m[Nest] 186  - [39m03/24/2026, 12:06:00 PM [32m    LOG[39m [38;5;3m[RouterExplorer] [39m[32mMapped {/core/mesh/lookup, POST} route[39m[38;5;3m +0ms[39m
compose-api-dev-2   | api:dev: [32m[Nest] 186  - [39m03/24/2026, 12:06:00 PM [32m    LOG[39m [38;5;3m[RouterExplorer] [39m[32mMapped {/core/mesh/index/upsert, POST} route[39m[38;5;3m +0ms[39m
compose-api-dev-2   | api:dev: [32m[Nest] 186  - [39m03/24/2026, 12:06:00 PM [32m    LOG[39m [38;5;3m[RouterExplorer] [39m[32mMapped {/core/mesh/queue/partitions/plan, POST} route[39m[38;5;3m +0ms[39m
compose-api-dev-2   | api:dev: [32m[Nest] 186  - [39m03/24/2026, 12:06:00 PM [32m    LOG[39m [38;5;3m[RouterExplorer] [39m[32mMapped {/core/mesh/enrollment/grants/issue, POST} route[39m[38;5;3m +0ms[39m
compose-api-dev-2   | api:dev: [32m[Nest] 186  - [39m03/24/2026, 12:06:00 PM [32m    LOG[39m [38;5;3m[RouterExplorer] [39m[32mMapped {/core/mesh/enrollment/grants/consume, POST} route[39m[38;5;3m +0ms[39m
compose-api-dev-2   | api:dev: [32m[Nest] 186  - [39m03/24/2026, 12:06:00 PM [32m    LOG[39m [38;5;3m[RouterExplorer] [39m[32mMapped {/core/mesh/enrollment/grants/revoke, POST} route[39m[38;5;3m +0ms[39m
compose-api-dev-2   | api:dev: [32m[Nest] 186  - [39m03/24/2026, 12:06:00 PM [32m    LOG[39m [38;5;3m[RouterExplorer] [39m[32mMapped {/core/mesh/trust/keyring, GET} route[39m[38;5;3m +0ms[39m
compose-api-dev-2   | api:dev: [32m[Nest] 186  - [39m03/24/2026, 12:06:00 PM [32m    LOG[39m [38;5;3m[RouterExplorer] [39m[32mMapped {/core/mesh/trust/keyring/secrets, GET} route[39m[38;5;3m +0ms[39m
compose-api-dev-2   | api:dev: [32m[Nest] 186  - [39m03/24/2026, 12:06:00 PM [32m    LOG[39m [38;5;3m[RouterExplorer] [39m[32mMapped {/core/mesh/trust/keyring/rotate, POST} route[39m[38;5;3m +0ms[39m
compose-api-dev-2   | api:dev: [32m[Nest] 186  - [39m03/24/2026, 12:06:00 PM [32m    LOG[39m [38;5;3m[RouterExplorer] [39m[32mMapped {/core/mesh/trust/keyring/convergence, GET} route[39m[38;5;3m +0ms[39m
compose-api-dev-2   | api:dev: [32m[Nest] 186  - [39m03/24/2026, 12:06:00 PM [32m    LOG[39m [38;5;3m[RouterExplorer] [39m[32mMapped {/core/mesh/trust/strict/readiness, GET} route[39m[38;5;3m +0ms[39m
compose-api-dev-2   | api:dev: [32m[Nest] 186  - [39m03/24/2026, 12:06:00 PM [32m    LOG[39m [38;5;3m[RouterExplorer] [39m[32mMapped {/core/mesh/trust/strict/mode, POST} route[39m[38;5;3m +1ms[39m
compose-api-dev-2   | api:dev: [32m[Nest] 186  - [39m03/24/2026, 12:06:00 PM [32m    LOG[39m [38;5;3m[RouterExplorer] [39m[32mMapped {/core/mesh/trust/strict/rollout-plan, GET} route[39m[38;5;3m +0ms[39m
compose-api-dev-2   | api:dev: [32m[Nest] 186  - [39m03/24/2026, 12:06:00 PM [32m    LOG[39m [38;5;3m[RouterExplorer] [39m[32mMapped {/core/mesh/trust/strict/rollback, POST} route[39m[38;5;3m +0ms[39m
compose-api-dev-2   | api:dev: [32m[Nest] 186  - [39m03/24/2026, 12:06:00 PM [32m    LOG[39m [38;5;3m[RoutesResolver] [39m[32mSystemMeshSseController {/system/mesh}:[39m[38;5;3m +0ms[39m
compose-api-dev-2   | api:dev: [32m[Nest] 186  - [39m03/24/2026, 12:06:00 PM [32m    LOG[39m [38;5;3m[RouterExplorer] [39m[32mMapped {/system/mesh/events, GET} route[39m[38;5;3m +0ms[39m
compose-api-dev-2   | api:dev: [32m[Nest] 186  - [39m03/24/2026, 12:06:00 PM [32m    LOG[39m [38;5;3m[RoutesResolver] [39m[32mSystemFleetController {/}:[39m[38;5;3m +0ms[39m
compose-api-dev-2   | api:dev: [32m[Nest] 186  - [39m03/24/2026, 12:06:00 PM [32m    LOG[39m [38;5;3m[RouterExplorer] [39m[32mMapped {/core/fleet/servers, GET} route[39m[38;5;3m +0ms[39m
compose-api-dev-2   | api:dev: [32m[Nest] 186  - [39m03/24/2026, 12:06:00 PM [32m    LOG[39m [38;5;3m[RouterExplorer] [39m[32mMapped {/core/fleet/servers/capacity, POST} route[39m[38;5;3m +0ms[39m
compose-api-dev-2   | api:dev: [32m[Nest] 186  - [39m03/24/2026, 12:06:00 PM [32m    LOG[39m [38;5;3m[RouterExplorer] [39m[32mMapped {/core/fleet/allocations, GET} route[39m[38;5;3m +0ms[39m
compose-api-dev-2   | api:dev: [32m[Nest] 186  - [39m03/24/2026, 12:06:00 PM [32m    LOG[39m [38;5;3m[RouterExplorer] [39m[32mMapped {/core/fleet/allocations/me, GET} route[39m[38;5;3m +0ms[39m
compose-api-dev-2   | api:dev: [32m[Nest] 186  - [39m03/24/2026, 12:06:00 PM [32m    LOG[39m [38;5;3m[RouterExplorer] [39m[32mMapped {/core/fleet/allocations/upsert, POST} route[39m[38;5;3m +1ms[39m
compose-api-dev-2   | api:dev: [32m[Nest] 186  - [39m03/24/2026, 12:06:00 PM [32m    LOG[39m [38;5;3m[RouterExplorer] [39m[32mMapped {/core/fleet/allocations/me/admission-check, POST} route[39m[38;5;3m +0ms[39m
compose-api-dev-2   | api:dev: [32m[Nest] 186  - [39m03/24/2026, 12:06:00 PM [32m    LOG[39m [38;5;3m[RouterExplorer] [39m[32mMapped {/core/fleet/allocations/me/requests, POST} route[39m[38;5;3m +0ms[39m
compose-api-dev-2   | api:dev: [32m[Nest] 186  - [39m03/24/2026, 12:06:00 PM [32m    LOG[39m [38;5;3m[RouterExplorer] [39m[32mMapped {/core/fleet/allocations/me/requests, GET} route[39m[38;5;3m +0ms[39m
compose-api-dev-2   | api:dev: [32m[Nest] 186  - [39m03/24/2026, 12:06:00 PM [32m    LOG[39m [38;5;3m[RouterExplorer] [39m[32mMapped {/core/fleet/allocations/requests, GET} route[39m[38;5;3m +0ms[39m
compose-api-dev-2   | api:dev: [32m[Nest] 186  - [39m03/24/2026, 12:06:00 PM [32m    LOG[39m [38;5;3m[RouterExplorer] [39m[32mMapped {/core/fleet/allocations/requests/resolve, POST} route[39m[38;5;3m +0ms[39m
compose-api-dev-2   | api:dev: [32m[Nest] 186  - [39m03/24/2026, 12:06:00 PM [32m    LOG[39m [38;5;3m[RouterExplorer] [39m[32mMapped {/core/fleet/allocations/delete, POST} route[39m[38;5;3m +0ms[39m
compose-api-dev     | api:dev: [32m[Nest] 190  - [39m03/24/2026, 12:06:00 PM [32m    LOG[39m [38;5;3m[RoutesResolver] [39m[32mHealthController {/}:[39m[38;5;3m +7ms[39m
compose-api-dev     | api:dev: [32m[Nest] 190  - [39m03/24/2026, 12:06:00 PM [32m    LOG[39m [38;5;3m[RouterExplorer] [39m[32mMapped {/health, GET} route[39m[38;5;3m +1ms[39m
compose-api-dev     | api:dev: [32m[Nest] 190  - [39m03/24/2026, 12:06:00 PM [32m    LOG[39m [38;5;3m[RouterExplorer] [39m[32mMapped {/health/detailed, GET} route[39m[38;5;3m +0ms[39m
compose-api-dev     | api:dev: [32m[Nest] 190  - [39m03/24/2026, 12:06:00 PM [32m    LOG[39m [38;5;3m[RoutesResolver] [39m[32mUserController {/}:[39m[38;5;3m +0ms[39m
compose-api-dev     | api:dev: [32m[Nest] 190  - [39m03/24/2026, 12:06:00 PM [32m    LOG[39m [38;5;3m[RouterExplorer] [39m[32mMapped {/user, GET} route[39m[38;5;3m +1ms[39m
compose-api-dev     | api:dev: [32m[Nest] 190  - [39m03/24/2026, 12:06:00 PM [32m    LOG[39m [38;5;3m[RouterExplorer] [39m[32mMapped {/user/:id, GET} route[39m[38;5;3m +0ms[39m
compose-api-dev     | api:dev: [32m[Nest] 190  - [39m03/24/2026, 12:06:00 PM [32m    LOG[39m [38;5;3m[RouterExplorer] [39m[32mMapped {/user, POST} route[39m[38;5;3m +0ms[39m
compose-api-dev     | api:dev: [32m[Nest] 190  - [39m03/24/2026, 12:06:00 PM [32m    LOG[39m [38;5;3m[RouterExplorer] [39m[32mMapped {/user/:id, PUT} route[39m[38;5;3m +0ms[39m
compose-api-dev     | api:dev: [32m[Nest] 190  - [39m03/24/2026, 12:06:00 PM [32m    LOG[39m [38;5;3m[RouterExplorer] [39m[32mMapped {/user/:id, DELETE} route[39m[38;5;3m +1ms[39m
compose-api-dev     | api:dev: [32m[Nest] 190  - [39m03/24/2026, 12:06:00 PM [32m    LOG[39m [38;5;3m[RouterExplorer] [39m[32mMapped {/user/check/email, GET} route[39m[38;5;3m +0ms[39m
compose-api-dev     | api:dev: [32m[Nest] 190  - [39m03/24/2026, 12:06:00 PM [32m    LOG[39m [38;5;3m[RouterExplorer] [39m[32mMapped {/user/count, GET} route[39m[38;5;3m +0ms[39m
compose-api-dev     | api:dev: [32m[Nest] 190  - [39m03/24/2026, 12:06:00 PM [32m    LOG[39m [38;5;3m[RoutesResolver] [39m[32mPushController {/}:[39m[38;5;3m +0ms[39m
compose-api-dev     | api:dev: [32m[Nest] 190  - [39m03/24/2026, 12:06:00 PM [32m    LOG[39m [38;5;3m[RouterExplorer] [39m[32mMapped {/push/public-key, GET} route[39m[38;5;3m +0ms[39m
compose-api-dev     | api:dev: [32m[Nest] 190  - [39m03/24/2026, 12:06:00 PM [32m    LOG[39m [38;5;3m[RouterExplorer] [39m[32mMapped {/push/subscribe, POST} route[39m[38;5;3m +0ms[39m
compose-api-dev     | api:dev: [32m[Nest] 190  - [39m03/24/2026, 12:06:00 PM [32m    LOG[39m [38;5;3m[RouterExplorer] [39m[32mMapped {/push/unsubscribe, POST} route[39m[38;5;3m +0ms[39m
compose-api-dev     | api:dev: [32m[Nest] 190  - [39m03/24/2026, 12:06:00 PM [32m    LOG[39m [38;5;3m[RouterExplorer] [39m[32mMapped {/push/subscriptions, GET} route[39m[38;5;3m +1ms[39m
compose-api-dev     | api:dev: [32m[Nest] 190  - [39m03/24/2026, 12:06:00 PM [32m    LOG[39m [38;5;3m[RouterExplorer] [39m[32mMapped {/push/test, POST} route[39m[38;5;3m +0ms[39m
compose-api-dev     | api:dev: [32m[Nest] 190  - [39m03/24/2026, 12:06:00 PM [32m    LOG[39m [38;5;3m[RouterExplorer] [39m[32mMapped {/push/stats, GET} route[39m[38;5;3m +0ms[39m
compose-api-dev     | api:dev: [32m[Nest] 190  - [39m03/24/2026, 12:06:00 PM [32m    LOG[39m [38;5;3m[RoutesResolver] [39m[32mTestController {/}:[39m[38;5;3m +0ms[39m
compose-api-dev     | api:dev: [32m[Nest] 190  - [39m03/24/2026, 12:06:00 PM [32m    LOG[39m [38;5;3m[RouterExplorer] [39m[32mMapped {/test/public, GET} route[39m[38;5;3m +0ms[39m
compose-api-dev     | api:dev: [32m[Nest] 190  - [39m03/24/2026, 12:06:00 PM [32m    LOG[39m [38;5;3m[RouterExplorer] [39m[32mMapped {/test/authenticated, GET} route[39m[38;5;3m +1ms[39m
compose-api-dev     | api:dev: [32m[Nest] 190  - [39m03/24/2026, 12:06:00 PM [32m    LOG[39m [38;5;3m[RouterExplorer] [39m[32mMapped {/test/optional-auth, GET} route[39m[38;5;3m +0ms[39m
compose-api-dev     | api:dev: [32m[Nest] 190  - [39m03/24/2026, 12:06:00 PM [32m    LOG[39m [38;5;3m[RouterExplorer] [39m[32mMapped {/test/admin/role, GET} route[39m[38;5;3m +0ms[39m
compose-api-dev     | api:dev: [32m[Nest] 190  - [39m03/24/2026, 12:06:00 PM [32m    LOG[39m [38;5;3m[RouterExplorer] [39m[32mMapped {/test/admin/permission, GET} route[39m[38;5;3m +0ms[39m
compose-api-dev     | api:dev: [32m[Nest] 190  - [39m03/24/2026, 12:06:00 PM [32m    LOG[39m [38;5;3m[RouterExplorer] [39m[32mMapped {/test/org/:organizationId, GET} route[39m[38;5;3m +0ms[39m
compose-api-dev     | api:dev: [32m[Nest] 190  - [39m03/24/2026, 12:06:00 PM [32m    LOG[39m [38;5;3m[RouterExplorer] [39m[32mMapped {/test/org/:organizationId/owner, GET} route[39m[38;5;3m +0ms[39m
compose-api-dev     | api:dev: [32m[Nest] 190  - [39m03/24/2026, 12:06:00 PM [32m    LOG[39m [38;5;3m[RouterExplorer] [39m[32mMapped {/test/composite/admin, GET} route[39m[38;5;3m +1ms[39m
compose-api-dev     | api:dev: [32m[Nest] 190  - [39m03/24/2026, 12:06:00 PM [32m    LOG[39m [38;5;3m[RouterExplorer] [39m[32mMapped {/test/orpc/public, GET} route[39m[38;5;3m +0ms[39m
compose-api-dev     | api:dev: [32m[Nest] 190  - [39m03/24/2026, 12:06:00 PM [32m    LOG[39m [38;5;3m[RouterExplorer] [39m[32mMapped {/test/orpc/authenticated, GET} route[39m[38;5;3m +0ms[39m
compose-api-dev     | api:dev: [32m[Nest] 190  - [39m03/24/2026, 12:06:00 PM [32m    LOG[39m [38;5;3m[RouterExplorer] [39m[32mMapped {/test/orpc/optional-auth, GET} route[39m[38;5;3m +0ms[39m
compose-api-dev     | api:dev: [32m[Nest] 190  - [39m03/24/2026, 12:06:00 PM [32m    LOG[39m [38;5;3m[RouterExplorer] [39m[32mMapped {/test/orpc/admin/role, GET} route[39m[38;5;3m +0ms[39m
compose-api-dev     | api:dev: [32m[Nest] 190  - [39m03/24/2026, 12:06:00 PM [32m    LOG[39m [38;5;3m[RouterExplorer] [39m[32mMapped {/test/orpc/admin/permission, GET} route[39m[38;5;3m +0ms[39m
compose-api-dev     | api:dev: [32m[Nest] 190  - [39m03/24/2026, 12:06:00 PM [32m    LOG[39m [38;5;3m[RouterExplorer] [39m[32mMapped {/test/orpc/admin/dynamic-permission, POST} route[39m[38;5;3m +0ms[39m
compose-api-dev     | api:dev: [32m[Nest] 190  - [39m03/24/2026, 12:06:00 PM [32m    LOG[39m [38;5;3m[RouterExplorer] [39m[32mMapped {/test/orpc/org/membership/static, GET} route[39m[38;5;3m +0ms[39m
compose-api-dev     | api:dev: [32m[Nest] 190  - [39m03/24/2026, 12:06:00 PM [32m    LOG[39m [38;5;3m[RouterExplorer] [39m[32mMapped {/test/orpc/org/:organizationId/membership, GET} route[39m[38;5;3m +1ms[39m
compose-api-dev     | api:dev: [32m[Nest] 190  - [39m03/24/2026, 12:06:00 PM [32m    LOG[39m [38;5;3m[RouterExplorer] [39m[32mMapped {/test/orpc/org/:organizationId/role, GET} route[39m[38;5;3m +0ms[39m
compose-api-dev     | api:dev: [32m[Nest] 190  - [39m03/24/2026, 12:06:00 PM [32m    LOG[39m [38;5;3m[RouterExplorer] [39m[32mMapped {/test/orpc/org/:organizationId/owner, GET} route[39m[38;5;3m +0ms[39m
compose-api-dev     | api:dev: [32m[Nest] 190  - [39m03/24/2026, 12:06:00 PM [32m    LOG[39m [38;5;3m[RouterExplorer] [39m[32mMapped {/test/orpc/org/permission, GET} route[39m[38;5;3m +0ms[39m
compose-api-dev     | api:dev: [32m[Nest] 190  - [39m03/24/2026, 12:06:00 PM [32m    LOG[39m [38;5;3m[RouterExplorer] [39m[32mMapped {/test/orpc/composite/admin, GET} route[39m[38;5;3m +0ms[39m
compose-api-dev     | api:dev: [32m[Nest] 190  - [39m03/24/2026, 12:06:00 PM [32m    LOG[39m [38;5;3m[RouterExplorer] [39m[32mMapped {/test/orpc/context-access/:organizationId, GET} route[39m[38;5;3m +1ms[39m
compose-api-dev     | api:dev: [32m[Nest] 190  - [39m03/24/2026, 12:06:00 PM [32m    LOG[39m [38;5;3m[RoutesResolver] [39m[32mSetupController {/}:[39m[38;5;3m +0ms[39m
compose-api-dev     | api:dev: [32m[Nest] 190  - [39m03/24/2026, 12:06:00 PM [32m    LOG[39m [38;5;3m[RouterExplorer] [39m[32mMapped {/setup/status, GET} route[39m[38;5;3m +0ms[39m
compose-api-dev     | api:dev: [32m[Nest] 190  - [39m03/24/2026, 12:06:00 PM [32m    LOG[39m [38;5;3m[RouterExplorer] [39m[32mMapped {/setup/state-machine, GET} route[39m[38;5;3m +0ms[39m
compose-api-dev     | api:dev: [32m[Nest] 190  - [39m03/24/2026, 12:06:00 PM [32m    LOG[39m [38;5;3m[RouterExplorer] [39m[32mMapped {/setup/initialize, POST} route[39m[38;5;3m +0ms[39m
compose-api-dev     | api:dev: [32m[Nest] 190  - [39m03/24/2026, 12:06:00 PM [32m    LOG[39m [38;5;3m[RouterExplorer] [39m[32mMapped {/setup/configure-database, POST} route[39m[38;5;3m +0ms[39m
compose-api-dev     | api:dev: [32m[Nest] 190  - [39m03/24/2026, 12:06:00 PM [32m    LOG[39m [38;5;3m[RouterExplorer] [39m[32mMapped {/setup/node-status, GET} route[39m[38;5;3m +0ms[39m
compose-api-dev     | api:dev: [32m[Nest] 190  - [39m03/24/2026, 12:06:00 PM [32m    LOG[39m [38;5;3m[RoutesResolver] [39m[32mOrganizationController {/}:[39m[38;5;3m +0ms[39m
compose-api-dev     | api:dev: [32m[Nest] 190  - [39m03/24/2026, 12:06:00 PM [32m    LOG[39m [38;5;3m[RouterExplorer] [39m[32mMapped {/organization/admin, GET} route[39m[38;5;3m +1ms[39m
compose-api-dev     | api:dev: [32m[Nest] 190  - [39m03/24/2026, 12:06:00 PM [32m    LOG[39m [38;5;3m[RouterExplorer] [39m[32mMapped {/organization/admin, GET} route[39m[38;5;3m +0ms[39m
compose-api-dev     | api:dev: [32m[Nest] 190  - [39m03/24/2026, 12:06:00 PM [32m    LOG[39m [38;5;3m[RoutesResolver] [39m[32mProjectController {/}:[39m[38;5;3m +0ms[39m
compose-api-dev     | api:dev: [32m[Nest] 190  - [39m03/24/2026, 12:06:00 PM [32m    LOG[39m [38;5;3m[RouterExplorer] [39m[32mMapped {/projects, GET} route[39m[38;5;3m +0ms[39m
compose-api-dev     | api:dev: [32m[Nest] 190  - [39m03/24/2026, 12:06:00 PM [32m    LOG[39m [38;5;3m[RouterExplorer] [39m[32mMapped {/projects/:id, GET} route[39m[38;5;3m +0ms[39m
compose-api-dev     | api:dev: [32m[Nest] 190  - [39m03/24/2026, 12:06:00 PM [32m    LOG[39m [38;5;3m[RouterExplorer] [39m[32mMapped {/projects, POST} route[39m[38;5;3m +0ms[39m
compose-api-dev     | api:dev: [32m[Nest] 190  - [39m03/24/2026, 12:06:00 PM [32m    LOG[39m [38;5;3m[RouterExplorer] [39m[32mMapped {/projects/:id, PUT} route[39m[38;5;3m +0ms[39m
compose-api-dev     | api:dev: [32m[Nest] 190  - [39m03/24/2026, 12:06:00 PM [32m    LOG[39m [38;5;3m[RouterExplorer] [39m[32mMapped {/projects/:id, DELETE} route[39m[38;5;3m +0ms[39m
compose-api-dev     | api:dev: [32m[Nest] 190  - [39m03/24/2026, 12:06:00 PM [32m    LOG[39m [38;5;3m[RouterExplorer] [39m[32mMapped {/projects/:id/collaborators, GET} route[39m[38;5;3m +1ms[39m
compose-api-dev     | api:dev: [32m[Nest] 190  - [39m03/24/2026, 12:06:00 PM [32m    LOG[39m [38;5;3m[RouterExplorer] [39m[32mMapped {/projects/:id/collaborators, POST} route[39m[38;5;3m +0ms[39m
compose-api-dev     | api:dev: [32m[Nest] 190  - [39m03/24/2026, 12:06:00 PM [32m    LOG[39m [38;5;3m[RouterExplorer] [39m[32mMapped {/projects/:id/collaborators/:userId, PUT} route[39m[38;5;3m +0ms[39m
compose-api-dev     | api:dev: [32m[Nest] 190  - [39m03/24/2026, 12:06:00 PM [32m    LOG[39m [38;5;3m[RouterExplorer] [39m[32mMapped {/projects/:id/collaborators/:userId, DELETE} route[39m[38;5;3m +0ms[39m
compose-api-dev     | api:dev: [32m[Nest] 190  - [39m03/24/2026, 12:06:00 PM [32m    LOG[39m [38;5;3m[RouterExplorer] [39m[32mMapped {/projects/:id/environments, GET} route[39m[38;5;3m +0ms[39m
compose-api-dev     | api:dev: [32m[Nest] 190  - [39m03/24/2026, 12:06:00 PM [32m    LOG[39m [38;5;3m[RouterExplorer] [39m[32mMapped {/projects/:id/environments/:environmentId, GET} route[39m[38;5;3m +0ms[39m
compose-api-dev     | api:dev: [32m[Nest] 190  - [39m03/24/2026, 12:06:00 PM [32m    LOG[39m [38;5;3m[RouterExplorer] [39m[32mMapped {/projects/:id/environments, POST} route[39m[38;5;3m +0ms[39m
compose-api-dev     | api:dev: [32m[Nest] 190  - [39m03/24/2026, 12:06:00 PM [32m    LOG[39m [38;5;3m[RouterExplorer] [39m[32mMapped {/projects/:id/environments/:environmentId, PUT} route[39m[38;5;3m +0ms[39m
compose-api-dev     | api:dev: [32m[Nest] 190  - [39m03/24/2026, 12:06:00 PM [32m    LOG[39m [38;5;3m[RouterExplorer] [39m[32mMapped {/projects/:id/environments/:environmentId, DELETE} route[39m[38;5;3m +0ms[39m
compose-api-dev     | api:dev: [32m[Nest] 190  - [39m03/24/2026, 12:06:00 PM [32m    LOG[39m [38;5;3m[RouterExplorer] [39m[32mMapped {/projects/:id/environments/:environmentId/clone, POST} route[39m[38;5;3m +1ms[39m
compose-api-dev     | api:dev: [32m[Nest] 190  - [39m03/24/2026, 12:06:00 PM [32m    LOG[39m [38;5;3m[RouterExplorer] [39m[32mMapped {/projects/:id/variable-templates, GET} route[39m[38;5;3m +0ms[39m
compose-api-dev     | api:dev: [32m[Nest] 190  - [39m03/24/2026, 12:06:00 PM [32m    LOG[39m [38;5;3m[RouterExplorer] [39m[32mMapped {/projects/:id/variable-templates/:templateId, GET} route[39m[38;5;3m +0ms[39m
compose-api-dev     | api:dev: [32m[Nest] 190  - [39m03/24/2026, 12:06:00 PM [32m    LOG[39m [38;5;3m[RouterExplorer] [39m[32mMapped {/projects/:id/variable-templates, POST} route[39m[38;5;3m +0ms[39m
compose-api-dev     | api:dev: [32m[Nest] 190  - [39m03/24/2026, 12:06:00 PM [32m    LOG[39m [38;5;3m[RouterExplorer] [39m[32mMapped {/projects/:id/variable-templates/:templateId, PUT} route[39m[38;5;3m +0ms[39m
compose-api-dev     | api:dev: [32m[Nest] 190  - [39m03/24/2026, 12:06:00 PM [32m    LOG[39m [38;5;3m[RouterExplorer] [39m[32mMapped {/projects/:id/variable-templates/:templateId, DELETE} route[39m[38;5;3m +0ms[39m
compose-api-dev     | api:dev: [32m[Nest] 190  - [39m03/24/2026, 12:06:00 PM [32m    LOG[39m [38;5;3m[RouterExplorer] [39m[32mMapped {/projects/:id/config/general, GET} route[39m[38;5;3m +0ms[39m
compose-api-dev     | api:dev: [32m[Nest] 190  - [39m03/24/2026, 12:06:00 PM [32m    LOG[39m [38;5;3m[RouterExplorer] [39m[32mMapped {/projects/:id/config/general, PUT} route[39m[38;5;3m +0ms[39m
compose-api-dev     | api:dev: [32m[Nest] 190  - [39m03/24/2026, 12:06:00 PM [32m    LOG[39m [38;5;3m[RouterExplorer] [39m[32mMapped {/projects/:id/config/environment, GET} route[39m[38;5;3m +0ms[39m
compose-api-dev     | api:dev: [32m[Nest] 190  - [39m03/24/2026, 12:06:00 PM [32m    LOG[39m [38;5;3m[RouterExplorer] [39m[32mMapped {/projects/:id/config/environment, PUT} route[39m[38;5;3m +0ms[39m
compose-api-dev     | api:dev: [32m[Nest] 190  - [39m03/24/2026, 12:06:00 PM [32m    LOG[39m [38;5;3m[RouterExplorer] [39m[32mMapped {/projects/:id/config/deployment, GET} route[39m[38;5;3m +1ms[39m
compose-api-dev     | api:dev: [32m[Nest] 190  - [39m03/24/2026, 12:06:00 PM [32m    LOG[39m [38;5;3m[RouterExplorer] [39m[32mMapped {/projects/:id/config/deployment, PUT} route[39m[38;5;3m +0ms[39m
compose-api-dev     | api:dev: [32m[Nest] 190  - [39m03/24/2026, 12:06:00 PM [32m    LOG[39m [38;5;3m[RouterExplorer] [39m[32mMapped {/projects/:id/config/security, GET} route[39m[38;5;3m +0ms[39m
compose-api-dev     | api:dev: [32m[Nest] 190  - [39m03/24/2026, 12:06:00 PM [32m    LOG[39m [38;5;3m[RouterExplorer] [39m[32mMapped {/projects/:id/config/security, PUT} route[39m[38;5;3m +0ms[39m
compose-api-dev     | api:dev: [32m[Nest] 190  - [39m03/24/2026, 12:06:00 PM [32m    LOG[39m [38;5;3m[RouterExplorer] [39m[32mMapped {/projects/:id/config/resource, GET} route[39m[38;5;3m +0ms[39m
compose-api-dev     | api:dev: [32m[Nest] 190  - [39m03/24/2026, 12:06:00 PM [32m    LOG[39m [38;5;3m[RouterExplorer] [39m[32mMapped {/projects/:id/config/resource, PUT} route[39m[38;5;3m +0ms[39m
compose-api-dev     | api:dev: [32m[Nest] 190  - [39m03/24/2026, 12:06:00 PM [32m    LOG[39m [38;5;3m[RouterExplorer] [39m[32mMapped {/projects/:id/config/notification, GET} route[39m[38;5;3m +0ms[39m
compose-api-dev     | api:dev: [32m[Nest] 190  - [39m03/24/2026, 12:06:00 PM [32m    LOG[39m [38;5;3m[RouterExplorer] [39m[32mMapped {/projects/:id/config/notification, PUT} route[39m[38;5;3m +0ms[39m
compose-api-dev     | api:dev: [32m[Nest] 190  - [39m03/24/2026, 12:06:00 PM [32m    LOG[39m [38;5;3m[RouterExplorer] [39m[32mMapped {/projects/:id/resolve-variables, POST} route[39m[38;5;3m +0ms[39m
compose-api-dev     | api:dev: [32m[Nest] 190  - [39m03/24/2026, 12:06:00 PM [32m    LOG[39m [38;5;3m[RouterExplorer] [39m[32mMapped {/projects/:id/available-variables, GET} route[39m[38;5;3m +0ms[39m
compose-api-dev     | api:dev: [32m[Nest] 190  - [39m03/24/2026, 12:06:00 PM [32m    LOG[39m [38;5;3m[RouterExplorer] [39m[32mMapped {/projects/:id/environments/:environmentId/status, GET} route[39m[38;5;3m +0ms[39m
compose-api-dev     | api:dev: [32m[Nest] 190  - [39m03/24/2026, 12:06:00 PM [32m    LOG[39m [38;5;3m[RouterExplorer] [39m[32mMapped {/projects/:id/environments/statuses, GET} route[39m[38;5;3m +1ms[39m
compose-api-dev     | api:dev: [32m[Nest] 190  - [39m03/24/2026, 12:06:00 PM [32m    LOG[39m [38;5;3m[RouterExplorer] [39m[32mMapped {/projects/:id/environments/:environmentId/status/refresh, POST} route[39m[38;5;3m +0ms[39m
compose-api-dev     | api:dev: [32m[Nest] 190  - [39m03/24/2026, 12:06:00 PM [32m    LOG[39m [38;5;3m[RouterExplorer] [39m[32mMapped {/projects/stream/query, GET} route[39m[38;5;3m +0ms[39m
compose-api-dev     | api:dev: [32m[Nest] 190  - [39m03/24/2026, 12:06:00 PM [32m    LOG[39m [38;5;3m[RoutesResolver] [39m[32mServiceController {/}:[39m[38;5;3m +0ms[39m
compose-api-dev     | api:dev: [32m[Nest] 190  - [39m03/24/2026, 12:06:00 PM [32m    LOG[39m [38;5;3m[RouterExplorer] [39m[32mMapped {/services, GET} route[39m[38;5;3m +0ms[39m
compose-api-dev     | api:dev: [32m[Nest] 190  - [39m03/24/2026, 12:06:00 PM [32m    LOG[39m [38;5;3m[RouterExplorer] [39m[32mMapped {/services/:id, GET} route[39m[38;5;3m +0ms[39m
compose-api-dev     | api:dev: [32m[Nest] 190  - [39m03/24/2026, 12:06:00 PM [32m    LOG[39m [38;5;3m[RouterExplorer] [39m[32mMapped {/services, POST} route[39m[38;5;3m +0ms[39m
compose-api-dev     | api:dev: [32m[Nest] 190  - [39m03/24/2026, 12:06:00 PM [32m    LOG[39m [38;5;3m[RouterExplorer] [39m[32mMapped {/services/:id, PUT} route[39m[38;5;3m +0ms[39m
compose-api-dev     | api:dev: [32m[Nest] 190  - [39m03/24/2026, 12:06:00 PM [32m    LOG[39m [38;5;3m[RouterExplorer] [39m[32mMapped {/services/:id, DELETE} route[39m[38;5;3m +0ms[39m
compose-api-dev     | api:dev: [32m[Nest] 190  - [39m03/24/2026, 12:06:00 PM [32m    LOG[39m [38;5;3m[RouterExplorer] [39m[32mMapped {/services/:id/toggle-active, PATCH} route[39m[38;5;3m +0ms[39m
compose-api-dev     | api:dev: [32m[Nest] 190  - [39m03/24/2026, 12:06:00 PM [32m    LOG[39m [38;5;3m[RouterExplorer] [39m[32mMapped {/services/:id/dependencies, GET} route[39m[38;5;3m +1ms[39m
compose-api-dev     | api:dev: [32m[Nest] 190  - [39m03/24/2026, 12:06:00 PM [32m    LOG[39m [38;5;3m[RouterExplorer] [39m[32mMapped {/services/:id/dependencies, POST} route[39m[38;5;3m +0ms[39m
compose-api-dev     | api:dev: [32m[Nest] 190  - [39m03/24/2026, 12:06:00 PM [32m    LOG[39m [38;5;3m[RouterExplorer] [39m[32mMapped {/services/:id/dependencies/:dependencyId, DELETE} route[39m[38;5;3m +0ms[39m
compose-api-dev     | api:dev: [32m[Nest] 190  - [39m03/24/2026, 12:06:00 PM [32m    LOG[39m [38;5;3m[RouterExplorer] [39m[32mMapped {/services/stream/query, GET} route[39m[38;5;3m +0ms[39m
compose-api-dev     | api:dev: [32m[Nest] 190  - [39m03/24/2026, 12:06:00 PM [32m    LOG[39m [38;5;3m[RoutesResolver] [39m[32mDeploymentController {/}:[39m[38;5;3m +0ms[39m
compose-api-dev     | api:dev: [32m[Nest] 190  - [39m03/24/2026, 12:06:00 PM [32m    LOG[39m [38;5;3m[RouterExplorer] [39m[32mMapped {/deployments, GET} route[39m[38;5;3m +0ms[39m
compose-api-dev     | api:dev: [32m[Nest] 190  - [39m03/24/2026, 12:06:00 PM [32m    LOG[39m [38;5;3m[RouterExplorer] [39m[32mMapped {/deployments/:id, GET} route[39m[38;5;3m +0ms[39m
compose-api-dev     | api:dev: [32m[Nest] 190  - [39m03/24/2026, 12:06:00 PM [32m    LOG[39m [38;5;3m[RouterExplorer] [39m[32mMapped {/deployments/trigger, POST} route[39m[38;5;3m +0ms[39m
compose-api-dev     | api:dev: [32m[Nest] 190  - [39m03/24/2026, 12:06:00 PM [32m    LOG[39m [38;5;3m[RouterExplorer] [39m[32mMapped {/deployments/upload-bundle, POST} route[39m[38;5;3m +0ms[39m
compose-api-dev     | api:dev: [32m[Nest] 190  - [39m03/24/2026, 12:06:00 PM [32m    LOG[39m [38;5;3m[RouterExplorer] [39m[32mMapped {/deployments/:id/cancel, POST} route[39m[38;5;3m +0ms[39m
compose-api-dev     | api:dev: [32m[Nest] 190  - [39m03/24/2026, 12:06:00 PM [32m    LOG[39m [38;5;3m[RouterExplorer] [39m[32mMapped {/deployments/:id/rollback, POST} route[39m[38;5;3m +0ms[39m
compose-api-dev     | api:dev: [32m[Nest] 190  - [39m03/24/2026, 12:06:00 PM [32m    LOG[39m [38;5;3m[RouterExplorer] [39m[32mMapped {/deployments/:id/logs, GET} route[39m[38;5;3m +0ms[39m
compose-api-dev     | api:dev: [32m[Nest] 190  - [39m03/24/2026, 12:06:00 PM [32m    LOG[39m [38;5;3m[RouterExplorer] [39m[32mMapped {/deployments/:id/retry, POST} route[39m[38;5;3m +1ms[39m
compose-api-dev     | api:dev: [32m[Nest] 190  - [39m03/24/2026, 12:06:00 PM [32m    LOG[39m [38;5;3m[RouterExplorer] [39m[32mMapped {/deployments/:id/rollbacks, GET} route[39m[38;5;3m +0ms[39m
compose-api-dev     | api:dev: [32m[Nest] 190  - [39m03/24/2026, 12:06:00 PM [32m    LOG[39m [38;5;3m[RouterExplorer] [39m[32mMapped {/deployments/:id/stream, GET} route[39m[38;5;3m +0ms[39m
compose-api-dev     | api:dev: [32m[Nest] 190  - [39m03/24/2026, 12:06:00 PM [32m    LOG[39m [38;5;3m[RouterExplorer] [39m[32mMapped {/deployments/internal/:id/stream, GET} route[39m[38;5;3m +0ms[39m
compose-api-dev     | api:dev: [32m[Nest] 190  - [39m03/24/2026, 12:06:00 PM [32m    LOG[39m [38;5;3m[RouterExplorer] [39m[32mMapped {/deployments/services/:serviceId/stream, GET} route[39m[38;5;3m +0ms[39m
compose-api-dev     | api:dev: [32m[Nest] 190  - [39m03/24/2026, 12:06:00 PM [32m    LOG[39m [38;5;3m[RouterExplorer] [39m[32mMapped {/deployments/stream/query, GET} route[39m[38;5;3m +0ms[39m
compose-api-dev     | api:dev: [32m[Nest] 190  - [39m03/24/2026, 12:06:00 PM [32m    LOG[39m [38;5;3m[RouterExplorer] [39m[32mMapped {/deployments, GET} route[39m[38;5;3m +0ms[39m
compose-api-dev     | api:dev: [32m[Nest] 190  - [39m03/24/2026, 12:06:00 PM [32m    LOG[39m [38;5;3m[RouterExplorer] [39m[32mMapped {/deployments/:id, GET} route[39m[38;5;3m +0ms[39m
compose-api-dev     | api:dev: [32m[Nest] 190  - [39m03/24/2026, 12:06:00 PM [32m    LOG[39m [38;5;3m[RouterExplorer] [39m[32mMapped {/deployments/:id/template-provenance, GET} route[39m[38;5;3m +0ms[39m
compose-api-dev     | api:dev: [32m[Nest] 190  - [39m03/24/2026, 12:06:00 PM [32m    LOG[39m [38;5;3m[RouterExplorer] [39m[32mMapped {/deployments/:id/template-provenance, PUT} route[39m[38;5;3m +0ms[39m
compose-api-dev     | api:dev: [32m[Nest] 190  - [39m03/24/2026, 12:06:00 PM [32m    LOG[39m [38;5;3m[RouterExplorer] [39m[32mMapped {/deployments/runs/:runId/template-provenance, GET} route[39m[38;5;3m +0ms[39m
compose-api-dev     | api:dev: [32m[Nest] 190  - [39m03/24/2026, 12:06:00 PM [32m    LOG[39m [38;5;3m[RouterExplorer] [39m[32mMapped {/deployments/:id/compiled-plan-snapshots, POST} route[39m[38;5;3m +1ms[39m
compose-api-dev     | api:dev: [32m[Nest] 190  - [39m03/24/2026, 12:06:00 PM [32m    LOG[39m [38;5;3m[RouterExplorer] [39m[32mMapped {/deployments/:id/compiled-plan-snapshots, GET} route[39m[38;5;3m +0ms[39m
compose-api-dev     | api:dev: [32m[Nest] 190  - [39m03/24/2026, 12:06:00 PM [32m    LOG[39m [38;5;3m[RouterExplorer] [39m[32mMapped {/deployments/compiled-plan-snapshots/:snapshotId, GET} route[39m[38;5;3m +0ms[39m
compose-api-dev     | api:dev: [32m[Nest] 190  - [39m03/24/2026, 12:06:00 PM [32m    LOG[39m [38;5;3m[RouterExplorer] [39m[32mMapped {/deployments/runs/:runId/compiled-plan-snapshot, GET} route[39m[38;5;3m +0ms[39m
compose-api-dev     | api:dev: [32m[Nest] 190  - [39m03/24/2026, 12:06:00 PM [32m    LOG[39m [38;5;3m[RouterExplorer] [39m[32mMapped {/deployments/compile-plan, POST} route[39m[38;5;3m +0ms[39m
compose-api-dev     | api:dev: [32m[Nest] 190  - [39m03/24/2026, 12:06:00 PM [32m    LOG[39m [38;5;3m[RouterExplorer] [39m[32mMapped {/deployments/compile-plan/preview, POST} route[39m[38;5;3m +0ms[39m
compose-api-dev     | api:dev: [32m[Nest] 190  - [39m03/24/2026, 12:06:00 PM [32m    LOG[39m [38;5;3m[RouterExplorer] [39m[32mMapped {/deployments/compile-plan/rollback-edges, POST} route[39m[38;5;3m +0ms[39m
compose-api-dev     | api:dev: [32m[Nest] 190  - [39m03/24/2026, 12:06:00 PM [32m    LOG[39m [38;5;3m[RouterExplorer] [39m[32mMapped {/deployments/queue/jobs, POST} route[39m[38;5;3m +0ms[39m
compose-api-dev     | api:dev: [32m[Nest] 190  - [39m03/24/2026, 12:06:00 PM [32m    LOG[39m [38;5;3m[RouterExplorer] [39m[32mMapped {/deployments/queue/jobs/claim, POST} route[39m[38;5;3m +0ms[39m
compose-api-dev     | api:dev: [32m[Nest] 190  - [39m03/24/2026, 12:06:00 PM [32m    LOG[39m [38;5;3m[RouterExplorer] [39m[32mMapped {/deployments/queue/jobs/:jobId/heartbeat, POST} route[39m[38;5;3m +0ms[39m
compose-api-dev     | api:dev: [32m[Nest] 190  - [39m03/24/2026, 12:06:00 PM [32m    LOG[39m [38;5;3m[RouterExplorer] [39m[32mMapped {/deployments/queue/jobs/:jobId/complete, POST} route[39m[38;5;3m +1ms[39m
compose-api-dev     | api:dev: [32m[Nest] 190  - [39m03/24/2026, 12:06:00 PM [32m    LOG[39m [38;5;3m[RouterExplorer] [39m[32mMapped {/deployments/queue/jobs/:jobId/fail, POST} route[39m[38;5;3m +0ms[39m
compose-api-dev     | api:dev: [32m[Nest] 190  - [39m03/24/2026, 12:06:00 PM [32m    LOG[39m [38;5;3m[RouterExplorer] [39m[32mMapped {/deployments/queue/jobs/:jobId, GET} route[39m[38;5;3m +0ms[39m
compose-api-dev     | api:dev: [32m[Nest] 190  - [39m03/24/2026, 12:06:00 PM [32m    LOG[39m [38;5;3m[RouterExplorer] [39m[32mMapped {/deployments/queue/jobs, GET} route[39m[38;5;3m +0ms[39m
compose-api-dev     | api:dev: [32m[Nest] 190  - [39m03/24/2026, 12:06:00 PM [32m    LOG[39m [38;5;3m[RouterExplorer] [39m[32mMapped {/deployments/queue/dead-letter, GET} route[39m[38;5;3m +0ms[39m
compose-api-dev     | api:dev: [32m[Nest] 190  - [39m03/24/2026, 12:06:00 PM [32m    LOG[39m [38;5;3m[RouterExplorer] [39m[32mMapped {/deployments/queue/dead-letter/:deadLetterJobId, GET} route[39m[38;5;3m +0ms[39m
compose-api-dev     | api:dev: [32m[Nest] 190  - [39m03/24/2026, 12:06:00 PM [32m    LOG[39m [38;5;3m[RouterExplorer] [39m[32mMapped {/deployments/queue/dead-letter/replay, POST} route[39m[38;5;3m +0ms[39m
compose-api-dev     | api:dev: [32m[Nest] 190  - [39m03/24/2026, 12:06:00 PM [32m    LOG[39m [38;5;3m[RouterExplorer] [39m[32mMapped {/deployments/retry-policies, GET} route[39m[38;5;3m +0ms[39m
compose-api-dev     | api:dev: [32m[Nest] 190  - [39m03/24/2026, 12:06:00 PM [32m    LOG[39m [38;5;3m[RouterExplorer] [39m[32mMapped {/deployments/retry-policies/resolve, POST} route[39m[38;5;3m +0ms[39m
compose-api-dev     | api:dev: [32m[Nest] 190  - [39m03/24/2026, 12:06:00 PM [32m    LOG[39m [38;5;3m[RouterExplorer] [39m[32mMapped {/deployments/:id/execution/cancel, POST} route[39m[38;5;3m +0ms[39m
compose-api-dev     | api:dev: [32m[Nest] 190  - [39m03/24/2026, 12:06:00 PM [32m    LOG[39m [38;5;3m[RouterExplorer] [39m[32mMapped {/deployments/:id/execution/resume, POST} route[39m[38;5;3m +0ms[39m
compose-api-dev     | api:dev: [32m[Nest] 190  - [39m03/24/2026, 12:06:00 PM [32m    LOG[39m [38;5;3m[RouterExplorer] [39m[32mMapped {/deployments/:id/execution/checkpoint, GET} route[39m[38;5;3m +1ms[39m
compose-api-dev     | api:dev: [32m[Nest] 190  - [39m03/24/2026, 12:06:00 PM [32m    LOG[39m [38;5;3m[RouterExplorer] [39m[32mMapped {/deployments/runs/:runId/execution/checkpoint, GET} route[39m[38;5;3m +0ms[39m
compose-api-dev     | api:dev: [32m[Nest] 190  - [39m03/24/2026, 12:06:00 PM [32m    LOG[39m [38;5;3m[RouterExplorer] [39m[32mMapped {/deployments/runs/:runId/lifecycle-events, POST} route[39m[38;5;3m +0ms[39m
compose-api-dev     | api:dev: [32m[Nest] 190  - [39m03/24/2026, 12:06:00 PM [32m    LOG[39m [38;5;3m[RouterExplorer] [39m[32mMapped {/deployments/runs/:runId/lifecycle-events, GET} route[39m[38;5;3m +0ms[39m
compose-api-dev     | api:dev: [32m[Nest] 190  - [39m03/24/2026, 12:06:00 PM [32m    LOG[39m [38;5;3m[RouterExplorer] [39m[32mMapped {/deployments/runs/:runId/lifecycle-events/stream, GET} route[39m[38;5;3m +0ms[39m
compose-api-dev     | api:dev: [32m[Nest] 190  - [39m03/24/2026, 12:06:00 PM [32m    LOG[39m [38;5;3m[RouterExplorer] [39m[32mMapped {/deployments/phase-machine/transitions, GET} route[39m[38;5;3m +0ms[39m
compose-api-dev     | api:dev: [32m[Nest] 190  - [39m03/24/2026, 12:06:00 PM [32m    LOG[39m [38;5;3m[RouterExplorer] [39m[32mMapped {/deployments/phase-machine/validate, POST} route[39m[38;5;3m +0ms[39m
compose-api-dev     | api:dev: [32m[Nest] 190  - [39m03/24/2026, 12:06:00 PM [32m    LOG[39m [38;5;3m[RouterExplorer] [39m[32mMapped {/deployments/:id/phase-machine/transition, POST} route[39m[38;5;3m +0ms[39m
compose-api-dev     | api:dev: [32m[Nest] 190  - [39m03/24/2026, 12:06:00 PM [32m    LOG[39m [38;5;3m[RouterExplorer] [39m[32mMapped {/deployments/:id, DELETE} route[39m[38;5;3m +0ms[39m
compose-api-dev     | api:dev: [32m[Nest] 190  - [39m03/24/2026, 12:06:00 PM [32m    LOG[39m [38;5;3m[RoutesResolver] [39m[32mGithubWebhookController {/webhooks/github}:[39m[38;5;3m +0ms[39m
compose-api-dev     | api:dev: [32m[Nest] 190  - [39m03/24/2026, 12:06:00 PM [32m    LOG[39m [38;5;3m[RouterExplorer] [39m[32mMapped {/webhooks/github, POST} route[39m[38;5;3m +2ms[39m
compose-api-dev     | api:dev: [32m[Nest] 190  - [39m03/24/2026, 12:06:00 PM [32m    LOG[39m [38;5;3m[RoutesResolver] [39m[32mOrganizationDomainController {/}:[39m[38;5;3m +0ms[39m
compose-api-dev     | api:dev: [32m[Nest] 190  - [39m03/24/2026, 12:06:00 PM [32m    LOG[39m [38;5;3m[RouterExplorer] [39m[32mMapped {/domains/:organizationId/domains, GET} route[39m[38;5;3m +0ms[39m
compose-api-dev     | api:dev: [32m[Nest] 190  - [39m03/24/2026, 12:06:00 PM [32m    LOG[39m [38;5;3m[RouterExplorer] [39m[32mMapped {/domains/:organizationId/domains, POST} route[39m[38;5;3m +0ms[39m
compose-api-dev     | api:dev: [32m[Nest] 190  - [39m03/24/2026, 12:06:00 PM [32m    LOG[39m [38;5;3m[RouterExplorer] [39m[32mMapped {/domains/:organizationId/domains/:domainId, GET} route[39m[38;5;3m +0ms[39m
compose-api-dev     | api:dev: [32m[Nest] 190  - [39m03/24/2026, 12:06:00 PM [32m    LOG[39m [38;5;3m[RouterExplorer] [39m[32mMapped {/domains/:organizationId/domains/:domainId/verify, POST} route[39m[38;5;3m +0ms[39m
compose-api-dev     | api:dev: [32m[Nest] 190  - [39m03/24/2026, 12:06:00 PM [32m    LOG[39m [38;5;3m[RouterExplorer] [39m[32mMapped {/domains/:organizationId/domains/:domainId, DELETE} route[39m[38;5;3m +0ms[39m
compose-api-dev     | api:dev: [32m[Nest] 190  - [39m03/24/2026, 12:06:00 PM [32m    LOG[39m [38;5;3m[RoutesResolver] [39m[32mProjectDomainController {/}:[39m[38;5;3m +0ms[39m
compose-api-dev     | api:dev: [32m[Nest] 190  - [39m03/24/2026, 12:06:00 PM [32m    LOG[39m [38;5;3m[RouterExplorer] [39m[32mMapped {/domains/:projectId/domains, GET} route[39m[38;5;3m +0ms[39m
compose-api-dev     | api:dev: [32m[Nest] 190  - [39m03/24/2026, 12:06:00 PM [32m    LOG[39m [38;5;3m[RouterExplorer] [39m[32mMapped {/domains/:organizationId/domains/available, GET} route[39m[38;5;3m +1ms[39m
compose-api-dev     | api:dev: [32m[Nest] 190  - [39m03/24/2026, 12:06:00 PM [32m    LOG[39m [38;5;3m[RouterExplorer] [39m[32mMapped {/domains/:projectId/domains/available, GET} route[39m[38;5;3m +0ms[39m
compose-api-dev     | api:dev: [32m[Nest] 190  - [39m03/24/2026, 12:06:00 PM [32m    LOG[39m [38;5;3m[RouterExplorer] [39m[32mMapped {/domains/:projectId/domains, POST} route[39m[38;5;3m +0ms[39m
compose-api-dev     | api:dev: [32m[Nest] 190  - [39m03/24/2026, 12:06:00 PM [32m    LOG[39m [38;5;3m[RouterExplorer] [39m[32mMapped {/domains/:projectId/domains/:domainId, PUT} route[39m[38;5;3m +0ms[39m
compose-api-dev     | api:dev: [32m[Nest] 190  - [39m03/24/2026, 12:06:00 PM [32m    LOG[39m [38;5;3m[RouterExplorer] [39m[32mMapped {/domains/:projectId/domains/:domainId, DELETE} route[39m[38;5;3m +0ms[39m
compose-api-dev     | api:dev: [32m[Nest] 190  - [39m03/24/2026, 12:06:00 PM [32m    LOG[39m [38;5;3m[RoutesResolver] [39m[32mServiceDomainController {/}:[39m[38;5;3m +0ms[39m
compose-api-dev     | api:dev: [32m[Nest] 190  - [39m03/24/2026, 12:06:00 PM [32m    LOG[39m [38;5;3m[RouterExplorer] [39m[32mMapped {/domains/check-subdomain, POST} route[39m[38;5;3m +0ms[39m
compose-api-dev     | api:dev: [32m[Nest] 190  - [39m03/24/2026, 12:06:00 PM [32m    LOG[39m [38;5;3m[RouterExplorer] [39m[32mMapped {/domains/:serviceId/domains, GET} route[39m[38;5;3m +0ms[39m
compose-api-dev     | api:dev: [32m[Nest] 190  - [39m03/24/2026, 12:06:00 PM [32m    LOG[39m [38;5;3m[RouterExplorer] [39m[32mMapped {/domains/:serviceId/domains, POST} route[39m[38;5;3m +0ms[39m
compose-api-dev     | api:dev: [32m[Nest] 190  - [39m03/24/2026, 12:06:00 PM [32m    LOG[39m [38;5;3m[RouterExplorer] [39m[32mMapped {/domains/:serviceId/domains/:mappingId, PUT} route[39m[38;5;3m +0ms[39m
compose-api-dev     | api:dev: [32m[Nest] 190  - [39m03/24/2026, 12:06:00 PM [32m    LOG[39m [38;5;3m[RouterExplorer] [39m[32mMapped {/domains/:serviceId/domains/:mappingId/primary, PUT} route[39m[38;5;3m +0ms[39m
compose-api-dev     | api:dev: [32m[Nest] 190  - [39m03/24/2026, 12:06:00 PM [32m    LOG[39m [38;5;3m[RouterExplorer] [39m[32mMapped {/domains/:serviceId/domains/:mappingId, DELETE} route[39m[38;5;3m +0ms[39m
compose-api-dev     | api:dev: [32m[Nest] 190  - [39m03/24/2026, 12:06:00 PM [32m    LOG[39m [38;5;3m[RoutesResolver] [39m[32mAnalyticsController {/}:[39m[38;5;3m +0ms[39m
compose-api-dev     | api:dev: [32m[Nest] 190  - [39m03/24/2026, 12:06:00 PM [32m    LOG[39m [38;5;3m[RouterExplorer] [39m[32mMapped {/analytics/metrics/resources, GET} route[39m[38;5;3m +0ms[39m
compose-api-dev     | api:dev: [32m[Nest] 190  - [39m03/24/2026, 12:06:00 PM [32m    LOG[39m [38;5;3m[RouterExplorer] [39m[32mMapped {/analytics/metrics/application, GET} route[39m[38;5;3m +0ms[39m
compose-api-dev     | api:dev: [32m[Nest] 190  - [39m03/24/2026, 12:06:00 PM [32m    LOG[39m [38;5;3m[RouterExplorer] [39m[32mMapped {/analytics/metrics/database, GET} route[39m[38;5;3m +1ms[39m
compose-api-dev     | api:dev: [32m[Nest] 190  - [39m03/24/2026, 12:06:00 PM [32m    LOG[39m [38;5;3m[RouterExplorer] [39m[32mMapped {/analytics/metrics/deployments, GET} route[39m[38;5;3m +0ms[39m
compose-api-dev     | api:dev: [32m[Nest] 190  - [39m03/24/2026, 12:06:00 PM [32m    LOG[39m [38;5;3m[RouterExplorer] [39m[32mMapped {/analytics/metrics/health, GET} route[39m[38;5;3m +0ms[39m
compose-api-dev     | api:dev: [32m[Nest] 190  - [39m03/24/2026, 12:06:00 PM [32m    LOG[39m [38;5;3m[RouterExplorer] [39m[32mMapped {/analytics/metrics/realtime, GET} route[39m[38;5;3m +0ms[39m
compose-api-dev     | api:dev: [32m[Nest] 190  - [39m03/24/2026, 12:06:00 PM [32m    LOG[39m [38;5;3m[RouterExplorer] [39m[32mMapped {/analytics/usage/resources, GET} route[39m[38;5;3m +0ms[39m
compose-api-dev     | api:dev: [32m[Nest] 190  - [39m03/24/2026, 12:06:00 PM [32m    LOG[39m [38;5;3m[RouterExplorer] [39m[32mMapped {/analytics/usage/activity, GET} route[39m[38;5;3m +0ms[39m
compose-api-dev     | api:dev: [32m[Nest] 190  - [39m03/24/2026, 12:06:00 PM [32m    LOG[39m [38;5;3m[RouterExplorer] [39m[32mMapped {/analytics/usage/activity/summary, GET} route[39m[38;5;3m +0ms[39m
compose-api-dev     | api:dev: [32m[Nest] 190  - [39m03/24/2026, 12:06:00 PM [32m    LOG[39m [38;5;3m[RouterExplorer] [39m[32mMapped {/analytics/usage/api, GET} route[39m[38;5;3m +0ms[39m
compose-api-dev     | api:dev: [32m[Nest] 190  - [39m03/24/2026, 12:06:00 PM [32m    LOG[39m [38;5;3m[RouterExplorer] [39m[32mMapped {/analytics/usage/deployments, GET} route[39m[38;5;3m +0ms[39m
compose-api-dev     | api:dev: [32m[Nest] 190  - [39m03/24/2026, 12:06:00 PM [32m    LOG[39m [38;5;3m[RouterExplorer] [39m[32mMapped {/analytics/usage/storage, GET} route[39m[38;5;3m +0ms[39m
compose-api-dev     | api:dev: [32m[Nest] 190  - [39m03/24/2026, 12:06:00 PM [32m    LOG[39m [38;5;3m[RouterExplorer] [39m[32mMapped {/analytics/reports/generate, POST} route[39m[38;5;3m +0ms[39m
compose-api-dev     | api:dev: [32m[Nest] 190  - [39m03/24/2026, 12:06:00 PM [32m    LOG[39m [38;5;3m[RouterExplorer] [39m[32mMapped {/analytics/reports/:reportId, GET} route[39m[38;5;3m +0ms[39m
compose-api-dev     | api:dev: [32m[Nest] 190  - [39m03/24/2026, 12:06:00 PM [32m    LOG[39m [38;5;3m[RouterExplorer] [39m[32mMapped {/analytics/reports, GET} route[39m[38;5;3m +0ms[39m
compose-api-dev     | api:dev: [32m[Nest] 190  - [39m03/24/2026, 12:06:00 PM [32m    LOG[39m [38;5;3m[RouterExplorer] [39m[32mMapped {/analytics/reports/:reportId, DELETE} route[39m[38;5;3m +0ms[39m
compose-api-dev     | api:dev: [32m[Nest] 190  - [39m03/24/2026, 12:06:00 PM [32m    LOG[39m [38;5;3m[RouterExplorer] [39m[32mMapped {/analytics/reports/:reportId/download, GET} route[39m[38;5;3m +1ms[39m
compose-api-dev     | api:dev: [32m[Nest] 190  - [39m03/24/2026, 12:06:00 PM [32m    LOG[39m [38;5;3m[RouterExplorer] [39m[32mMapped {/analytics/reports/configurations, POST} route[39m[38;5;3m +0ms[39m
compose-api-dev     | api:dev: [32m[Nest] 190  - [39m03/24/2026, 12:06:00 PM [32m    LOG[39m [38;5;3m[RouterExplorer] [39m[32mMapped {/analytics/reports/configurations, GET} route[39m[38;5;3m +0ms[39m
compose-api-dev     | api:dev: [32m[Nest] 190  - [39m03/24/2026, 12:06:00 PM [32m    LOG[39m [38;5;3m[RouterExplorer] [39m[32mMapped {/analytics/reports/configurations/:configId, PUT} route[39m[38;5;3m +0ms[39m
compose-api-dev     | api:dev: [32m[Nest] 190  - [39m03/24/2026, 12:06:00 PM [32m    LOG[39m [38;5;3m[RouterExplorer] [39m[32mMapped {/analytics/reports/configurations/:configId, DELETE} route[39m[38;5;3m +0ms[39m
compose-api-dev     | api:dev: [32m[Nest] 190  - [39m03/24/2026, 12:06:00 PM [32m    LOG[39m [38;5;3m[RoutesResolver] [39m[32mProviderSchemaController {/}:[39m[38;5;3m +0ms[39m
compose-api-dev     | api:dev: [32m[Nest] 190  - [39m03/24/2026, 12:06:00 PM [32m    LOG[39m [38;5;3m[RouterExplorer] [39m[32mMapped {/providers, GET} route[39m[38;5;3m +0ms[39m
compose-api-dev     | api:dev: [32m[Nest] 190  - [39m03/24/2026, 12:06:00 PM [32m    LOG[39m [38;5;3m[RouterExplorer] [39m[32mMapped {/providers/:id/schema, GET} route[39m[38;5;3m +0ms[39m
compose-api-dev     | api:dev: [32m[Nest] 190  - [39m03/24/2026, 12:06:00 PM [32m    LOG[39m [38;5;3m[RouterExplorer] [39m[32mMapped {/providers/:providerId/builders, GET} route[39m[38;5;3m +0ms[39m
compose-api-dev     | api:dev: [32m[Nest] 190  - [39m03/24/2026, 12:06:00 PM [32m    LOG[39m [38;5;3m[RouterExplorer] [39m[32mMapped {/builders, GET} route[39m[38;5;3m +0ms[39m
compose-api-dev     | api:dev: [32m[Nest] 190  - [39m03/24/2026, 12:06:00 PM [32m    LOG[39m [38;5;3m[RouterExplorer] [39m[32mMapped {/builders/:id/schema, GET} route[39m[38;5;3m +0ms[39m
compose-api-dev     | api:dev: [32m[Nest] 190  - [39m03/24/2026, 12:06:00 PM [32m    LOG[39m [38;5;3m[RouterExplorer] [39m[32mMapped {/builders/:builderId/providers, GET} route[39m[38;5;3m +0ms[39m
compose-api-dev     | api:dev: [32m[Nest] 190  - [39m03/24/2026, 12:06:00 PM [32m    LOG[39m [38;5;3m[RouterExplorer] [39m[32mMapped {/providers/:providerId/validate, POST} route[39m[38;5;3m +0ms[39m
compose-api-dev     | api:dev: [32m[Nest] 190  - [39m03/24/2026, 12:06:00 PM [32m    LOG[39m [38;5;3m[RouterExplorer] [39m[32mMapped {/builders/:builderId/validate, POST} route[39m[38;5;3m +1ms[39m
compose-api-dev     | api:dev: [32m[Nest] 190  - [39m03/24/2026, 12:06:00 PM [32m    LOG[39m [38;5;3m[RoutesResolver] [39m[32mSystemMeshController {/}:[39m[38;5;3m +0ms[39m
compose-api-dev     | api:dev: [32m[Nest] 190  - [39m03/24/2026, 12:06:00 PM [32m    LOG[39m [38;5;3m[RouterExplorer] [39m[32mMapped {/core/mesh/node/local, GET} route[39m[38;5;3m +0ms[39m
compose-api-dev     | api:dev: [32m[Nest] 190  - [39m03/24/2026, 12:06:00 PM [32m    LOG[39m [38;5;3m[RouterExplorer] [39m[32mMapped {/core/mesh/peers, GET} route[39m[38;5;3m +0ms[39m
compose-api-dev     | api:dev: [32m[Nest] 190  - [39m03/24/2026, 12:06:00 PM [32m    LOG[39m [38;5;3m[RouterExplorer] [39m[32mMapped {/core/mesh/peers/sessions, GET} route[39m[38;5;3m +0ms[39m
compose-api-dev     | api:dev: [32m[Nest] 190  - [39m03/24/2026, 12:06:00 PM [32m    LOG[39m [38;5;3m[RouterExplorer] [39m[32mMapped {/core/mesh, GET} route[39m[38;5;3m +0ms[39m
compose-api-dev     | api:dev: [32m[Nest] 190  - [39m03/24/2026, 12:06:00 PM [32m    LOG[39m [38;5;3m[RouterExplorer] [39m[32mMapped {/core/mesh/streams/:id, GET} route[39m[38;5;3m +0ms[39m
compose-api-dev     | api:dev: [32m[Nest] 190  - [39m03/24/2026, 12:06:00 PM [32m    LOG[39m [38;5;3m[RouterExplorer] [39m[32mMapped {/core/mesh/streams/:id/subscribe, GET} route[39m[38;5;3m +0ms[39m
compose-api-dev     | api:dev: [32m[Nest] 190  - [39m03/24/2026, 12:06:00 PM [32m    LOG[39m [38;5;3m[RouterExplorer] [39m[32mMapped {/core/mesh/streams/plan, POST} route[39m[38;5;3m +0ms[39m
compose-api-dev     | api:dev: [32m[Nest] 190  - [39m03/24/2026, 12:06:00 PM [32m    LOG[39m [38;5;3m[RouterExplorer] [39m[32mMapped {/core/mesh/peers/connect, POST} route[39m[38;5;3m +0ms[39m
compose-api-dev     | api:dev: [32m[Nest] 190  - [39m03/24/2026, 12:06:00 PM [32m    LOG[39m [38;5;3m[RouterExplorer] [39m[32mMapped {/core/mesh/peers/:sessionId/disconnect, POST} route[39m[38;5;3m +0ms[39m
compose-api-dev     | api:dev: [32m[Nest] 190  - [39m03/24/2026, 12:06:00 PM [32m    LOG[39m [38;5;3m[RouterExplorer] [39m[32mMapped {/core/mesh/peers/:sessionId/heartbeat, POST} route[39m[38;5;3m +1ms[39m
compose-api-dev     | api:dev: [32m[Nest] 190  - [39m03/24/2026, 12:06:00 PM [32m    LOG[39m [38;5;3m[RouterExplorer] [39m[32mMapped {/core/mesh/membership/snapshot, GET} route[39m[38;5;3m +0ms[39m
compose-api-dev     | api:dev: [32m[Nest] 190  - [39m03/24/2026, 12:06:00 PM [32m    LOG[39m [38;5;3m[RouterExplorer] [39m[32mMapped {/core/mesh/membership/reconcile, POST} route[39m[38;5;3m +0ms[39m
compose-api-dev     | api:dev: [32m[Nest] 190  - [39m03/24/2026, 12:06:00 PM [32m    LOG[39m [38;5;3m[RouterExplorer] [39m[32mMapped {/core/mesh/topology/stream, GET} route[39m[38;5;3m +0ms[39m
compose-api-dev     | api:dev: [32m[Nest] 190  - [39m03/24/2026, 12:06:00 PM [32m    LOG[39m [38;5;3m[RouterExplorer] [39m[32mMapped {/core/mesh/events/stream, GET} route[39m[38;5;3m +0ms[39m
compose-api-dev     | api:dev: [32m[Nest] 190  - [39m03/24/2026, 12:06:00 PM [32m    LOG[39m [38;5;3m[RouterExplorer] [39m[32mMapped {/core/mesh/control/publish, POST} route[39m[38;5;3m +0ms[39m
compose-api-dev     | api:dev: [32m[Nest] 190  - [39m03/24/2026, 12:06:00 PM [32m    LOG[39m [38;5;3m[RouterExplorer] [39m[32mMapped {/core/mesh/session/stream, POST} route[39m[38;5;3m +0ms[39m
compose-api-dev     | api:dev: [32m[Nest] 190  - [39m03/24/2026, 12:06:00 PM [32m    LOG[39m [38;5;3m[RouterExplorer] [39m[32mMapped {/core/mesh/lookup, POST} route[39m[38;5;3m +0ms[39m
compose-api-dev     | api:dev: [32m[Nest] 190  - [39m03/24/2026, 12:06:00 PM [32m    LOG[39m [38;5;3m[RouterExplorer] [39m[32mMapped {/core/mesh/index/upsert, POST} route[39m[38;5;3m +0ms[39m
compose-api-dev     | api:dev: [32m[Nest] 190  - [39m03/24/2026, 12:06:00 PM [32m    LOG[39m [38;5;3m[RouterExplorer] [39m[32mMapped {/core/mesh/queue/partitions/plan, POST} route[39m[38;5;3m +0ms[39m
compose-api-dev     | api:dev: [32m[Nest] 190  - [39m03/24/2026, 12:06:00 PM [32m    LOG[39m [38;5;3m[RouterExplorer] [39m[32mMapped {/core/mesh/enrollment/grants/issue, POST} route[39m[38;5;3m +0ms[39m
compose-api-dev     | api:dev: [32m[Nest] 190  - [39m03/24/2026, 12:06:00 PM [32m    LOG[39m [38;5;3m[RouterExplorer] [39m[32mMapped {/core/mesh/enrollment/grants/consume, POST} route[39m[38;5;3m +0ms[39m
compose-api-dev     | api:dev: [32m[Nest] 190  - [39m03/24/2026, 12:06:00 PM [32m    LOG[39m [38;5;3m[RouterExplorer] [39m[32mMapped {/core/mesh/enrollment/grants/revoke, POST} route[39m[38;5;3m +1ms[39m
compose-api-dev     | api:dev: [32m[Nest] 190  - [39m03/24/2026, 12:06:00 PM [32m    LOG[39m [38;5;3m[RouterExplorer] [39m[32mMapped {/core/mesh/trust/keyring, GET} route[39m[38;5;3m +0ms[39m
compose-api-dev     | api:dev: [32m[Nest] 190  - [39m03/24/2026, 12:06:00 PM [32m    LOG[39m [38;5;3m[RouterExplorer] [39m[32mMapped {/core/mesh/trust/keyring/secrets, GET} route[39m[38;5;3m +0ms[39m
compose-api-dev     | api:dev: [32m[Nest] 190  - [39m03/24/2026, 12:06:00 PM [32m    LOG[39m [38;5;3m[RouterExplorer] [39m[32mMapped {/core/mesh/trust/keyring/rotate, POST} route[39m[38;5;3m +0ms[39m
compose-api-dev     | api:dev: [32m[Nest] 190  - [39m03/24/2026, 12:06:00 PM [32m    LOG[39m [38;5;3m[RouterExplorer] [39m[32mMapped {/core/mesh/trust/keyring/convergence, GET} route[39m[38;5;3m +0ms[39m
compose-api-dev     | api:dev: [32m[Nest] 190  - [39m03/24/2026, 12:06:00 PM [32m    LOG[39m [38;5;3m[RouterExplorer] [39m[32mMapped {/core/mesh/trust/strict/readiness, GET} route[39m[38;5;3m +0ms[39m
compose-api-dev     | api:dev: [32m[Nest] 190  - [39m03/24/2026, 12:06:00 PM [32m    LOG[39m [38;5;3m[RouterExplorer] [39m[32mMapped {/core/mesh/trust/strict/mode, POST} route[39m[38;5;3m +0ms[39m
compose-api-dev     | api:dev: [32m[Nest] 190  - [39m03/24/2026, 12:06:00 PM [32m    LOG[39m [38;5;3m[RouterExplorer] [39m[32mMapped {/core/mesh/trust/strict/rollout-plan, GET} route[39m[38;5;3m +0ms[39m
compose-api-dev     | api:dev: [32m[Nest] 190  - [39m03/24/2026, 12:06:00 PM [32m    LOG[39m [38;5;3m[RouterExplorer] [39m[32mMapped {/core/mesh/trust/strict/rollback, POST} route[39m[38;5;3m +0ms[39m
compose-api-dev     | api:dev: [32m[Nest] 190  - [39m03/24/2026, 12:06:00 PM [32m    LOG[39m [38;5;3m[RoutesResolver] [39m[32mSystemMeshSseController {/system/mesh}:[39m[38;5;3m +0ms[39m
compose-api-dev     | api:dev: [32m[Nest] 190  - [39m03/24/2026, 12:06:00 PM [32m    LOG[39m [38;5;3m[RouterExplorer] [39m[32mMapped {/system/mesh/events, GET} route[39m[38;5;3m +1ms[39m
compose-api-dev     | api:dev: [32m[Nest] 190  - [39m03/24/2026, 12:06:00 PM [32m    LOG[39m [38;5;3m[RoutesResolver] [39m[32mSystemFleetController {/}:[39m[38;5;3m +0ms[39m
compose-api-dev     | api:dev: [32m[Nest] 190  - [39m03/24/2026, 12:06:00 PM [32m    LOG[39m [38;5;3m[RouterExplorer] [39m[32mMapped {/core/fleet/servers, GET} route[39m[38;5;3m +0ms[39m
compose-api-dev     | api:dev: [32m[Nest] 190  - [39m03/24/2026, 12:06:00 PM [32m    LOG[39m [38;5;3m[RouterExplorer] [39m[32mMapped {/core/fleet/servers/capacity, POST} route[39m[38;5;3m +0ms[39m
compose-api-dev     | api:dev: [32m[Nest] 190  - [39m03/24/2026, 12:06:00 PM [32m    LOG[39m [38;5;3m[RouterExplorer] [39m[32mMapped {/core/fleet/allocations, GET} route[39m[38;5;3m +0ms[39m
compose-api-dev     | api:dev: [32m[Nest] 190  - [39m03/24/2026, 12:06:00 PM [32m    LOG[39m [38;5;3m[RouterExplorer] [39m[32mMapped {/core/fleet/allocations/me, GET} route[39m[38;5;3m +0ms[39m
compose-api-dev     | api:dev: [32m[Nest] 190  - [39m03/24/2026, 12:06:00 PM [32m    LOG[39m [38;5;3m[RouterExplorer] [39m[32mMapped {/core/fleet/allocations/upsert, POST} route[39m[38;5;3m +0ms[39m
compose-api-dev     | api:dev: [32m[Nest] 190  - [39m03/24/2026, 12:06:00 PM [32m    LOG[39m [38;5;3m[RouterExplorer] [39m[32mMapped {/core/fleet/allocations/me/admission-check, POST} route[39m[38;5;3m +0ms[39m
compose-api-dev     | api:dev: [32m[Nest] 190  - [39m03/24/2026, 12:06:00 PM [32m    LOG[39m [38;5;3m[RouterExplorer] [39m[32mMapped {/core/fleet/allocations/me/requests, POST} route[39m[38;5;3m +0ms[39m
compose-api-dev     | api:dev: [32m[Nest] 190  - [39m03/24/2026, 12:06:00 PM [32m    LOG[39m [38;5;3m[RouterExplorer] [39m[32mMapped {/core/fleet/allocations/me/requests, GET} route[39m[38;5;3m +0ms[39m
compose-api-dev     | api:dev: [32m[Nest] 190  - [39m03/24/2026, 12:06:00 PM [32m    LOG[39m [38;5;3m[RouterExplorer] [39m[32mMapped {/core/fleet/allocations/requests, GET} route[39m[38;5;3m +0ms[39m
compose-api-dev     | api:dev: [32m[Nest] 190  - [39m03/24/2026, 12:06:00 PM [32m    LOG[39m [38;5;3m[RouterExplorer] [39m[32mMapped {/core/fleet/allocations/requests/resolve, POST} route[39m[38;5;3m +1ms[39m
compose-api-dev     | api:dev: [32m[Nest] 190  - [39m03/24/2026, 12:06:00 PM [32m    LOG[39m [38;5;3m[RouterExplorer] [39m[32mMapped {/core/fleet/allocations/delete, POST} route[39m[38;5;3m +0ms[39m
compose-api-dev-2   | api:dev: [32m[Nest] 186  - [39m03/24/2026, 12:06:00 PM [32m    LOG[39m [38;5;3m[DeploymentMeshHandlerRegistrar] [39m[32mDeployment mesh handlers registered[39m
compose-api-dev-2   | api:dev: [32m[Nest] 186  - [39m03/24/2026, 12:06:00 PM [32m    LOG[39m [38;5;3m[NestApplication] [39m[32mNest application successfully started[39m[38;5;3m +5ms[39m
compose-api-dev     | api:dev: [33m[Nest] 190  - [39m03/24/2026, 12:06:00 PM [33m   WARN[39m [38;5;3m[SystemMeshTopologyService] [39m[33mFailed to persist mesh resource ownership upsert: Failed query: insert into "resource_ownership_index" ("id", "cluster_id", "organization_id", "resource_kind", "resource_key", "owner_node_id", "owner_server_url", "priority", "status", "lease_holder_node_id", "lease_expires_at", "version", "metadata", "observed_at", "created_at", "updated_at") values (default, $1, $2, $3, $4, $5, $6, $7, $8, default, default, $9, $10, $11, $12, $13)
compose-api-dev     | api:dev: params: 11111111-1111-4111-8111-111111111111,,topic,topic:queue-transition-internal:applyTransitionRequest,22222222-2222-4222-8222-222222222222,http://web-dev:3000,50,active,1,{"namespace":"queue-transition-internal","topic":"applyTransitionRequest","ownerServerUrl":"http://web-dev:3000","endpointPath":"/internal/mesh/topics/queue-transition-internal/applyTransitionRequest","protocol":"ws","endpointMethod":"POST","persistentConnectionRequired":true},2026-03-24T12:06:00.227Z,2026-03-24T12:06:00.295Z,2026-03-24T12:06:00.227Z[39m
compose-api-dev     | api:dev: [32m[Nest] 190  - [39m03/24/2026, 12:06:00 PM [32m    LOG[39m [38;5;3m[DeploymentMeshHandlerRegistrar] [39m[32mDeployment mesh handlers registered[39m
compose-api-dev-2   | api:dev: [33m[Nest] 186  - [39m03/24/2026, 12:06:00 PM [33m   WARN[39m [38;5;3m[SystemMeshTopologyService] [39m[33mFailed to persist mesh resource ownership upsert: Failed query: insert into "resource_ownership_index" ("id", "cluster_id", "organization_id", "resource_kind", "resource_key", "owner_node_id", "owner_server_url", "priority", "status", "lease_holder_node_id", "lease_expires_at", "version", "metadata", "observed_at", "created_at", "updated_at") values (default, $1, $2, $3, $4, $5, $6, $7, $8, default, default, $9, $10, $11, $12, $13)
compose-api-dev-2   | api:dev: params: 11111111-1111-4111-8111-111111111111,,topic,topic:queue-transition-internal:applyTransitionRequest,33333333-3333-4333-8333-333333333333,http://web-dev:3000,50,active,1,{"namespace":"queue-transition-internal","topic":"applyTransitionRequest","ownerServerUrl":"http://web-dev:3000","endpointPath":"/internal/mesh/topics/queue-transition-internal/applyTransitionRequest","protocol":"ws","endpointMethod":"POST","persistentConnectionRequired":true},2026-03-24T12:06:00.198Z,2026-03-24T12:06:00.287Z,2026-03-24T12:06:00.198Z[39m
compose-api-dev     | api:dev: [32m[Nest] 190  - [39m03/24/2026, 12:06:00 PM [32m    LOG[39m [38;5;3m[NestApplication] [39m[32mNest application successfully started[39m[38;5;3m +4ms[39m
compose-api-dev-2   | api:dev: 🚀 NestJS API with oRPC running on port 3006
compose-api-dev-2   | api:dev: 📘 OpenAPI JSON available at http://localhost:3006/openapi.json
compose-api-dev-2   | api:dev: 📗 Scalar API Reference at http://localhost:3006/reference
compose-api-dev-2   | api:dev: [33m[Nest] 186  - [39m03/24/2026, 12:06:00 PM [33m   WARN[39m [38;5;3m[SystemMeshTopologyService] [39m[33mFailed to persist mesh resource ownership upsert: Failed query: insert into "resource_ownership_index" ("id", "cluster_id", "organization_id", "resource_kind", "resource_key", "owner_node_id", "owner_server_url", "priority", "status", "lease_holder_node_id", "lease_expires_at", "version", "metadata", "observed_at", "created_at", "updated_at") values (default, $1, $2, $3, $4, $5, $6, $7, $8, default, default, $9, $10, $11, $12, $13)
compose-api-dev-2   | api:dev: params: 11111111-1111-4111-8111-111111111111,,topic,topic:deployment-internal:resolveDeploymentRequest,33333333-3333-4333-8333-333333333333,http://web-dev:3000,50,active,1,{"namespace":"deployment-internal","topic":"resolveDeploymentRequest","ownerServerUrl":"http://web-dev:3000","endpointPath":"/internal/mesh/topics/deployment-internal/resolveDeploymentRequest","protocol":"ws","endpointMethod":"POST","persistentConnectionRequired":true},2026-03-24T12:06:00.294Z,2026-03-24T12:06:00.313Z,2026-03-24T12:06:00.294Z[39m
compose-api-dev     | api:dev: 🚀 NestJS API with oRPC running on port 3005
compose-api-dev     | api:dev: 📘 OpenAPI JSON available at http://localhost:3005/openapi.json
compose-api-dev     | api:dev: 📗 Scalar API Reference at http://localhost:3005/reference
compose-api-dev     | api:dev: [33m[Nest] 190  - [39m03/24/2026, 12:06:00 PM [33m   WARN[39m [38;5;3m[SystemMeshTopologyService] [39m[33mFailed to persist mesh resource ownership upsert: Failed query: insert into "resource_ownership_index" ("id", "cluster_id", "organization_id", "resource_kind", "resource_key", "owner_node_id", "owner_server_url", "priority", "status", "lease_holder_node_id", "lease_expires_at", "version", "metadata", "observed_at", "created_at", "updated_at") values (default, $1, $2, $3, $4, $5, $6, $7, $8, default, default, $9, $10, $11, $12, $13)
compose-api-dev     | api:dev: params: 11111111-1111-4111-8111-111111111111,,topic,topic:deployment-internal:resolveDeploymentRequest,22222222-2222-4222-8222-222222222222,http://web-dev:3000,50,active,1,{"namespace":"deployment-internal","topic":"resolveDeploymentRequest","ownerServerUrl":"http://web-dev:3000","endpointPath":"/internal/mesh/topics/deployment-internal/resolveDeploymentRequest","protocol":"ws","endpointMethod":"POST","persistentConnectionRequired":true},2026-03-24T12:06:00.306Z,2026-03-24T12:06:00.320Z,2026-03-24T12:06:00.306Z[39m
compose-web-dev     | 🚀 Starting web dev server...
compose-web-dev     | • Packages in scope: @repo/api-contracts, @repo/auth, @repo/cli-declarative-routing, @repo/config-eslint, @repo/config-prettier, @repo/config-tailwind, @repo/config-typescript, @repo/config-vitest, @repo/declarative-routing, @repo/env, @repo/logger, @repo/orpc-utils, @repo/provider-schema, @repo/types, @repo/ui, web
compose-web-dev     | • Running dev in 16 packages
compose-web-dev     | • Remote caching disabled
compose-web-dev     | @repo/ui:dev: cache bypass, force executing 2fde581ed9906506
compose-web-dev     | web:dev: cache bypass, force executing 84fe1f11c042c410
compose-web-dev     | @repo/ui:dev: $ bun run build -- --watch
compose-web-dev     | web:dev: $ bun --bun scripts/entrypoint.dev.ts
compose-web-dev     | @repo/ui:dev: $ bun scripts/build.ts --watch
compose-web-dev     | @repo/cli-declarative-routing:dev: cache bypass, force executing 539fd86c5d99ecfd
compose-web-dev     | @repo/api-contracts:dev: cache bypass, force executing 7e1e2f14ae0f3184
compose-web-dev     | @repo/cli-declarative-routing:dev: $ bun --bun scripts/build.ts --watch
compose-web-dev     | @repo/api-contracts:dev: $ bun run build -- --watch
compose-web-dev     | @repo/api-contracts:dev: $ bun scripts/build.ts --watch
compose-web-dev     | @repo/cli-declarative-routing:dev: 🚀 Starting build...
compose-web-dev     | @repo/cli-declarative-routing:dev: 
compose-web-dev     | @repo/cli-declarative-routing:dev: 🔨 Building declarative-routing CLI (watching for changes)...
compose-web-dev     | web:dev: 🎯 Web Development Entrypoint Started
compose-web-dev     | web:dev: 
compose-web-dev     | web:dev: 🔍 Validating environment variables...
compose-web-dev     | @repo/api-contracts:dev: Building ORPC API contracts...
compose-web-dev     | web:dev: ✅ Environment validation passed
compose-web-dev     | web:dev: 
compose-web-dev     | web:dev: 🔨 Building local @repo/cli-declarative-routing package...
compose-web-dev     | web:dev: $ bun --bun scripts/build.ts
compose-web-dev     | web:dev: 🚀 Starting build...
compose-web-dev     | web:dev: 
compose-web-dev     | web:dev: 🔨 Building declarative-routing CLI...
compose-web-dev     | @repo/api-contracts:dev: ✓ API contracts built successfully
compose-web-dev     | @repo/api-contracts:dev:   Output directory: /app/packages/contracts/api/dist
compose-web-dev     | @repo/api-contracts:dev: 👀 Watching API contracts for changes...
compose-web-dev     | @repo/api-contracts:dev: ✅ Watcher ready. Press Ctrl+C to stop.
compose-web-dev     | @repo/api-contracts:dev: Building ORPC API contracts...
compose-web-dev     | @repo/api-contracts:dev: ✓ API contracts built successfully
compose-web-dev     | @repo/api-contracts:dev:   Output directory: /app/packages/contracts/api/dist
compose-web-dev     | @repo/cli-declarative-routing:dev: ✅ Successfully built to /app/packages/bin/declarative-routing/dist
compose-web-dev     | @repo/cli-declarative-routing:dev: 
compose-web-dev     | @repo/cli-declarative-routing:dev: ✅ Build completed successfully!
compose-web-dev     | web:dev: ✅ Successfully built to /app/packages/bin/declarative-routing/dist
compose-web-dev     | web:dev: 
compose-web-dev     | web:dev: ✅ Build completed successfully!
compose-web-dev     | web:dev: ✅ Local declarative-routing package built successfully
compose-web-dev     | web:dev: ✅ Routes already exist
compose-web-dev     | web:dev: 🚀 Starting Next.js and Declarative Routing...
compose-web-dev     | web:dev: $ bun --bun scripts/run-declarative-routing.ts build --watch
compose-web-dev     | web:dev: $ envcli cross-env NODE_OPTIONS='--inspect' next dev -H 0.0.0.0 -p $:{NEXT_PUBLIC_APP_PORT} --turbopack
compose-web-dev     | @repo/ui:dev: [
compose-web-dev     | @repo/ui:dev:   "src/components/theme-provider.tsx", "src/components/shadcn/select.tsx", "src/components/shadcn/breadcrumb.tsx",
compose-web-dev     | @repo/ui:dev:   "src/components/shadcn/mode-toggle.tsx", "src/components/shadcn/dropdown-menu.tsx",
compose-web-dev     | @repo/ui:dev:   "src/components/shadcn/separator.tsx", "src/components/shadcn/chart.tsx", "src/components/shadcn/switch.tsx",
compose-web-dev     | @repo/ui:dev:   "src/components/shadcn/sidebar.tsx", "src/components/shadcn/tabs.tsx", "src/components/shadcn/progress.tsx",
compose-web-dev     | @repo/ui:dev:   "src/components/shadcn/table.tsx", "src/components/shadcn/alert.tsx", "src/components/shadcn/label.tsx",
compose-web-dev     | @repo/ui:dev:   "src/components/shadcn/slider.tsx", "src/components/shadcn/sonner.tsx", "src/components/shadcn/dialog.tsx",
compose-web-dev     | @repo/ui:dev:   "src/components/shadcn/card.tsx", "src/components/shadcn/scroll-area.tsx", "src/components/shadcn/input.tsx",
compose-web-dev     | @repo/ui:dev:   "src/components/shadcn/button.tsx", "src/components/shadcn/skeleton.tsx", "src/components/shadcn/sheet.tsx",
compose-web-dev     | @repo/ui:dev:   "src/components/shadcn/form.tsx", "src/components/shadcn/tooltip.tsx", "src/components/shadcn/command.tsx",
compose-web-dev     | @repo/ui:dev:   "src/components/shadcn/badge.tsx", "src/components/shadcn/avatar.tsx", "src/components/shadcn/popover.tsx",
compose-web-dev     | @repo/ui:dev:   "src/components/atomics/molecules/Card.tsx", "src/components/atomics/atoms/VideoOrPlaceholder.tsx",
compose-web-dev     | @repo/ui:dev:   "src/components/atomics/atoms/Loader.tsx", "src/components/atomics/atoms/ImageOrPlaceholder.tsx",
compose-web-dev     | @repo/ui:dev:   "src/components/atomics/atoms/Icon.tsx", "src/use-mobile.ts", "src/lib/utils.ts"
compose-web-dev     | @repo/ui:dev: ]
compose-web-dev     | @repo/ui:dev: 🎬 Building ESM and CJS formats concurrently...
compose-web-dev     | @repo/ui:dev: CLI Building entry: src/lib/utils.ts, src/components/theme-provider.tsx, src/components/shadcn/select.tsx, src/components/shadcn/breadcrumb.tsx, src/components/shadcn/mode-toggle.tsx, src/components/shadcn/dropdown-menu.tsx, src/components/shadcn/separator.tsx, src/components/shadcn/chart.tsx, src/components/shadcn/switch.tsx, src/components/shadcn/sidebar.tsx, src/components/shadcn/tabs.tsx, src/components/shadcn/progress.tsx, src/components/shadcn/table.tsx, src/components/shadcn/alert.tsx, src/components/shadcn/label.tsx, src/components/shadcn/slider.tsx, src/components/shadcn/sonner.tsx, src/components/shadcn/dialog.tsx, src/components/shadcn/card.tsx, src/components/shadcn/scroll-area.tsx, src/components/shadcn/input.tsx, src/components/shadcn/button.tsx, src/components/shadcn/skeleton.tsx, src/components/shadcn/sheet.tsx, src/components/shadcn/form.tsx, src/components/shadcn/tooltip.tsx, src/components/shadcn/command.tsx, src/components/shadcn/badge.tsx, src/components/shadcn/avatar.tsx, src/components/shadcn/popover.tsx, src/components/atomics/atoms/VideoOrPlaceholder.tsx, src/components/atomics/atoms/Loader.tsx, src/components/atomics/atoms/ImageOrPlaceholder.tsx, src/components/atomics/atoms/Icon.tsx, src/components/atomics/molecules/Card.tsx
compose-web-dev     | @repo/ui:dev: CLI Using tsconfig: tsconfig.json
compose-web-dev     | @repo/ui:dev: CLI tsup v8.5.1
compose-web-dev     | @repo/ui:dev: CLI Running in watch mode
compose-web-dev     | @repo/ui:dev: CLI Target: es2020
compose-web-dev     | web:dev: 👀 Watching for changes in ./src/app...
compose-web-dev     | @repo/ui:dev: CJS Build start
compose-web-dev     | @repo/ui:dev: ESM Build start
compose-web-dev     | @repo/ui:dev: ESM dist/placeholder-MXJQZ7IP.svg                        2.44 KB
compose-web-dev     | @repo/ui:dev: ESM dist/components/theme-provider.mjs                   419.00 B
compose-web-dev     | @repo/ui:dev: ESM dist/lib/utils.mjs                                   95.00 B
compose-web-dev     | @repo/ui:dev: ESM dist/components/atomics/molecules/Card.mjs           976.00 B
compose-web-dev     | @repo/ui:dev: ESM dist/components/shadcn/sheet.mjs                     438.00 B
compose-web-dev     | @repo/ui:dev: ESM dist/chunk-LHIKSAIK.mjs                              342.00 B
compose-web-dev     | @repo/ui:dev: ESM dist/chunk-4KKTR6VT.mjs                              1.69 KB
compose-web-dev     | @repo/ui:dev: ESM dist/components/shadcn/avatar.mjs                    1.21 KB
compose-web-dev     | @repo/ui:dev: ESM dist/components/shadcn/alert.mjs                     1.48 KB
compose-web-dev     | @repo/ui:dev: ESM dist/components/shadcn/label.mjs                     156.00 B
compose-web-dev     | @repo/ui:dev: ESM dist/components/shadcn/sidebar.mjs                   20.66 KB
compose-web-dev     | @repo/ui:dev: ESM dist/chunk-NJDAJUXW.mjs                              3.79 KB
compose-web-dev     | @repo/ui:dev: ESM dist/chunk-V7CNWJT3.mjs                              168.00 B
compose-web-dev     | @repo/ui:dev: ESM dist/components/shadcn/dropdown-menu.mjs             828.00 B
compose-web-dev     | @repo/ui:dev: ESM dist/components/shadcn/progress.mjs                  859.00 B
compose-web-dev     | @repo/ui:dev: ESM dist/components/shadcn/form.mjs                      3.25 KB
compose-web-dev     | @repo/ui:dev: ESM dist/components/shadcn/tooltip.mjs                   270.00 B
compose-web-dev     | @repo/ui:dev: ESM dist/components/shadcn/select.mjs                    5.94 KB
compose-web-dev     | @repo/ui:dev: ESM dist/components/shadcn/slider.mjs                    1.15 KB
compose-web-dev     | @repo/ui:dev: ESM dist/components/shadcn/tabs.mjs                      1.92 KB
compose-web-dev     | @repo/ui:dev: ESM dist/components/shadcn/scroll-area.mjs               1.71 KB
compose-web-dev     | @repo/ui:dev: ESM dist/components/shadcn/separator.mjs                 164.00 B
compose-web-dev     | @repo/ui:dev: ESM dist/chunk-FTTSMUQM.mjs                              639.00 B
compose-web-dev     | @repo/ui:dev: ESM dist/components/shadcn/card.mjs                      1.68 KB
compose-web-dev     | @repo/ui:dev: ESM dist/components/shadcn/skeleton.mjs                  148.00 B
compose-web-dev     | @repo/ui:dev: ESM dist/chunk-M5ZXLPCM.mjs                              6.18 KB
compose-web-dev     | @repo/ui:dev: ESM dist/chunk-TRC7ZY7V.mjs                              1.75 KB
compose-web-dev     | @repo/ui:dev: ESM dist/components/shadcn/button.mjs                    180.00 B
compose-web-dev     | @repo/ui:dev: ESM dist/components/shadcn/popover.mjs                   1.25 KB
compose-web-dev     | @repo/ui:dev: ESM dist/components/atomics/atoms/Loader.mjs             2.04 KB
compose-web-dev     | @repo/ui:dev: ESM dist/chunk-6DZX6EAA.mjs                              1.70 KB
compose-web-dev     | @repo/ui:dev: ESM dist/chunk-R75FFZRP.mjs                              3.84 KB
compose-web-dev     | @repo/ui:dev: ESM dist/components/shadcn/table.mjs                     2.53 KB
compose-web-dev     | @repo/ui:dev: ESM dist/components/shadcn/command.mjs                   4.20 KB
compose-web-dev     | @repo/ui:dev: ESM dist/components/shadcn/sonner.mjs                    893.00 B
compose-web-dev     | @repo/ui:dev: ESM dist/components/shadcn/dialog.mjs                    458.00 B
compose-web-dev     | @repo/ui:dev: ESM dist/chunk-SLP6HK2Z.mjs                              707.00 B
compose-web-dev     | @repo/ui:dev: ESM dist/components/shadcn/switch.mjs                    1.18 KB
compose-web-dev     | @repo/ui:dev: ESM dist/components/shadcn/input.mjs                     142.00 B
compose-web-dev     | @repo/ui:dev: ESM dist/chunk-ZJ72GAVI.mjs                              838.00 B
compose-web-dev     | @repo/ui:dev: ESM dist/components/atomics/atoms/ImageOrPlaceholder.mjs 135.03 KB
compose-web-dev     | @repo/ui:dev: ESM dist/components/atomics/atoms/Icon.mjs               1.20 KB
compose-web-dev     | @repo/ui:dev: ESM dist/components/atomics/atoms/VideoOrPlaceholder.mjs 830.00 B
compose-web-dev     | @repo/ui:dev: ESM dist/components/shadcn/mode-toggle.mjs               1.53 KB
compose-web-dev     | @repo/ui:dev: ESM dist/components/shadcn/breadcrumb.mjs                2.63 KB
compose-web-dev     | @repo/ui:dev: ESM dist/components/shadcn/badge.mjs                     1.71 KB
compose-web-dev     | @repo/ui:dev: ESM dist/components/shadcn/chart.mjs                     9.03 KB
compose-web-dev     | @repo/ui:dev: ESM dist/placeholder-55IXFXVN.mp4                        2.37 MB
compose-web-dev     | @repo/ui:dev: ESM ⚡️ Build success in 118ms
compose-web-dev     | @repo/ui:dev: CJS dist/components/shadcn/skeleton.js                  1.56 KB
compose-web-dev     | @repo/ui:dev: CJS dist/components/shadcn/dialog.js                    5.81 KB
compose-web-dev     | @repo/ui:dev: CJS dist/components/shadcn/dropdown-menu.js             9.31 KB
compose-web-dev     | @repo/ui:dev: CJS dist/components/shadcn/form.js                      6.09 KB
compose-web-dev     | @repo/ui:dev: CJS dist/components/shadcn/badge.js                     2.99 KB
compose-web-dev     | @repo/ui:dev: CJS dist/components/shadcn/card.js                      3.73 KB
compose-web-dev     | @repo/ui:dev: CJS dist/components/atomics/atoms/Icon.js               2.32 KB
compose-web-dev     | @repo/ui:dev: CJS dist/components/shadcn/tooltip.js                   3.27 KB
compose-web-dev     | @repo/ui:dev: CJS dist/components/shadcn/sheet.js                     6.34 KB
compose-web-dev     | @repo/ui:dev: CJS dist/components/shadcn/label.js                     2.51 KB
compose-web-dev     | @repo/ui:dev: CJS dist/components/atomics/molecules/Card.js           1.99 KB
compose-web-dev     | @repo/ui:dev: CJS dist/components/shadcn/command.js                   9.18 KB
compose-web-dev     | @repo/ui:dev: CJS dist/components/atomics/atoms/Loader.js             3.03 KB
compose-web-dev     | @repo/ui:dev: CJS dist/components/shadcn/scroll-area.js               3.07 KB
compose-web-dev     | @repo/ui:dev: CJS dist/components/shadcn/alert.js                     3.43 KB
compose-web-dev     | @repo/ui:dev: CJS dist/components/shadcn/avatar.js                    3.13 KB
compose-web-dev     | @repo/ui:dev: CJS dist/components/shadcn/table.js                     4.11 KB
compose-web-dev     | @repo/ui:dev: CJS dist/components/atomics/atoms/VideoOrPlaceholder.js 1.88 KB
compose-web-dev     | @repo/ui:dev: CJS dist/placeholder-MXJQZ7IP.svg                       2.44 KB
compose-web-dev     | @repo/ui:dev: CJS dist/components/atomics/atoms/ImageOrPlaceholder.js 136.75 KB
compose-web-dev     | @repo/ui:dev: CJS dist/lib/utils.js                                   1.20 KB
compose-web-dev     | @repo/ui:dev: CJS dist/placeholder-55IXFXVN.mp4                       2.37 MB
compose-web-dev     | @repo/ui:dev: CJS dist/components/theme-provider.js                   1.29 KB
compose-web-dev     | @repo/ui:dev: CJS dist/components/shadcn/button.js                    3.60 KB
compose-web-dev     | @repo/ui:dev: CJS dist/components/shadcn/popover.js                   3.15 KB
compose-web-dev     | @repo/ui:dev: CJS dist/components/shadcn/progress.js                  2.05 KB
compose-web-dev     | @repo/ui:dev: CJS dist/components/shadcn/separator.js                 2.53 KB
compose-web-dev     | @repo/ui:dev: CJS dist/components/shadcn/mode-toggle.js               11.56 KB
compose-web-dev     | @repo/ui:dev: CJS dist/components/shadcn/sonner.js                    1.90 KB
compose-web-dev     | @repo/ui:dev: CJS dist/components/shadcn/slider.js                    3.01 KB
compose-web-dev     | @repo/ui:dev: CJS dist/components/shadcn/tabs.js                      3.28 KB
compose-web-dev     | @repo/ui:dev: CJS dist/components/shadcn/breadcrumb.js                4.91 KB
compose-web-dev     | @repo/ui:dev: CJS dist/components/shadcn/input.js                     2.62 KB
compose-web-dev     | @repo/ui:dev: CJS dist/components/shadcn/chart.js                     11.49 KB
compose-web-dev     | @repo/ui:dev: CJS dist/components/shadcn/select.js                    8.11 KB
compose-web-dev     | @repo/ui:dev: CJS dist/components/shadcn/switch.js                    2.98 KB
compose-web-dev     | @repo/ui:dev: CJS dist/components/shadcn/sidebar.js                   33.49 KB
compose-web-dev     | @repo/ui:dev: CJS ⚡️ Build success in 119ms
compose-web-dev     | @repo/ui:dev: CLI Watching for changes in "."
compose-web-dev     | @repo/ui:dev: CLI Ignoring changes in "**/{.git,node_modules}/**" | "dist"
compose-web-dev     | @repo/ui:dev: ✅ Successfully built 36 files to /app/packages/ui/base/dist
compose-web-dev     | web:dev: 25 total routes (25 info files, 25 exported)
compose-web-dev     | web:dev: ▲ Next.js 16.1.6 (Turbopack, Cache Components)
compose-web-dev     | web:dev: - Local:         http://localhost:3000
compose-web-dev     | web:dev: - Network:       http://0.0.0.0:3000
compose-web-dev     | web:dev: 
compose-web-dev     | web:dev: ✓ Starting...
compose-web-dev     | web:dev: ✓ Ready in 3.5s
compose-api-dev     | api:dev: [95m[Nest] 190  - [39m03/24/2026, 12:07:09 PM [95m  DEBUG[39m [38;5;3m[LoggerMiddleware] [39m[95m[99ec27c603f2] "GET [32m/setup/status[0m" 200 OK undefined "" "Bun/1.3.9" "::ffff:172.23.0.7"[39m
compose-web-dev     | web:dev: Setup status: {
compose-web-dev     | web:dev:   state: "completed",
compose-web-dev     | web:dev:   needsSetup: false,
compose-web-dev     | web:dev:   hasUsers: true,
compose-web-dev     | web:dev:   hasOrganizations: true,
compose-web-dev     | web:dev:   bootstrapStrategy: "local_instance",
compose-web-dev     | web:dev:   availableStrategies: [ "local_instance", "remote_instance" ],
compose-web-dev     | web:dev:   currentStep: null,
compose-web-dev     | web:dev:   progressPercent: 100,
compose-web-dev     | web:dev:   steps: [
compose-web-dev     | web:dev:     {
compose-web-dev     | web:dev:       id: "check_prerequisites",
compose-web-dev     | web:dev:       title: "Check prerequisites",
compose-web-dev     | web:dev:       status: "completed",
compose-web-dev     | web:dev:     }, {
compose-web-dev     | web:dev:       id: "choose_bootstrap_strategy",
compose-web-dev     | web:dev:       title: "Choose bootstrap strategy",
compose-web-dev     | web:dev:       status: "completed",
compose-web-dev     | web:dev:     }, {
compose-web-dev     | web:dev:       id: "connect_remote_instance",
compose-web-dev     | web:dev:       title: "Connect remote instance",
compose-web-dev     | web:dev:       status: "skipped",
compose-web-dev     | web:dev:     }, {
compose-web-dev     | web:dev:       id: "create_initial_user",
compose-web-dev     | web:dev:       title: "Create initial admin user",
compose-web-dev     | web:dev:       status: "completed",
compose-web-dev     | web:dev:     }, {
compose-web-dev     | web:dev:       id: "create_initial_organization",
compose-web-dev     | web:dev:       title: "Create initial organization",
compose-web-dev     | web:dev:       status: "completed",
compose-web-dev     | web:dev:     }, {
compose-web-dev     | web:dev:       id: "assign_owner_membership",
compose-web-dev     | web:dev:       title: "Assign organization owner",
compose-web-dev     | web:dev:       status: "completed",
compose-web-dev     | web:dev:     }, {
compose-web-dev     | web:dev:       id: "finalize",
compose-web-dev     | web:dev:       title: "Finalize setup",
compose-web-dev     | web:dev:       status: "completed",
compose-web-dev     | web:dev:     }
compose-web-dev     | web:dev:   ],
compose-web-dev     | web:dev:   completedAt: "2026-03-24T12:07:09.161Z",
compose-web-dev     | web:dev: }
compose-web-dev     | web:dev: ○ Compiling / ...
compose-web-dev     | web:dev:  GET / 200 in 9.7s (compile: 6.9s, proxy.ts: 507ms, render: 2.3s)
compose-api-dev     | api:dev: [95m[Nest] 190  - [39m03/24/2026, 12:07:23 PM [95m  DEBUG[39m [38;5;3m[LoggerMiddleware] [39m[95m[99ec27c603f2] "GET [32m/setup/status[0m" 200 OK undefined "" "Bun/1.3.9" "::ffff:172.23.0.7"[39m
compose-web-dev     | web:dev: Setup status: {
compose-web-dev     | web:dev:   state: "completed",
compose-web-dev     | web:dev:   needsSetup: false,
compose-web-dev     | web:dev:   hasUsers: true,
compose-web-dev     | web:dev:   hasOrganizations: true,
compose-web-dev     | web:dev:   bootstrapStrategy: "local_instance",
compose-web-dev     | web:dev:   availableStrategies: [ "local_instance", "remote_instance" ],
compose-web-dev     | web:dev:   currentStep: null,
compose-web-dev     | web:dev:   progressPercent: 100,
compose-web-dev     | web:dev:   steps: [
compose-web-dev     | web:dev:     {
compose-web-dev     | web:dev:       id: "check_prerequisites",
compose-web-dev     | web:dev:       title: "Check prerequisites",
compose-web-dev     | web:dev:       status: "completed",
compose-web-dev     | web:dev:     }, {
compose-web-dev     | web:dev:       id: "choose_bootstrap_strategy",
compose-web-dev     | web:dev:       title: "Choose bootstrap strategy",
compose-web-dev     | web:dev:       status: "completed",
compose-web-dev     | web:dev:     }, {
compose-web-dev     | web:dev:       id: "connect_remote_instance",
compose-web-dev     | web:dev:       title: "Connect remote instance",
compose-web-dev     | web:dev:       status: "skipped",
compose-web-dev     | web:dev:     }, {
compose-web-dev     | web:dev:       id: "create_initial_user",
compose-web-dev     | web:dev:       title: "Create initial admin user",
compose-web-dev     | web:dev:       status: "completed",
compose-web-dev     | web:dev:     }, {
compose-web-dev     | web:dev:       id: "create_initial_organization",
compose-web-dev     | web:dev:       title: "Create initial organization",
compose-web-dev     | web:dev:       status: "completed",
compose-web-dev     | web:dev:     }, {
compose-web-dev     | web:dev:       id: "assign_owner_membership",
compose-web-dev     | web:dev:       title: "Assign organization owner",
compose-web-dev     | web:dev:       status: "completed",
compose-web-dev     | web:dev:     }, {
compose-web-dev     | web:dev:       id: "finalize",
compose-web-dev     | web:dev:       title: "Finalize setup",
compose-web-dev     | web:dev:       status: "completed",
compose-web-dev     | web:dev:     }
compose-web-dev     | web:dev:   ],
compose-web-dev     | web:dev:   completedAt: "2026-03-24T12:07:23.545Z",
compose-web-dev     | web:dev: }
compose-api-dev     | api:dev: [95m[Nest] 190  - [39m03/24/2026, 12:07:25 PM [95m  DEBUG[39m [38;5;3m[LoggerMiddleware] [39m[95m[99ec27c603f2] "GET [32m/user?query%5Blimit%5D=20&query%5Boffset%5D=0&query%5Bfilter%5D%5B_or%5D%5B0%5D%5Bname%5D%5Boperator%5D=ilike&query%5Bfilter%5D%5B_or%5D%5B0%5D%5Bname%5D%5Bvalue%5D=&query%5Bfilter%5D%5B_or%5D%5B1%5D%5Bemail%5D%5Boperator%5D=ilike&query%5Bfilter%5D%5B_or%5D%5B1%5D%5Bemail%5D%5Bvalue%5D=[0m" 200 OK undefined "http://localhost:3000/" "Mozilla/5.0 (X11; Linux x86_64) AppleWebKit/537.36 (KHTML, like Gecko) Chrome/146.0.0.0 Safari/537.36" "::ffff:172.23.0.1"[39m
compose-web-dev     | web:dev: Setup status: {
compose-web-dev     | web:dev:   state: "completed",
compose-web-dev     | web:dev:   needsSetup: false,
compose-web-dev     | web:dev:   hasUsers: true,
compose-web-dev     | web:dev:   hasOrganizations: true,
compose-web-dev     | web:dev:   bootstrapStrategy: "local_instance",
compose-web-dev     | web:dev:   availableStrategies: [ "local_instance", "remote_instance" ],
compose-web-dev     | web:dev:   currentStep: null,
compose-web-dev     | web:dev:   progressPercent: 100,
compose-web-dev     | web:dev:   steps: [
compose-web-dev     | web:dev:     {
compose-web-dev     | web:dev:       id: "check_prerequisites",
compose-web-dev     | web:dev:       title: "Check prerequisites",
compose-web-dev     | web:dev:       status: "completed",
compose-web-dev     | web:dev:     }, {
compose-web-dev     | web:dev:       id: "choose_bootstrap_strategy",
compose-web-dev     | web:dev:       title: "Choose bootstrap strategy",
compose-web-dev     | web:dev:       status: "completed",
compose-web-dev     | web:dev:     }, {
compose-web-dev     | web:dev:       id: "connect_remote_instance",
compose-web-dev     | web:dev:       title: "Connect remote instance",
compose-web-dev     | web:dev:       status: "skipped",
compose-web-dev     | web:dev:     }, {
compose-web-dev     | web:dev:       id: "create_initial_user",
compose-web-dev     | web:dev:       title: "Create initial admin user",
compose-web-dev     | web:dev:       status: "completed",
compose-web-dev     | web:dev:     }, {
compose-web-dev     | web:dev:       id: "create_initial_organization",
compose-web-dev     | web:dev:       title: "Create initial organization",
compose-web-dev     | web:dev:       status: "completed",
compose-web-dev     | web:dev:     }, {
compose-web-dev     | web:dev:       id: "assign_owner_membership",
compose-web-dev     | web:dev:       title: "Assign organization owner",
compose-web-dev     | web:dev:       status: "completed",
compose-web-dev     | web:dev:     }, {
compose-web-dev     | web:dev:       id: "finalize",
compose-web-dev     | web:dev:       title: "Finalize setup",
compose-web-dev     | web:dev:       status: "completed",
compose-web-dev     | web:dev:     }
compose-web-dev     | web:dev:   ],
compose-web-dev     | web:dev:   completedAt: "2026-03-24T12:07:23.545Z",
compose-web-dev     | web:dev: }
compose-web-dev     | web:dev:  GET /auth/signin 200 in 2.0s (compile: 1993ms, proxy.ts: 9ms, render: 18ms)
compose-api-dev     | api:dev: [95m[Nest] 190  - [39m03/24/2026, 12:07:46 PM [95m  DEBUG[39m [38;5;3m[LoggerMiddleware] [39m[95m[99ec27c603f2] "GET [32m/setup/status[0m" 200 OK undefined "http://localhost:3000/" "Mozilla/5.0 (X11; Linux x86_64) AppleWebKit/537.36 (KHTML, like Gecko) Chrome/146.0.0.0 Safari/537.36" "::ffff:172.23.0.1"[39m
compose-api-dev     | api:dev: [95m[Nest] 190  - [39m03/24/2026, 12:07:50 PM [95m  DEBUG[39m [38;5;3m[LoggerMiddleware] [39m[95m[99ec27c603f2] "GET [32m/setup/status[0m" 200 OK undefined "" "Bun/1.3.9" "::ffff:172.23.0.7"[39m
compose-web-dev     | web:dev: Setup status: {
compose-web-dev     | web:dev:   state: "completed",
compose-web-dev     | web:dev:   needsSetup: false,
compose-web-dev     | web:dev:   hasUsers: true,
compose-web-dev     | web:dev:   hasOrganizations: true,
compose-web-dev     | web:dev:   bootstrapStrategy: "local_instance",
compose-web-dev     | web:dev:   availableStrategies: [ "local_instance", "remote_instance" ],
compose-web-dev     | web:dev:   currentStep: null,
compose-web-dev     | web:dev:   progressPercent: 100,
compose-web-dev     | web:dev:   steps: [
compose-web-dev     | web:dev:     {
compose-web-dev     | web:dev:       id: "check_prerequisites",
compose-web-dev     | web:dev:       title: "Check prerequisites",
compose-web-dev     | web:dev:       status: "completed",
compose-web-dev     | web:dev:     }, {
compose-web-dev     | web:dev:       id: "choose_bootstrap_strategy",
compose-web-dev     | web:dev:       title: "Choose bootstrap strategy",
compose-web-dev     | web:dev:       status: "completed",
compose-web-dev     | web:dev:     }, {
compose-web-dev     | web:dev:       id: "connect_remote_instance",
compose-web-dev     | web:dev:       title: "Connect remote instance",
compose-web-dev     | web:dev:       status: "skipped",
compose-web-dev     | web:dev:     }, {
compose-web-dev     | web:dev:       id: "create_initial_user",
compose-web-dev     | web:dev:       title: "Create initial admin user",
compose-web-dev     | web:dev:       status: "completed",
compose-web-dev     | web:dev:     }, {
compose-web-dev     | web:dev:       id: "create_initial_organization",
compose-web-dev     | web:dev:       title: "Create initial organization",
compose-web-dev     | web:dev:       status: "completed",
compose-web-dev     | web:dev:     }, {
compose-web-dev     | web:dev:       id: "assign_owner_membership",
compose-web-dev     | web:dev:       title: "Assign organization owner",
compose-web-dev     | web:dev:       status: "completed",
compose-web-dev     | web:dev:     }, {
compose-web-dev     | web:dev:       id: "finalize",
compose-web-dev     | web:dev:       title: "Finalize setup",
compose-web-dev     | web:dev:       status: "completed",
compose-web-dev     | web:dev:     }
compose-web-dev     | web:dev:   ],
compose-web-dev     | web:dev:   completedAt: "2026-03-24T12:07:50.017Z",
compose-web-dev     | web:dev: }
compose-api-dev     | api:dev: [95m[Nest] 190  - [39m03/24/2026, 12:07:50 PM [95m  DEBUG[39m [38;5;3m[LoggerMiddleware] [39m[95m[99ec27c603f2] "GET [32m/user?query%5Blimit%5D=20&query%5Boffset%5D=0&query%5Bfilter%5D%5B_or%5D%5B0%5D%5Bname%5D%5Boperator%5D=ilike&query%5Bfilter%5D%5B_or%5D%5B0%5D%5Bname%5D%5Bvalue%5D=&query%5Bfilter%5D%5B_or%5D%5B1%5D%5Bemail%5D%5Boperator%5D=ilike&query%5Bfilter%5D%5B_or%5D%5B1%5D%5Bemail%5D%5Bvalue%5D=[0m" 200 OK undefined "http://localhost:3000/" "Mozilla/5.0 (X11; Linux x86_64) AppleWebKit/537.36 (KHTML, like Gecko) Chrome/146.0.0.0 Safari/537.36" "::ffff:172.23.0.1"[39m
compose-web-dev     | web:dev: Setup status: {
compose-web-dev     | web:dev:   state: "completed",
compose-web-dev     | web:dev:   needsSetup: false,
compose-web-dev     | web:dev:   hasUsers: true,
compose-web-dev     | web:dev:   hasOrganizations: true,
compose-web-dev     | web:dev:   bootstrapStrategy: "local_instance",
compose-web-dev     | web:dev:   availableStrategies: [ "local_instance", "remote_instance" ],
compose-web-dev     | web:dev:   currentStep: null,
compose-web-dev     | web:dev:   progressPercent: 100,
compose-web-dev     | web:dev:   steps: [
compose-web-dev     | web:dev:     {
compose-web-dev     | web:dev:       id: "check_prerequisites",
compose-web-dev     | web:dev:       title: "Check prerequisites",
compose-web-dev     | web:dev:       status: "completed",
compose-web-dev     | web:dev:     }, {
compose-web-dev     | web:dev:       id: "choose_bootstrap_strategy",
compose-web-dev     | web:dev:       title: "Choose bootstrap strategy",
compose-web-dev     | web:dev:       status: "completed",
compose-web-dev     | web:dev:     }, {
compose-web-dev     | web:dev:       id: "connect_remote_instance",
compose-web-dev     | web:dev:       title: "Connect remote instance",
compose-web-dev     | web:dev:       status: "skipped",
compose-web-dev     | web:dev:     }, {
compose-web-dev     | web:dev:       id: "create_initial_user",
compose-web-dev     | web:dev:       title: "Create initial admin user",
compose-web-dev     | web:dev:       status: "completed",
compose-web-dev     | web:dev:     }, {
compose-web-dev     | web:dev:       id: "create_initial_organization",
compose-web-dev     | web:dev:       title: "Create initial organization",
compose-web-dev     | web:dev:       status: "completed",
compose-web-dev     | web:dev:     }, {
compose-web-dev     | web:dev:       id: "assign_owner_membership",
compose-web-dev     | web:dev:       title: "Assign organization owner",
compose-web-dev     | web:dev:       status: "completed",
compose-web-dev     | web:dev:     }, {
compose-web-dev     | web:dev:       id: "finalize",
compose-web-dev     | web:dev:       title: "Finalize setup",
compose-web-dev     | web:dev:       status: "completed",
compose-web-dev     | web:dev:     }
compose-web-dev     | web:dev:   ],
compose-web-dev     | web:dev:   completedAt: "2026-03-24T12:07:50.017Z",
compose-web-dev     | web:dev: }
compose-web-dev     | web:dev:  GET / 200 in 132ms (compile: 12ms, proxy.ts: 9ms, render: 111ms)
compose-api-dev     | api:dev: [95m[Nest] 190  - [39m03/24/2026, 12:07:50 PM [95m  DEBUG[39m [38;5;3m[LoggerMiddleware] [39m[95m[99ec27c603f2] "GET [32m/user?query%5Blimit%5D=20&query%5Boffset%5D=0&query%5Bfilter%5D%5B_or%5D%5B0%5D%5Bname%5D%5Boperator%5D=ilike&query%5Bfilter%5D%5B_or%5D%5B0%5D%5Bname%5D%5Bvalue%5D=&query%5Bfilter%5D%5B_or%5D%5B1%5D%5Bemail%5D%5Boperator%5D=ilike&query%5Bfilter%5D%5B_or%5D%5B1%5D%5Bemail%5D%5Bvalue%5D=[0m" 200 OK undefined "http://localhost:3000/" "Mozilla/5.0 (X11; Linux x86_64) AppleWebKit/537.36 (KHTML, like Gecko) Chrome/146.0.0.0 Safari/537.36" "::ffff:172.23.0.1"[39m
compose-web-dev     | web:dev:  POST /auth/signin 303 in 490ms (compile: 5ms, proxy.ts: 44ms, render: 441ms)
compose-web-dev     | web:dev: Setup status: {
compose-web-dev     | web:dev:   state: "completed",
compose-web-dev     | web:dev:   needsSetup: false,
compose-web-dev     | web:dev:   hasUsers: true,
compose-web-dev     | web:dev:   hasOrganizations: true,
compose-web-dev     | web:dev:   bootstrapStrategy: "local_instance",
compose-web-dev     | web:dev:   availableStrategies: [ "local_instance", "remote_instance" ],
compose-web-dev     | web:dev:   currentStep: null,
compose-web-dev     | web:dev:   progressPercent: 100,
compose-web-dev     | web:dev:   steps: [
compose-web-dev     | web:dev:     {
compose-web-dev     | web:dev:       id: "check_prerequisites",
compose-web-dev     | web:dev:       title: "Check prerequisites",
compose-web-dev     | web:dev:       status: "completed",
compose-web-dev     | web:dev:     }, {
compose-web-dev     | web:dev:       id: "choose_bootstrap_strategy",
compose-web-dev     | web:dev:       title: "Choose bootstrap strategy",
compose-web-dev     | web:dev:       status: "completed",
compose-web-dev     | web:dev:     }, {
compose-web-dev     | web:dev:       id: "connect_remote_instance",
compose-web-dev     | web:dev:       title: "Connect remote instance",
compose-web-dev     | web:dev:       status: "skipped",
compose-web-dev     | web:dev:     }, {
compose-web-dev     | web:dev:       id: "create_initial_user",
compose-web-dev     | web:dev:       title: "Create initial admin user",
compose-web-dev     | web:dev:       status: "completed",
compose-web-dev     | web:dev:     }, {
compose-web-dev     | web:dev:       id: "create_initial_organization",
compose-web-dev     | web:dev:       title: "Create initial organization",
compose-web-dev     | web:dev:       status: "completed",
compose-web-dev     | web:dev:     }, {
compose-web-dev     | web:dev:       id: "assign_owner_membership",
compose-web-dev     | web:dev:       title: "Assign organization owner",
compose-web-dev     | web:dev:       status: "completed",
compose-web-dev     | web:dev:     }, {
compose-web-dev     | web:dev:       id: "finalize",
compose-web-dev     | web:dev:       title: "Finalize setup",
compose-web-dev     | web:dev:       status: "completed",
compose-web-dev     | web:dev:     }
compose-web-dev     | web:dev:   ],
compose-web-dev     | web:dev:   completedAt: "2026-03-24T12:07:50.017Z",
compose-web-dev     | web:dev: }
compose-web-dev     | web:dev:  GET / 200 in 43ms (compile: 3ms, proxy.ts: 7ms, render: 33ms)
compose-api-dev     | api:dev: [95m[Nest] 190  - [39m03/24/2026, 12:07:50 PM [95m  DEBUG[39m [38;5;3m[LoggerMiddleware] [39m[95m[99ec27c603f2] "GET [32m/user?query%5Blimit%5D=20&query%5Boffset%5D=0&query%5Bfilter%5D%5B_or%5D%5B0%5D%5Bname%5D%5Boperator%5D=ilike&query%5Bfilter%5D%5B_or%5D%5B0%5D%5Bname%5D%5Bvalue%5D=&query%5Bfilter%5D%5B_or%5D%5B1%5D%5Bemail%5D%5Boperator%5D=ilike&query%5Bfilter%5D%5B_or%5D%5B1%5D%5Bemail%5D%5Bvalue%5D=[0m" 200 OK undefined "http://localhost:3000/" "Mozilla/5.0 (X11; Linux x86_64) AppleWebKit/537.36 (KHTML, like Gecko) Chrome/146.0.0.0 Safari/537.36" "::ffff:172.23.0.1"[39m
compose-web-dev     | web:dev: Setup status: {
compose-web-dev     | web:dev:   state: "completed",
compose-web-dev     | web:dev:   needsSetup: false,
compose-web-dev     | web:dev:   hasUsers: true,
compose-web-dev     | web:dev:   hasOrganizations: true,
compose-web-dev     | web:dev:   bootstrapStrategy: "local_instance",
compose-web-dev     | web:dev:   availableStrategies: [ "local_instance", "remote_instance" ],
compose-web-dev     | web:dev:   currentStep: null,
compose-web-dev     | web:dev:   progressPercent: 100,
compose-web-dev     | web:dev:   steps: [
compose-web-dev     | web:dev:     {
compose-web-dev     | web:dev:       id: "check_prerequisites",
compose-web-dev     | web:dev:       title: "Check prerequisites",
compose-web-dev     | web:dev:       status: "completed",
compose-web-dev     | web:dev:     }, {
compose-web-dev     | web:dev:       id: "choose_bootstrap_strategy",
compose-web-dev     | web:dev:       title: "Choose bootstrap strategy",
compose-web-dev     | web:dev:       status: "completed",
compose-web-dev     | web:dev:     }, {
compose-web-dev     | web:dev:       id: "connect_remote_instance",
compose-web-dev     | web:dev:       title: "Connect remote instance",
compose-web-dev     | web:dev:       status: "skipped",
compose-web-dev     | web:dev:     }, {
compose-web-dev     | web:dev:       id: "create_initial_user",
compose-web-dev     | web:dev:       title: "Create initial admin user",
compose-web-dev     | web:dev:       status: "completed",
compose-web-dev     | web:dev:     }, {
compose-web-dev     | web:dev:       id: "create_initial_organization",
compose-web-dev     | web:dev:       title: "Create initial organization",
compose-web-dev     | web:dev:       status: "completed",
compose-web-dev     | web:dev:     }, {
compose-web-dev     | web:dev:       id: "assign_owner_membership",
compose-web-dev     | web:dev:       title: "Assign organization owner",
compose-web-dev     | web:dev:       status: "completed",
compose-web-dev     | web:dev:     }, {
compose-web-dev     | web:dev:       id: "finalize",
compose-web-dev     | web:dev:       title: "Finalize setup",
compose-web-dev     | web:dev:       status: "completed",
compose-web-dev     | web:dev:     }
compose-web-dev     | web:dev:   ],
compose-web-dev     | web:dev:   completedAt: "2026-03-24T12:07:50.017Z",
compose-web-dev     | web:dev: }
compose-web-dev     | web:dev:  GET /dashboard 200 in 1799ms (compile: 1752ms, proxy.ts: 6ms, render: 41ms)
compose-api-dev     | api:dev: [95m[Nest] 190  - [39m03/24/2026, 12:07:55 PM [95m  DEBUG[39m [38;5;3m[LoggerMiddleware] [39m[95m[99ec27c603f2] "GET [32m/user?query%5Blimit%5D=20&query%5Boffset%5D=0&query%5Bfilter%5D%5B_or%5D%5B0%5D%5Bname%5D%5Boperator%5D=ilike&query%5Bfilter%5D%5B_or%5D%5B0%5D%5Bname%5D%5Bvalue%5D=&query%5Bfilter%5D%5B_or%5D%5B1%5D%5Bemail%5D%5Boperator%5D=ilike&query%5Bfilter%5D%5B_or%5D%5B1%5D%5Bemail%5D%5Bvalue%5D=[0m" 200 OK undefined "http://localhost:3000/" "Mozilla/5.0 (X11; Linux x86_64) AppleWebKit/537.36 (KHTML, like Gecko) Chrome/146.0.0.0 Safari/537.36" "::ffff:172.23.0.1"[39m
compose-web-dev     | web:dev: Setup status: {
compose-web-dev     | web:dev:   state: "completed",
compose-web-dev     | web:dev:   needsSetup: false,
compose-web-dev     | web:dev:   hasUsers: true,
compose-web-dev     | web:dev:   hasOrganizations: true,
compose-web-dev     | web:dev:   bootstrapStrategy: "local_instance",
compose-web-dev     | web:dev:   availableStrategies: [ "local_instance", "remote_instance" ],
compose-web-dev     | web:dev:   currentStep: null,
compose-web-dev     | web:dev:   progressPercent: 100,
compose-web-dev     | web:dev:   steps: [
compose-web-dev     | web:dev:     {
compose-web-dev     | web:dev:       id: "check_prerequisites",
compose-web-dev     | web:dev:       title: "Check prerequisites",
compose-web-dev     | web:dev:       status: "completed",
compose-web-dev     | web:dev:     }, {
compose-web-dev     | web:dev:       id: "choose_bootstrap_strategy",
compose-web-dev     | web:dev:       title: "Choose bootstrap strategy",
compose-web-dev     | web:dev:       status: "completed",
compose-web-dev     | web:dev:     }, {
compose-web-dev     | web:dev:       id: "connect_remote_instance",
compose-web-dev     | web:dev:       title: "Connect remote instance",
compose-web-dev     | web:dev:       status: "skipped",
compose-web-dev     | web:dev:     }, {
compose-web-dev     | web:dev:       id: "create_initial_user",
compose-web-dev     | web:dev:       title: "Create initial admin user",
compose-web-dev     | web:dev:       status: "completed",
compose-web-dev     | web:dev:     }, {
compose-web-dev     | web:dev:       id: "create_initial_organization",
compose-web-dev     | web:dev:       title: "Create initial organization",
compose-web-dev     | web:dev:       status: "completed",
compose-web-dev     | web:dev:     }, {
compose-web-dev     | web:dev:       id: "assign_owner_membership",
compose-web-dev     | web:dev:       title: "Assign organization owner",
compose-web-dev     | web:dev:       status: "completed",
compose-web-dev     | web:dev:     }, {
compose-web-dev     | web:dev:       id: "finalize",
compose-web-dev     | web:dev:       title: "Finalize setup",
compose-web-dev     | web:dev:       status: "completed",
compose-web-dev     | web:dev:     }
compose-web-dev     | web:dev:   ],
compose-web-dev     | web:dev:   completedAt: "2026-03-24T12:07:50.017Z",
compose-web-dev     | web:dev: }
compose-web-dev     | web:dev:  GET /auth/signin 200 in 16ms (compile: 3ms, proxy.ts: 5ms, render: 8ms)
compose-api-dev     | api:dev: [95m[Nest] 190  - [39m03/24/2026, 12:08:00 PM [95m  DEBUG[39m [38;5;3m[LoggerMiddleware] [39m[95m[99ec27c603f2] "GET [32m/setup/status[0m" 200 OK undefined "" "Bun/1.3.9" "::ffff:172.23.0.7"[39m
compose-web-dev     | web:dev: Setup status: {
compose-web-dev     | web:dev:   state: "completed",
compose-web-dev     | web:dev:   needsSetup: false,
compose-web-dev     | web:dev:   hasUsers: true,
compose-web-dev     | web:dev:   hasOrganizations: true,
compose-web-dev     | web:dev:   bootstrapStrategy: "local_instance",
compose-web-dev     | web:dev:   availableStrategies: [ "local_instance", "remote_instance" ],
compose-web-dev     | web:dev:   currentStep: null,
compose-web-dev     | web:dev:   progressPercent: 100,
compose-web-dev     | web:dev:   steps: [
compose-web-dev     | web:dev:     {
compose-web-dev     | web:dev:       id: "check_prerequisites",
compose-web-dev     | web:dev:       title: "Check prerequisites",
compose-web-dev     | web:dev:       status: "completed",
compose-web-dev     | web:dev:     }, {
compose-web-dev     | web:dev:       id: "choose_bootstrap_strategy",
compose-web-dev     | web:dev:       title: "Choose bootstrap strategy",
compose-web-dev     | web:dev:       status: "completed",
compose-web-dev     | web:dev:     }, {
compose-web-dev     | web:dev:       id: "connect_remote_instance",
compose-web-dev     | web:dev:       title: "Connect remote instance",
compose-web-dev     | web:dev:       status: "skipped",
compose-web-dev     | web:dev:     }, {
compose-web-dev     | web:dev:       id: "create_initial_user",
compose-web-dev     | web:dev:       title: "Create initial admin user",
compose-web-dev     | web:dev:       status: "completed",
compose-web-dev     | web:dev:     }, {
compose-web-dev     | web:dev:       id: "create_initial_organization",
compose-web-dev     | web:dev:       title: "Create initial organization",
compose-web-dev     | web:dev:       status: "completed",
compose-web-dev     | web:dev:     }, {
compose-web-dev     | web:dev:       id: "assign_owner_membership",
compose-web-dev     | web:dev:       title: "Assign organization owner",
compose-web-dev     | web:dev:       status: "completed",
compose-web-dev     | web:dev:     }, {
compose-web-dev     | web:dev:       id: "finalize",
compose-web-dev     | web:dev:       title: "Finalize setup",
compose-web-dev     | web:dev:       status: "completed",
compose-web-dev     | web:dev:     }
compose-web-dev     | web:dev:   ],
compose-web-dev     | web:dev:   completedAt: "2026-03-24T12:08:00.382Z",
compose-web-dev     | web:dev: }
compose-web-dev     | web:dev: Setup status: {
compose-web-dev     | web:dev:   state: "completed",
compose-web-dev     | web:dev:   needsSetup: false,
compose-web-dev     | web:dev:   hasUsers: true,
compose-web-dev     | web:dev:   hasOrganizations: true,
compose-web-dev     | web:dev:   bootstrapStrategy: "local_instance",
compose-web-dev     | web:dev:   availableStrategies: [ "local_instance", "remote_instance" ],
compose-web-dev     | web:dev:   currentStep: null,
compose-web-dev     | web:dev:   progressPercent: 100,
compose-web-dev     | web:dev:   steps: [
compose-web-dev     | web:dev:     {
compose-web-dev     | web:dev:       id: "check_prerequisites",
compose-web-dev     | web:dev:       title: "Check prerequisites",
compose-web-dev     | web:dev:       status: "completed",
compose-web-dev     | web:dev:     }, {
compose-web-dev     | web:dev:       id: "choose_bootstrap_strategy",
compose-web-dev     | web:dev:       title: "Choose bootstrap strategy",
compose-web-dev     | web:dev:       status: "completed",
compose-web-dev     | web:dev:     }, {
compose-web-dev     | web:dev:       id: "connect_remote_instance",
compose-web-dev     | web:dev:       title: "Connect remote instance",
compose-web-dev     | web:dev:       status: "skipped",
compose-web-dev     | web:dev:     }, {
compose-web-dev     | web:dev:       id: "create_initial_user",
compose-web-dev     | web:dev:       title: "Create initial admin user",
compose-web-dev     | web:dev:       status: "completed",
compose-web-dev     | web:dev:     }, {
compose-web-dev     | web:dev:       id: "create_initial_organization",
compose-web-dev     | web:dev:       title: "Create initial organization",
compose-web-dev     | web:dev:       status: "completed",
compose-web-dev     | web:dev:     }, {
compose-web-dev     | web:dev:       id: "assign_owner_membership",
compose-web-dev     | web:dev:       title: "Assign organization owner",
compose-web-dev     | web:dev:       status: "completed",
compose-web-dev     | web:dev:     }, {
compose-web-dev     | web:dev:       id: "finalize",
compose-web-dev     | web:dev:       title: "Finalize setup",
compose-web-dev     | web:dev:       status: "completed",
compose-web-dev     | web:dev:     }
compose-web-dev     | web:dev:   ],
compose-web-dev     | web:dev:   completedAt: "2026-03-24T12:08:00.382Z",
compose-web-dev     | web:dev: }
compose-api-dev     | api:dev: [95m[Nest] 190  - [39m03/24/2026, 12:08:00 PM [95m  DEBUG[39m [38;5;3m[LoggerMiddleware] [39m[95m[99ec27c603f2] "GET [32m/user?query%5Blimit%5D=20&query%5Boffset%5D=0&query%5Bfilter%5D%5B_or%5D%5B0%5D%5Bname%5D%5Boperator%5D=ilike&query%5Bfilter%5D%5B_or%5D%5B0%5D%5Bname%5D%5Bvalue%5D=&query%5Bfilter%5D%5B_or%5D%5B1%5D%5Bemail%5D%5Boperator%5D=ilike&query%5Bfilter%5D%5B_or%5D%5B1%5D%5Bemail%5D%5Bvalue%5D=[0m" 200 OK undefined "http://localhost:3000/" "Mozilla/5.0 (X11; Linux x86_64) AppleWebKit/537.36 (KHTML, like Gecko) Chrome/146.0.0.0 Safari/537.36" "::ffff:172.23.0.1"[39m
compose-api-dev     | api:dev: [95m[Nest] 190  - [39m03/24/2026, 12:08:00 PM [95m  DEBUG[39m [38;5;3m[LoggerMiddleware] [39m[95m[99ec27c603f2] "GET [32m/user?query%5Blimit%5D=20&query%5Boffset%5D=0&query%5Bfilter%5D%5B_or%5D%5B0%5D%5Bname%5D%5Boperator%5D=ilike&query%5Bfilter%5D%5B_or%5D%5B0%5D%5Bname%5D%5Bvalue%5D=&query%5Bfilter%5D%5B_or%5D%5B1%5D%5Bemail%5D%5Boperator%5D=ilike&query%5Bfilter%5D%5B_or%5D%5B1%5D%5Bemail%5D%5Bvalue%5D=[0m" 200 OK undefined "http://localhost:3000/" "Mozilla/5.0 (X11; Linux x86_64) AppleWebKit/537.36 (KHTML, like Gecko) Chrome/146.0.0.0 Safari/537.36" "::ffff:172.23.0.1"[39m
compose-web-dev     | web:dev:  GET / 200 in 67ms (compile: 10ms, proxy.ts: 7ms, render: 51ms)
compose-web-dev     | web:dev:  POST /auth/signin 303 in 266ms (compile: 6ms, proxy.ts: 37ms, render: 224ms)
compose-web-dev     | web:dev: Setup status: {
compose-web-dev     | web:dev:   state: "completed",
compose-web-dev     | web:dev:   needsSetup: false,
compose-web-dev     | web:dev:   hasUsers: true,
compose-web-dev     | web:dev:   hasOrganizations: true,
compose-web-dev     | web:dev:   bootstrapStrategy: "local_instance",
compose-web-dev     | web:dev:   availableStrategies: [ "local_instance", "remote_instance" ],
compose-web-dev     | web:dev:   currentStep: null,
compose-web-dev     | web:dev:   progressPercent: 100,
compose-web-dev     | web:dev:   steps: [
compose-web-dev     | web:dev:     {
compose-web-dev     | web:dev:       id: "check_prerequisites",
compose-web-dev     | web:dev:       title: "Check prerequisites",
compose-web-dev     | web:dev:       status: "completed",
compose-web-dev     | web:dev:     }, {
compose-web-dev     | web:dev:       id: "choose_bootstrap_strategy",
compose-web-dev     | web:dev:       title: "Choose bootstrap strategy",
compose-web-dev     | web:dev:       status: "completed",
compose-web-dev     | web:dev:     }, {
compose-web-dev     | web:dev:       id: "connect_remote_instance",
compose-web-dev     | web:dev:       title: "Connect remote instance",
compose-web-dev     | web:dev:       status: "skipped",
compose-web-dev     | web:dev:     }, {
compose-web-dev     | web:dev:       id: "create_initial_user",
compose-web-dev     | web:dev:       title: "Create initial admin user",
compose-web-dev     | web:dev:       status: "completed",
compose-web-dev     | web:dev:     }, {
compose-web-dev     | web:dev:       id: "create_initial_organization",
compose-web-dev     | web:dev:       title: "Create initial organization",
compose-web-dev     | web:dev:       status: "completed",
compose-web-dev     | web:dev:     }, {
compose-web-dev     | web:dev:       id: "assign_owner_membership",
compose-web-dev     | web:dev:       title: "Assign organization owner",
compose-web-dev     | web:dev:       status: "completed",
compose-web-dev     | web:dev:     }, {
compose-web-dev     | web:dev:       id: "finalize",
compose-web-dev     | web:dev:       title: "Finalize setup",
compose-web-dev     | web:dev:       status: "completed",
compose-web-dev     | web:dev:     }
compose-web-dev     | web:dev:   ],
compose-web-dev     | web:dev:   completedAt: "2026-03-24T12:08:00.382Z",
compose-web-dev     | web:dev: }
compose-web-dev     | web:dev:  GET / 200 in 141ms (compile: 1727µs, proxy.ts: 112ms, render: 28ms)
compose-api-dev     | api:dev: [95m[Nest] 190  - [39m03/24/2026, 12:08:00 PM [95m  DEBUG[39m [38;5;3m[LoggerMiddleware] [39m[95m[99ec27c603f2] "GET [32m/user?query%5Blimit%5D=20&query%5Boffset%5D=0&query%5Bfilter%5D%5B_or%5D%5B0%5D%5Bname%5D%5Boperator%5D=ilike&query%5Bfilter%5D%5B_or%5D%5B0%5D%5Bname%5D%5Bvalue%5D=&query%5Bfilter%5D%5B_or%5D%5B1%5D%5Bemail%5D%5Boperator%5D=ilike&query%5Bfilter%5D%5B_or%5D%5B1%5D%5Bemail%5D%5Bvalue%5D=[0m" 200 OK undefined "http://localhost:3000/" "Mozilla/5.0 (X11; Linux x86_64) AppleWebKit/537.36 (KHTML, like Gecko) Chrome/146.0.0.0 Safari/537.36" "::ffff:172.23.0.1"[39m
compose-web-dev     | web:dev: Setup status: {
compose-web-dev     | web:dev:   state: "completed",
compose-web-dev     | web:dev:   needsSetup: false,
compose-web-dev     | web:dev:   hasUsers: true,
compose-web-dev     | web:dev:   hasOrganizations: true,
compose-web-dev     | web:dev:   bootstrapStrategy: "local_instance",
compose-web-dev     | web:dev:   availableStrategies: [ "local_instance", "remote_instance" ],
compose-web-dev     | web:dev:   currentStep: null,
compose-web-dev     | web:dev:   progressPercent: 100,
compose-web-dev     | web:dev:   steps: [
compose-web-dev     | web:dev:     {
compose-web-dev     | web:dev:       id: "check_prerequisites",
compose-web-dev     | web:dev:       title: "Check prerequisites",
compose-web-dev     | web:dev:       status: "completed",
compose-web-dev     | web:dev:     }, {
compose-web-dev     | web:dev:       id: "choose_bootstrap_strategy",
compose-web-dev     | web:dev:       title: "Choose bootstrap strategy",
compose-web-dev     | web:dev:       status: "completed",
compose-web-dev     | web:dev:     }, {
compose-web-dev     | web:dev:       id: "connect_remote_instance",
compose-web-dev     | web:dev:       title: "Connect remote instance",
compose-web-dev     | web:dev:       status: "skipped",
compose-web-dev     | web:dev:     }, {
compose-web-dev     | web:dev:       id: "create_initial_user",
compose-web-dev     | web:dev:       title: "Create initial admin user",
compose-web-dev     | web:dev:       status: "completed",
compose-web-dev     | web:dev:     }, {
compose-web-dev     | web:dev:       id: "create_initial_organization",
compose-web-dev     | web:dev:       title: "Create initial organization",
compose-web-dev     | web:dev:       status: "completed",
compose-web-dev     | web:dev:     }, {
compose-web-dev     | web:dev:       id: "assign_owner_membership",
compose-web-dev     | web:dev:       title: "Assign organization owner",
compose-web-dev     | web:dev:       status: "completed",
compose-web-dev     | web:dev:     }, {
compose-web-dev     | web:dev:       id: "finalize",
compose-web-dev     | web:dev:       title: "Finalize setup",
compose-web-dev     | web:dev:       status: "completed",
compose-web-dev     | web:dev:     }
compose-web-dev     | web:dev:   ],
compose-web-dev     | web:dev:   completedAt: "2026-03-24T12:08:00.382Z",
compose-web-dev     | web:dev: }
compose-web-dev     | web:dev:  GET /dashboard 200 in 37ms (compile: 3ms, proxy.ts: 7ms, render: 28ms)
compose-api-dev     | api:dev: [95m[Nest] 190  - [39m03/24/2026, 12:08:04 PM [95m  DEBUG[39m [38;5;3m[LoggerMiddleware] [39m[95m[99ec27c603f2] "GET [32m/user?query%5Blimit%5D=20&query%5Boffset%5D=0&query%5Bfilter%5D%5B_or%5D%5B0%5D%5Bname%5D%5Boperator%5D=ilike&query%5Bfilter%5D%5B_or%5D%5B0%5D%5Bname%5D%5Bvalue%5D=&query%5Bfilter%5D%5B_or%5D%5B1%5D%5Bemail%5D%5Boperator%5D=ilike&query%5Bfilter%5D%5B_or%5D%5B1%5D%5Bemail%5D%5Bvalue%5D=[0m" 200 OK undefined "http://localhost:3000/" "Mozilla/5.0 (X11; Linux x86_64) AppleWebKit/537.36 (KHTML, like Gecko) Chrome/146.0.0.0 Safari/537.36" "::ffff:172.23.0.1"[39m
compose-web-dev     | web:dev: Setup status: {
compose-web-dev     | web:dev:   state: "completed",
compose-web-dev     | web:dev:   needsSetup: false,
compose-web-dev     | web:dev:   hasUsers: true,
compose-web-dev     | web:dev:   hasOrganizations: true,
compose-web-dev     | web:dev:   bootstrapStrategy: "local_instance",
compose-web-dev     | web:dev:   availableStrategies: [ "local_instance", "remote_instance" ],
compose-web-dev     | web:dev:   currentStep: null,
compose-web-dev     | web:dev:   progressPercent: 100,
compose-web-dev     | web:dev:   steps: [
compose-web-dev     | web:dev:     {
compose-web-dev     | web:dev:       id: "check_prerequisites",
compose-web-dev     | web:dev:       title: "Check prerequisites",
compose-web-dev     | web:dev:       status: "completed",
compose-web-dev     | web:dev:     }, {
compose-web-dev     | web:dev:       id: "choose_bootstrap_strategy",
compose-web-dev     | web:dev:       title: "Choose bootstrap strategy",
compose-web-dev     | web:dev:       status: "completed",
compose-web-dev     | web:dev:     }, {
compose-web-dev     | web:dev:       id: "connect_remote_instance",
compose-web-dev     | web:dev:       title: "Connect remote instance",
compose-web-dev     | web:dev:       status: "skipped",
compose-web-dev     | web:dev:     }, {
compose-web-dev     | web:dev:       id: "create_initial_user",
compose-web-dev     | web:dev:       title: "Create initial admin user",
compose-web-dev     | web:dev:       status: "completed",
compose-web-dev     | web:dev:     }, {
compose-web-dev     | web:dev:       id: "create_initial_organization",
compose-web-dev     | web:dev:       title: "Create initial organization",
compose-web-dev     | web:dev:       status: "completed",
compose-web-dev     | web:dev:     }, {
compose-web-dev     | web:dev:       id: "assign_owner_membership",
compose-web-dev     | web:dev:       title: "Assign organization owner",
compose-web-dev     | web:dev:       status: "completed",
compose-web-dev     | web:dev:     }, {
compose-web-dev     | web:dev:       id: "finalize",
compose-web-dev     | web:dev:       title: "Finalize setup",
compose-web-dev     | web:dev:       status: "completed",
compose-web-dev     | web:dev:     }
compose-web-dev     | web:dev:   ],
compose-web-dev     | web:dev:   completedAt: "2026-03-24T12:08:00.382Z",
compose-web-dev     | web:dev: }
compose-web-dev     | web:dev:  GET / 200 in 39ms (compile: 3ms, proxy.ts: 6ms, render: 31ms)
compose-api-dev     | api:dev: [95m[Nest] 190  - [39m03/24/2026, 12:08:35 PM [95m  DEBUG[39m [38;5;3m[LoggerMiddleware] [39m[95m[99ec27c603f2] "GET [32m/user?query%5Blimit%5D=20&query%5Boffset%5D=0&query%5Bfilter%5D%5B_or%5D%5B0%5D%5Bname%5D%5Boperator%5D=ilike&query%5Bfilter%5D%5B_or%5D%5B0%5D%5Bname%5D%5Bvalue%5D=&query%5Bfilter%5D%5B_or%5D%5B1%5D%5Bemail%5D%5Boperator%5D=ilike&query%5Bfilter%5D%5B_or%5D%5B1%5D%5Bemail%5D%5Bvalue%5D=[0m" 200 OK undefined "http://localhost:3000/" "Mozilla/5.0 (X11; Linux x86_64) AppleWebKit/537.36 (KHTML, like Gecko) Chrome/146.0.0.0 Safari/537.36" "::ffff:172.23.0.1"[39m
[92m                    ⦿ [0mSyncing service "lb-dev" after 1 changes were detected
[92m                    ⦿ [0mSyncing service "api-dev" after 1 changes were detected
[92m                    ⦿ [0mSyncing service "web-dev" after 1 changes were detected
[92m                    ⦿ [0mSyncing service "doc-dev" after 1 changes were detected
compose-web-dev     | web:dev: ✓ Compiled in 1239ms
compose-web-dev     | web:dev: Setup status: {
compose-web-dev     | web:dev:   state: "completed",
compose-web-dev     | web:dev:   needsSetup: false,
compose-web-dev     | web:dev:   hasUsers: true,
compose-web-dev     | web:dev:   hasOrganizations: true,
compose-web-dev     | web:dev:   bootstrapStrategy: "local_instance",
compose-web-dev     | web:dev:   availableStrategies: [ "local_instance", "remote_instance" ],
compose-web-dev     | web:dev:   currentStep: null,
compose-web-dev     | web:dev:   progressPercent: 100,
compose-web-dev     | web:dev:   steps: [
compose-web-dev     | web:dev:     {
compose-web-dev     | web:dev:       id: "check_prerequisites",
compose-web-dev     | web:dev:       title: "Check prerequisites",
compose-web-dev     | web:dev:       status: "completed",
compose-web-dev     | web:dev:     }, {
compose-web-dev     | web:dev:       id: "choose_bootstrap_strategy",
compose-web-dev     | web:dev:       title: "Choose bootstrap strategy",
compose-web-dev     | web:dev:       status: "completed",
compose-web-dev     | web:dev:     }, {
compose-web-dev     | web:dev:       id: "connect_remote_instance",
compose-web-dev     | web:dev:       title: "Connect remote instance",
compose-web-dev     | web:dev:       status: "skipped",
compose-web-dev     | web:dev:     }, {
compose-web-dev     | web:dev:       id: "create_initial_user",
compose-web-dev     | web:dev:       title: "Create initial admin user",
compose-web-dev     | web:dev:       status: "completed",
compose-web-dev     | web:dev:     }, {
compose-web-dev     | web:dev:       id: "create_initial_organization",
compose-web-dev     | web:dev:       title: "Create initial organization",
compose-web-dev     | web:dev:       status: "completed",
compose-web-dev     | web:dev:     }, {
compose-web-dev     | web:dev:       id: "assign_owner_membership",
compose-web-dev     | web:dev:       title: "Assign organization owner",
compose-web-dev     | web:dev:       status: "completed",
compose-web-dev     | web:dev:     }, {
compose-web-dev     | web:dev:       id: "finalize",
compose-web-dev     | web:dev:       title: "Finalize setup",
compose-web-dev     | web:dev:       status: "completed",
compose-web-dev     | web:dev:     }
compose-web-dev     | web:dev:   ],
compose-web-dev     | web:dev:   completedAt: "2026-03-24T12:10:32.709Z",
compose-web-dev     | web:dev: }
compose-api-dev     | api:dev: [95m[Nest] 190  - [39m03/24/2026, 12:10:32 PM [95m  DEBUG[39m [38;5;3m[LoggerMiddleware] [39m[95m[99ec27c603f2] "GET [32m/setup/status[0m" 200 OK undefined "" "Bun/1.3.9" "::ffff:172.23.0.7"[39m
compose-web-dev     | web:dev:  GET / 200 in 450ms (compile: 12ms, proxy.ts: 141ms, render: 297ms)
compose-api-dev     | api:dev: [95m[Nest] 190  - [39m03/24/2026, 12:10:35 PM [95m  DEBUG[39m [38;5;3m[LoggerMiddleware] [39m[95m[99ec27c603f2] "GET [32m/user?query%5Blimit%5D=20&query%5Boffset%5D=0&query%5Bfilter%5D%5B_or%5D%5B0%5D%5Bname%5D%5Boperator%5D=ilike&query%5Bfilter%5D%5B_or%5D%5B0%5D%5Bname%5D%5Bvalue%5D=&query%5Bfilter%5D%5B_or%5D%5B1%5D%5Bemail%5D%5Boperator%5D=ilike&query%5Bfilter%5D%5B_or%5D%5B1%5D%5Bemail%5D%5Bvalue%5D=[0m" 200 OK undefined "http://localhost:3000/" "Mozilla/5.0 (X11; Linux x86_64) AppleWebKit/537.36 (KHTML, like Gecko) Chrome/146.0.0.0 Safari/537.36" "::ffff:172.23.0.1"[39m
[92m                    ⦿ [0mSyncing service "web-dev" after 1 changes were detected
[92m                    ⦿ [0mSyncing service "doc-dev" after 1 changes were detected
[92m                    ⦿ [0mSyncing service "lb-dev" after 1 changes were detected
[92m                    ⦿ [0mSyncing service "api-dev" after 1 changes were detected
compose-api-dev     | api:dev: [95m[Nest] 190  - [39m03/24/2026, 12:14:04 PM [95m  DEBUG[39m [38;5;3m[LoggerMiddleware] [39m[95m[99ec27c603f2] "GET [32m/setup/status[0m" 200 OK undefined "" "Bun/1.3.9" "::ffff:172.23.0.7"[39m
compose-web-dev     | web:dev: Setup status: {
compose-web-dev     | web:dev:   state: "completed",
compose-web-dev     | web:dev:   needsSetup: false,
compose-web-dev     | web:dev:   hasUsers: true,
compose-web-dev     | web:dev:   hasOrganizations: true,
compose-web-dev     | web:dev:   bootstrapStrategy: "local_instance",
compose-web-dev     | web:dev:   availableStrategies: [ "local_instance", "remote_instance" ],
compose-web-dev     | web:dev:   currentStep: null,
compose-web-dev     | web:dev:   progressPercent: 100,
compose-web-dev     | web:dev:   steps: [
compose-web-dev     | web:dev:     {
compose-web-dev     | web:dev:       id: "check_prerequisites",
compose-web-dev     | web:dev:       title: "Check prerequisites",
compose-web-dev     | web:dev:       status: "completed",
compose-web-dev     | web:dev:     }, {
compose-web-dev     | web:dev:       id: "choose_bootstrap_strategy",
compose-web-dev     | web:dev:       title: "Choose bootstrap strategy",
compose-web-dev     | web:dev:       status: "completed",
compose-web-dev     | web:dev:     }, {
compose-web-dev     | web:dev:       id: "connect_remote_instance",
compose-web-dev     | web:dev:       title: "Connect remote instance",
compose-web-dev     | web:dev:       status: "skipped",
compose-web-dev     | web:dev:     }, {
compose-web-dev     | web:dev:       id: "create_initial_user",
compose-web-dev     | web:dev:       title: "Create initial admin user",
compose-web-dev     | web:dev:       status: "completed",
compose-web-dev     | web:dev:     }, {
compose-web-dev     | web:dev:       id: "create_initial_organization",
compose-web-dev     | web:dev:       title: "Create initial organization",
compose-web-dev     | web:dev:       status: "completed",
compose-web-dev     | web:dev:     }, {
compose-web-dev     | web:dev:       id: "assign_owner_membership",
compose-web-dev     | web:dev:       title: "Assign organization owner",
compose-web-dev     | web:dev:       status: "completed",
compose-web-dev     | web:dev:     }, {
compose-web-dev     | web:dev:       id: "finalize",
compose-web-dev     | web:dev:       title: "Finalize setup",
compose-web-dev     | web:dev:       status: "completed",
compose-web-dev     | web:dev:     }
compose-web-dev     | web:dev:   ],
compose-web-dev     | web:dev:   completedAt: "2026-03-24T12:14:04.633Z",
compose-web-dev     | web:dev: }
compose-web-dev     | web:dev:  GET / 200 in 240ms (compile: 11ms, proxy.ts: 70ms, render: 160ms)
compose-api-dev     | api:dev: [95m[Nest] 190  - [39m03/24/2026, 12:14:10 PM [95m  DEBUG[39m [38;5;3m[LoggerMiddleware] [39m[95m[99ec27c603f2] "GET [32m/setup/status[0m" 200 OK undefined "" "Bun/1.3.9" "::ffff:172.23.0.7"[39m
compose-web-dev     | web:dev: Setup status: {
compose-web-dev     | web:dev:   state: "completed",
compose-web-dev     | web:dev:   needsSetup: false,
compose-web-dev     | web:dev:   hasUsers: true,
compose-web-dev     | web:dev:   hasOrganizations: true,
compose-web-dev     | web:dev:   bootstrapStrategy: "local_instance",
compose-web-dev     | web:dev:   availableStrategies: [ "local_instance", "remote_instance" ],
compose-web-dev     | web:dev:   currentStep: null,
compose-web-dev     | web:dev:   progressPercent: 100,
compose-web-dev     | web:dev:   steps: [
compose-web-dev     | web:dev:     {
compose-web-dev     | web:dev:       id: "check_prerequisites",
compose-web-dev     | web:dev:       title: "Check prerequisites",
compose-web-dev     | web:dev:       status: "completed",
compose-web-dev     | web:dev:     }, {
compose-web-dev     | web:dev:       id: "choose_bootstrap_strategy",
compose-web-dev     | web:dev:       title: "Choose bootstrap strategy",
compose-web-dev     | web:dev:       status: "completed",
compose-web-dev     | web:dev:     }, {
compose-web-dev     | web:dev:       id: "connect_remote_instance",
compose-web-dev     | web:dev:       title: "Connect remote instance",
compose-web-dev     | web:dev:       status: "skipped",
compose-web-dev     | web:dev:     }, {
compose-web-dev     | web:dev:       id: "create_initial_user",
compose-web-dev     | web:dev:       title: "Create initial admin user",
compose-web-dev     | web:dev:       status: "completed",
compose-web-dev     | web:dev:     }, {
compose-web-dev     | web:dev:       id: "create_initial_organization",
compose-web-dev     | web:dev:       title: "Create initial organization",
compose-web-dev     | web:dev:       status: "completed",
compose-web-dev     | web:dev:     }, {
compose-web-dev     | web:dev:       id: "assign_owner_membership",
compose-web-dev     | web:dev:       title: "Assign organization owner",
compose-web-dev     | web:dev:       status: "completed",
compose-web-dev     | web:dev:     }, {
compose-web-dev     | web:dev:       id: "finalize",
compose-web-dev     | web:dev:       title: "Finalize setup",
compose-web-dev     | web:dev:       status: "completed",
compose-web-dev     | web:dev:     }
compose-web-dev     | web:dev:   ],
compose-web-dev     | web:dev:   completedAt: "2026-03-24T12:14:10.943Z",
compose-web-dev     | web:dev: }
compose-web-dev     | web:dev:  GET /dashboard 200 in 795ms (compile: 115ms, proxy.ts: 430ms, render: 250ms)
compose-api-dev     | api:dev: [95m[Nest] 190  - [39m03/24/2026, 12:14:13 PM [95m  DEBUG[39m [38;5;3m[LoggerMiddleware] [39m[95m[99ec27c603f2] "GET [32m/user?query%5Blimit%5D=20&query%5Boffset%5D=0&query%5Bfilter%5D%5B_or%5D%5B0%5D%5Bname%5D%5Boperator%5D=ilike&query%5Bfilter%5D%5B_or%5D%5B0%5D%5Bname%5D%5Bvalue%5D=&query%5Bfilter%5D%5B_or%5D%5B1%5D%5Bemail%5D%5Boperator%5D=ilike&query%5Bfilter%5D%5B_or%5D%5B1%5D%5Bemail%5D%5Bvalue%5D=[0m" 200 OK undefined "http://localhost:3000/" "Mozilla/5.0 (X11; Linux x86_64) AppleWebKit/537.36 (KHTML, like Gecko) Chrome/146.0.0.0 Safari/537.36" "::ffff:172.23.0.1"[39m
compose-web-dev     | web:dev: Setup status: {
compose-web-dev     | web:dev:   state: "completed",
compose-web-dev     | web:dev:   needsSetup: false,
compose-web-dev     | web:dev:   hasUsers: true,
compose-web-dev     | web:dev:   hasOrganizations: true,
compose-web-dev     | web:dev:   bootstrapStrategy: "local_instance",
compose-web-dev     | web:dev:   availableStrategies: [ "local_instance", "remote_instance" ],
compose-web-dev     | web:dev:   currentStep: null,
compose-web-dev     | web:dev:   progressPercent: 100,
compose-web-dev     | web:dev:   steps: [
compose-web-dev     | web:dev:     {
compose-web-dev     | web:dev:       id: "check_prerequisites",
compose-web-dev     | web:dev:       title: "Check prerequisites",
compose-web-dev     | web:dev:       status: "completed",
compose-web-dev     | web:dev:     }, {
compose-web-dev     | web:dev:       id: "choose_bootstrap_strategy",
compose-web-dev     | web:dev:       title: "Choose bootstrap strategy",
compose-web-dev     | web:dev:       status: "completed",
compose-web-dev     | web:dev:     }, {
compose-web-dev     | web:dev:       id: "connect_remote_instance",
compose-web-dev     | web:dev:       title: "Connect remote instance",
compose-web-dev     | web:dev:       status: "skipped",
compose-web-dev     | web:dev:     }, {
compose-web-dev     | web:dev:       id: "create_initial_user",
compose-web-dev     | web:dev:       title: "Create initial admin user",
compose-web-dev     | web:dev:       status: "completed",
compose-web-dev     | web:dev:     }, {
compose-web-dev     | web:dev:       id: "create_initial_organization",
compose-web-dev     | web:dev:       title: "Create initial organization",
compose-web-dev     | web:dev:       status: "completed",
compose-web-dev     | web:dev:     }, {
compose-web-dev     | web:dev:       id: "assign_owner_membership",
compose-web-dev     | web:dev:       title: "Assign organization owner",
compose-web-dev     | web:dev:       status: "completed",
compose-web-dev     | web:dev:     }, {
compose-web-dev     | web:dev:       id: "finalize",
compose-web-dev     | web:dev:       title: "Finalize setup",
compose-web-dev     | web:dev:       status: "completed",
compose-web-dev     | web:dev:     }
compose-web-dev     | web:dev:   ],
compose-web-dev     | web:dev:   completedAt: "2026-03-24T12:14:10.943Z",
compose-web-dev     | web:dev: }
compose-web-dev     | web:dev: Setup status: {
compose-web-dev     | web:dev:   state: "completed",
compose-web-dev     | web:dev:   needsSetup: false,
compose-web-dev     | web:dev:   hasUsers: true,
compose-web-dev     | web:dev:   hasOrganizations: true,
compose-web-dev     | web:dev:   bootstrapStrategy: "local_instance",
compose-web-dev     | web:dev:   availableStrategies: [ "local_instance", "remote_instance" ],
compose-web-dev     | web:dev:   currentStep: null,
compose-web-dev     | web:dev:   progressPercent: 100,
compose-web-dev     | web:dev:   steps: [
compose-web-dev     | web:dev:     {
compose-web-dev     | web:dev:       id: "check_prerequisites",
compose-web-dev     | web:dev:       title: "Check prerequisites",
compose-web-dev     | web:dev:       status: "completed",
compose-web-dev     | web:dev:     }, {
compose-web-dev     | web:dev:       id: "choose_bootstrap_strategy",
compose-web-dev     | web:dev:       title: "Choose bootstrap strategy",
compose-web-dev     | web:dev:       status: "completed",
compose-web-dev     | web:dev:     }, {
compose-web-dev     | web:dev:       id: "connect_remote_instance",
compose-web-dev     | web:dev:       title: "Connect remote instance",
compose-web-dev     | web:dev:       status: "skipped",
compose-web-dev     | web:dev:     }, {
compose-web-dev     | web:dev:       id: "create_initial_user",
compose-web-dev     | web:dev:       title: "Create initial admin user",
compose-web-dev     | web:dev:       status: "completed",
compose-web-dev     | web:dev:     }, {
compose-web-dev     | web:dev:       id: "create_initial_organization",
compose-web-dev     | web:dev:       title: "Create initial organization",
compose-web-dev     | web:dev:       status: "completed",
compose-web-dev     | web:dev:     }, {
compose-web-dev     | web:dev:       id: "assign_owner_membership",
compose-web-dev     | web:dev:       title: "Assign organization owner",
compose-web-dev     | web:dev:       status: "completed",
compose-web-dev     | web:dev:     }, {
compose-web-dev     | web:dev:       id: "finalize",
compose-web-dev     | web:dev:       title: "Finalize setup",
compose-web-dev     | web:dev:       status: "completed",
compose-web-dev     | web:dev:     }
compose-web-dev     | web:dev:   ],
compose-web-dev     | web:dev:   completedAt: "2026-03-24T12:14:10.943Z",
compose-web-dev     | web:dev: }
compose-web-dev     | web:dev: Next.js cannot guarantee that Cache Components will run as expected due to the current runtime's implementation of `setTimeout()`.
compose-web-dev     | web:dev: Please report a github issue here: https://github.com/vercel/next.js/issues/new/
compose-web-dev     | web:dev:  GET /dashboard/admin/servers 200 in 1883ms (compile: 1855ms, proxy.ts: 9ms, render: 19ms)
[92m                    ⦿ [0mSyncing service "lb-dev" after 1 changes were detected
[92m                    ⦿ [0mSyncing service "api-dev" after 1 changes were detected
[92m                    ⦿ [0mSyncing service "web-dev" after 1 changes were detected
[92m                    ⦿ [0mSyncing service "doc-dev" after 1 changes were detected
compose-web-dev     | web:dev: ✓ Compiled in 746ms
compose-web-dev     | web:dev: Setup status: {
compose-web-dev     | web:dev:   state: "completed",
compose-web-dev     | web:dev:   needsSetup: false,
compose-web-dev     | web:dev:   hasUsers: true,
compose-web-dev     | web:dev:   hasOrganizations: true,
compose-web-dev     | web:dev:   bootstrapStrategy: "local_instance",
compose-web-dev     | web:dev:   availableStrategies: [ "local_instance", "remote_instance" ],
compose-web-dev     | web:dev:   currentStep: null,
compose-web-dev     | web:dev:   progressPercent: 100,
compose-web-dev     | web:dev:   steps: [
compose-web-dev     | web:dev:     {
compose-web-dev     | web:dev:       id: "check_prerequisites",
compose-web-dev     | web:dev:       title: "Check prerequisites",
compose-web-dev     | web:dev:       status: "completed",
compose-web-dev     | web:dev:     }, {
compose-web-dev     | web:dev:       id: "choose_bootstrap_strategy",
compose-web-dev     | web:dev:       title: "Choose bootstrap strategy",
compose-web-dev     | web:dev:       status: "completed",
compose-web-dev     | web:dev:     }, {
compose-web-dev     | web:dev:       id: "connect_remote_instance",
compose-web-dev     | web:dev:       title: "Connect remote instance",
compose-web-dev     | web:dev:       status: "skipped",
compose-web-dev     | web:dev:     }, {
compose-web-dev     | web:dev:       id: "create_initial_user",
compose-web-dev     | web:dev:       title: "Create initial admin user",
compose-web-dev     | web:dev:       status: "completed",
compose-web-dev     | web:dev:     }, {
compose-web-dev     | web:dev:       id: "create_initial_organization",
compose-web-dev     | web:dev:       title: "Create initial organization",
compose-web-dev     | web:dev:       status: "completed",
compose-web-dev     | web:dev:     }, {
compose-web-dev     | web:dev:       id: "assign_owner_membership",
compose-web-dev     | web:dev:       title: "Assign organization owner",
compose-web-dev     | web:dev:       status: "completed",
compose-web-dev     | web:dev:     }, {
compose-web-dev     | web:dev:       id: "finalize",
compose-web-dev     | web:dev:       title: "Finalize setup",
compose-web-dev     | web:dev:       status: "completed",
compose-web-dev     | web:dev:     }
compose-web-dev     | web:dev:   ],
compose-web-dev     | web:dev:   completedAt: "2026-03-24T12:17:07.045Z",
compose-web-dev     | web:dev: }
compose-api-dev     | api:dev: [95m[Nest] 190  - [39m03/24/2026, 12:17:07 PM [95m  DEBUG[39m [38;5;3m[LoggerMiddleware] [39m[95m[99ec27c603f2] "GET [32m/setup/status[0m" 200 OK undefined "" "Bun/1.3.9" "::ffff:172.23.0.7"[39m
compose-web-dev     | web:dev:  GET /dashboard/admin/servers 200 in 1114ms (compile: 75ms, proxy.ts: 53ms, render: 986ms)
compose-api-dev     | api:dev: [95m[Nest] 190  - [39m03/24/2026, 12:17:08 PM [95m  DEBUG[39m [38;5;3m[LoggerMiddleware] [39m[95m[99ec27c603f2] "GET [32m/setup/status[0m" 200 OK undefined "" "Bun/1.3.9" "::ffff:172.23.0.7"[39m
compose-web-dev     | web:dev: Setup status: {
compose-web-dev     | web:dev:   state: "completed",
compose-web-dev     | web:dev:   needsSetup: false,
compose-web-dev     | web:dev:   hasUsers: true,
compose-web-dev     | web:dev:   hasOrganizations: true,
compose-web-dev     | web:dev:   bootstrapStrategy: "local_instance",
compose-web-dev     | web:dev:   availableStrategies: [ "local_instance", "remote_instance" ],
compose-web-dev     | web:dev:   currentStep: null,
compose-web-dev     | web:dev:   progressPercent: 100,
compose-web-dev     | web:dev:   steps: [
compose-web-dev     | web:dev:     {
compose-web-dev     | web:dev:       id: "check_prerequisites",
compose-web-dev     | web:dev:       title: "Check prerequisites",
compose-web-dev     | web:dev:       status: "completed",
compose-web-dev     | web:dev:     }, {
compose-web-dev     | web:dev:       id: "choose_bootstrap_strategy",
compose-web-dev     | web:dev:       title: "Choose bootstrap strategy",
compose-web-dev     | web:dev:       status: "completed",
compose-web-dev     | web:dev:     }, {
compose-web-dev     | web:dev:       id: "connect_remote_instance",
compose-web-dev     | web:dev:       title: "Connect remote instance",
compose-web-dev     | web:dev:       status: "skipped",
compose-web-dev     | web:dev:     }, {
compose-web-dev     | web:dev:       id: "create_initial_user",
compose-web-dev     | web:dev:       title: "Create initial admin user",
compose-web-dev     | web:dev:       status: "completed",
compose-web-dev     | web:dev:     }, {
compose-web-dev     | web:dev:       id: "create_initial_organization",
compose-web-dev     | web:dev:       title: "Create initial organization",
compose-web-dev     | web:dev:       status: "completed",
compose-web-dev     | web:dev:     }, {
compose-web-dev     | web:dev:       id: "assign_owner_membership",
compose-web-dev     | web:dev:       title: "Assign organization owner",
compose-web-dev     | web:dev:       status: "completed",
compose-web-dev     | web:dev:     }, {
compose-web-dev     | web:dev:       id: "finalize",
compose-web-dev     | web:dev:       title: "Finalize setup",
compose-web-dev     | web:dev:       status: "completed",
compose-web-dev     | web:dev:     }
compose-web-dev     | web:dev:   ],
compose-web-dev     | web:dev:   completedAt: "2026-03-24T12:17:08.126Z",
compose-web-dev     | web:dev: }
compose-web-dev     | web:dev:  GET /dashboard/admin/servers 200 in 961ms (compile: 11ms, proxy.ts: 814ms, render: 136ms)
compose-api-dev     | api:dev: [95m[Nest] 190  - [39m03/24/2026, 12:17:09 PM [95m  DEBUG[39m [38;5;3m[LoggerMiddleware] [39m[95m[99ec27c603f2] "GET [32m/user?query%5Blimit%5D=20&query%5Boffset%5D=0&query%5Bfilter%5D%5B_or%5D%5B0%5D%5Bname%5D%5Boperator%5D=ilike&query%5Bfilter%5D%5B_or%5D%5B0%5D%5Bname%5D%5Bvalue%5D=&query%5Bfilter%5D%5B_or%5D%5B1%5D%5Bemail%5D%5Boperator%5D=ilike&query%5Bfilter%5D%5B_or%5D%5B1%5D%5Bemail%5D%5Bvalue%5D=[0m" 200 OK undefined "http://localhost:3000/" "Mozilla/5.0 (X11; Linux x86_64) AppleWebKit/537.36 (KHTML, like Gecko) Chrome/146.0.0.0 Safari/537.36" "::ffff:172.23.0.1"[39m
[92m                    ⦿ [0mSyncing service "web-dev" after 1 changes were detected
[92m                    ⦿ [0mSyncing service "doc-dev" after 1 changes were detected
[92m                    ⦿ [0mSyncing service "lb-dev" after 1 changes were detected
[92m                    ⦿ [0mSyncing service "api-dev" after 1 changes were detected
compose-api-dev     | api:dev: [95m[Nest] 190  - [39m03/24/2026, 12:17:13 PM [95m  DEBUG[39m [38;5;3m[LoggerMiddleware] [39m[95m[99ec27c603f2] "GET [32m/setup/status[0m" 200 OK undefined "" "Bun/1.3.9" "::ffff:172.23.0.7"[39m
compose-web-dev     | web:dev: ✓ Compiled in 193ms
compose-web-dev     | web:dev: Setup status: {
compose-web-dev     | web:dev:   state: "completed",
compose-web-dev     | web:dev:   needsSetup: false,
compose-web-dev     | web:dev:   hasUsers: true,
compose-web-dev     | web:dev:   hasOrganizations: true,
compose-web-dev     | web:dev:   bootstrapStrategy: "local_instance",
compose-web-dev     | web:dev:   availableStrategies: [ "local_instance", "remote_instance" ],
compose-web-dev     | web:dev:   currentStep: null,
compose-web-dev     | web:dev:   progressPercent: 100,
compose-web-dev     | web:dev:   steps: [
compose-web-dev     | web:dev:     {
compose-web-dev     | web:dev:       id: "check_prerequisites",
compose-web-dev     | web:dev:       title: "Check prerequisites",
compose-web-dev     | web:dev:       status: "completed",
compose-web-dev     | web:dev:     }, {
compose-web-dev     | web:dev:       id: "choose_bootstrap_strategy",
compose-web-dev     | web:dev:       title: "Choose bootstrap strategy",
compose-web-dev     | web:dev:       status: "completed",
compose-web-dev     | web:dev:     }, {
compose-web-dev     | web:dev:       id: "connect_remote_instance",
compose-web-dev     | web:dev:       title: "Connect remote instance",
compose-web-dev     | web:dev:       status: "skipped",
compose-web-dev     | web:dev:     }, {
compose-web-dev     | web:dev:       id: "create_initial_user",
compose-web-dev     | web:dev:       title: "Create initial admin user",
compose-web-dev     | web:dev:       status: "completed",
compose-web-dev     | web:dev:     }, {
compose-web-dev     | web:dev:       id: "create_initial_organization",
compose-web-dev     | web:dev:       title: "Create initial organization",
compose-web-dev     | web:dev:       status: "completed",
compose-web-dev     | web:dev:     }, {
compose-web-dev     | web:dev:       id: "assign_owner_membership",
compose-web-dev     | web:dev:       title: "Assign organization owner",
compose-web-dev     | web:dev:       status: "completed",
compose-web-dev     | web:dev:     }, {
compose-web-dev     | web:dev:       id: "finalize",
compose-web-dev     | web:dev:       title: "Finalize setup",
compose-web-dev     | web:dev:       status: "completed",
compose-web-dev     | web:dev:     }
compose-web-dev     | web:dev:   ],
compose-web-dev     | web:dev:   completedAt: "2026-03-24T12:17:13.572Z",
compose-web-dev     | web:dev: }
compose-api-dev     | api:dev: [95m[Nest] 190  - [39m03/24/2026, 12:17:14 PM [95m  DEBUG[39m [38;5;3m[LoggerMiddleware] [39m[95m[99ec27c603f2] "GET [32m/setup/status[0m" 200 OK undefined "" "Bun/1.3.9" "::ffff:172.23.0.7"[39m
compose-web-dev     | web:dev: Setup status: {
compose-web-dev     | web:dev:   state: "completed",
compose-web-dev     | web:dev:   needsSetup: false,
compose-web-dev     | web:dev:   hasUsers: true,
compose-web-dev     | web:dev:   hasOrganizations: true,
compose-web-dev     | web:dev:   bootstrapStrategy: "local_instance",
compose-web-dev     | web:dev:   availableStrategies: [ "local_instance", "remote_instance" ],
compose-web-dev     | web:dev:   currentStep: null,
compose-web-dev     | web:dev:   progressPercent: 100,
compose-web-dev     | web:dev:   steps: [
compose-web-dev     | web:dev:     {
compose-web-dev     | web:dev:       id: "check_prerequisites",
compose-web-dev     | web:dev:       title: "Check prerequisites",
compose-web-dev     | web:dev:       status: "completed",
compose-web-dev     | web:dev:     }, {
compose-web-dev     | web:dev:       id: "choose_bootstrap_strategy",
compose-web-dev     | web:dev:       title: "Choose bootstrap strategy",
compose-web-dev     | web:dev:       status: "completed",
compose-web-dev     | web:dev:     }, {
compose-web-dev     | web:dev:       id: "connect_remote_instance",
compose-web-dev     | web:dev:       title: "Connect remote instance",
compose-web-dev     | web:dev:       status: "skipped",
compose-web-dev     | web:dev:     }, {
compose-web-dev     | web:dev:       id: "create_initial_user",
compose-web-dev     | web:dev:       title: "Create initial admin user",
compose-web-dev     | web:dev:       status: "completed",
compose-web-dev     | web:dev:     }, {
compose-web-dev     | web:dev:       id: "create_initial_organization",
compose-web-dev     | web:dev:       title: "Create initial organization",
compose-web-dev     | web:dev:       status: "completed",
compose-web-dev     | web:dev:     }, {
compose-web-dev     | web:dev:       id: "assign_owner_membership",
compose-web-dev     | web:dev:       title: "Assign organization owner",
compose-web-dev     | web:dev:       status: "completed",
compose-web-dev     | web:dev:     }, {
compose-web-dev     | web:dev:       id: "finalize",
compose-web-dev     | web:dev:       title: "Finalize setup",
compose-web-dev     | web:dev:       status: "completed",
compose-web-dev     | web:dev:     }
compose-web-dev     | web:dev:   ],
compose-web-dev     | web:dev:   completedAt: "2026-03-24T12:17:14.117Z",
compose-web-dev     | web:dev: }
compose-web-dev     | web:dev:  GET /dashboard/admin/servers 200 in 664ms (compile: 89ms, proxy.ts: 250ms, render: 325ms)
compose-web-dev     | web:dev:  GET /dashboard/admin/servers 200 in 493ms (compile: 3ms, proxy.ts: 130ms, render: 361ms)
compose-api-dev     | api:dev: [95m[Nest] 190  - [39m03/24/2026, 12:17:14 PM [95m  DEBUG[39m [38;5;3m[LoggerMiddleware] [39m[95m[99ec27c603f2] "GET [32m/user?query%5Blimit%5D=20&query%5Boffset%5D=0&query%5Bfilter%5D%5B_or%5D%5B0%5D%5Bname%5D%5Boperator%5D=ilike&query%5Bfilter%5D%5B_or%5D%5B0%5D%5Bname%5D%5Bvalue%5D=&query%5Bfilter%5D%5B_or%5D%5B1%5D%5Bemail%5D%5Boperator%5D=ilike&query%5Bfilter%5D%5B_or%5D%5B1%5D%5Bemail%5D%5Bvalue%5D=[0m" 200 OK undefined "http://localhost:3000/" "Mozilla/5.0 (X11; Linux x86_64) AppleWebKit/537.36 (KHTML, like Gecko) Chrome/146.0.0.0 Safari/537.36" "::ffff:172.23.0.1"[39m
[92m                    ⦿ [0mSyncing service "web-dev" after 1 changes were detected
[92m                    ⦿ [0mSyncing service "doc-dev" after 1 changes were detected
[92m                    ⦿ [0mSyncing service "lb-dev" after 1 changes were detected
[92m                    ⦿ [0mSyncing service "api-dev" after 1 changes were detected
compose-web-dev     | web:dev: ✓ Compiled in 522ms
compose-web-dev     | web:dev: Setup status: {
compose-web-dev     | web:dev:   state: "completed",
compose-web-dev     | web:dev:   needsSetup: false,
compose-web-dev     | web:dev:   hasUsers: true,
compose-web-dev     | web:dev:   hasOrganizations: true,
compose-web-dev     | web:dev:   bootstrapStrategy: "local_instance",
compose-web-dev     | web:dev:   availableStrategies: [ "local_instance", "remote_instance" ],
compose-web-dev     | web:dev:   currentStep: null,
compose-web-dev     | web:dev:   progressPercent: 100,
compose-web-dev     | web:dev:   steps: [
compose-web-dev     | web:dev:     {
compose-web-dev     | web:dev:       id: "check_prerequisites",
compose-web-dev     | web:dev:       title: "Check prerequisites",
compose-web-dev     | web:dev:       status: "completed",
compose-web-dev     | web:dev:     }, {
compose-web-dev     | web:dev:       id: "choose_bootstrap_strategy",
compose-web-dev     | web:dev:       title: "Choose bootstrap strategy",
compose-web-dev     | web:dev:       status: "completed",
compose-web-dev     | web:dev:     }, {
compose-web-dev     | web:dev:       id: "connect_remote_instance",
compose-web-dev     | web:dev:       title: "Connect remote instance",
compose-web-dev     | web:dev:       status: "skipped",
compose-web-dev     | web:dev:     }, {
compose-web-dev     | web:dev:       id: "create_initial_user",
compose-web-dev     | web:dev:       title: "Create initial admin user",
compose-web-dev     | web:dev:       status: "completed",
compose-web-dev     | web:dev:     }, {
compose-web-dev     | web:dev:       id: "create_initial_organization",
compose-web-dev     | web:dev:       title: "Create initial organization",
compose-web-dev     | web:dev:       status: "completed",
compose-web-dev     | web:dev:     }, {
compose-web-dev     | web:dev:       id: "assign_owner_membership",
compose-web-dev     | web:dev:       title: "Assign organization owner",
compose-web-dev     | web:dev:       status: "completed",
compose-web-dev     | web:dev:     }, {
compose-web-dev     | web:dev:       id: "finalize",
compose-web-dev     | web:dev:       title: "Finalize setup",
compose-web-dev     | web:dev:       status: "completed",
compose-web-dev     | web:dev:     }
compose-web-dev     | web:dev:   ],
compose-web-dev     | web:dev:   completedAt: "2026-03-24T12:17:14.117Z",
compose-web-dev     | web:dev: }
compose-web-dev     | web:dev: Setup status: {
compose-web-dev     | web:dev:   state: "completed",
compose-web-dev     | web:dev:   needsSetup: false,
compose-web-dev     | web:dev:   hasUsers: true,
compose-web-dev     | web:dev:   hasOrganizations: true,
compose-web-dev     | web:dev:   bootstrapStrategy: "local_instance",
compose-web-dev     | web:dev:   availableStrategies: [ "local_instance", "remote_instance" ],
compose-web-dev     | web:dev:   currentStep: null,
compose-web-dev     | web:dev:   progressPercent: 100,
compose-web-dev     | web:dev:   steps: [
compose-web-dev     | web:dev:     {
compose-web-dev     | web:dev:       id: "check_prerequisites",
compose-web-dev     | web:dev:       title: "Check prerequisites",
compose-web-dev     | web:dev:       status: "completed",
compose-web-dev     | web:dev:     }, {
compose-web-dev     | web:dev:       id: "choose_bootstrap_strategy",
compose-web-dev     | web:dev:       title: "Choose bootstrap strategy",
compose-web-dev     | web:dev:       status: "completed",
compose-web-dev     | web:dev:     }, {
compose-web-dev     | web:dev:       id: "connect_remote_instance",
compose-web-dev     | web:dev:       title: "Connect remote instance",
compose-web-dev     | web:dev:       status: "skipped",
compose-web-dev     | web:dev:     }, {
compose-web-dev     | web:dev:       id: "create_initial_user",
compose-web-dev     | web:dev:       title: "Create initial admin user",
compose-web-dev     | web:dev:       status: "completed",
compose-web-dev     | web:dev:     }, {
compose-web-dev     | web:dev:       id: "create_initial_organization",
compose-web-dev     | web:dev:       title: "Create initial organization",
compose-web-dev     | web:dev:       status: "completed",
compose-web-dev     | web:dev:     }, {
compose-web-dev     | web:dev:       id: "assign_owner_membership",
compose-web-dev     | web:dev:       title: "Assign organization owner",
compose-web-dev     | web:dev:       status: "completed",
compose-web-dev     | web:dev:     }, {
compose-web-dev     | web:dev:       id: "finalize",
compose-web-dev     | web:dev:       title: "Finalize setup",
compose-web-dev     | web:dev:       status: "completed",
compose-web-dev     | web:dev:     }
compose-web-dev     | web:dev:   ],
compose-web-dev     | web:dev:   completedAt: "2026-03-24T12:17:14.117Z",
compose-web-dev     | web:dev: }
compose-web-dev     | web:dev: Setup status: {
compose-web-dev     | web:dev:   state: "completed",
compose-web-dev     | web:dev:   needsSetup: false,
compose-web-dev     | web:dev:   hasUsers: true,
compose-web-dev     | web:dev:   hasOrganizations: true,
compose-web-dev     | web:dev:   bootstrapStrategy: "local_instance",
compose-web-dev     | web:dev:   availableStrategies: [ "local_instance", "remote_instance" ],
compose-web-dev     | web:dev:   currentStep: null,
compose-web-dev     | web:dev:   progressPercent: 100,
compose-web-dev     | web:dev:   steps: [
compose-web-dev     | web:dev:     {
compose-web-dev     | web:dev:       id: "check_prerequisites",
compose-web-dev     | web:dev:       title: "Check prerequisites",
compose-web-dev     | web:dev:       status: "completed",
compose-web-dev     | web:dev:     }, {
compose-web-dev     | web:dev:       id: "choose_bootstrap_strategy",
compose-web-dev     | web:dev:       title: "Choose bootstrap strategy",
compose-web-dev     | web:dev:       status: "completed",
compose-web-dev     | web:dev:     }, {
compose-web-dev     | web:dev:       id: "connect_remote_instance",
compose-web-dev     | web:dev:       title: "Connect remote instance",
compose-web-dev     | web:dev:       status: "skipped",
compose-web-dev     | web:dev:     }, {
compose-web-dev     | web:dev:       id: "create_initial_user",
compose-web-dev     | web:dev:       title: "Create initial admin user",
compose-web-dev     | web:dev:       status: "completed",
compose-web-dev     | web:dev:     }, {
compose-web-dev     | web:dev:       id: "create_initial_organization",
compose-web-dev     | web:dev:       title: "Create initial organization",
compose-web-dev     | web:dev:       status: "completed",
compose-web-dev     | web:dev:     }, {
compose-web-dev     | web:dev:       id: "assign_owner_membership",
compose-web-dev     | web:dev:       title: "Assign organization owner",
compose-web-dev     | web:dev:       status: "completed",
compose-web-dev     | web:dev:     }, {
compose-web-dev     | web:dev:       id: "finalize",
compose-web-dev     | web:dev:       title: "Finalize setup",
compose-web-dev     | web:dev:       status: "completed",
compose-web-dev     | web:dev:     }
compose-web-dev     | web:dev:   ],
compose-web-dev     | web:dev:   completedAt: "2026-03-24T12:17:14.117Z",
compose-web-dev     | web:dev: }
compose-web-dev     | web:dev: Setup status: {
compose-web-dev     | web:dev:   state: "completed",
compose-web-dev     | web:dev:   needsSetup: false,
compose-web-dev     | web:dev:   hasUsers: true,
compose-web-dev     | web:dev:   hasOrganizations: true,
compose-web-dev     | web:dev:   bootstrapStrategy: "local_instance",
compose-web-dev     | web:dev:   availableStrategies: [ "local_instance", "remote_instance" ],
compose-web-dev     | web:dev:   currentStep: null,
compose-web-dev     | web:dev:   progressPercent: 100,
compose-web-dev     | web:dev:   steps: [
compose-web-dev     | web:dev:     {
compose-web-dev     | web:dev:       id: "check_prerequisites",
compose-web-dev     | web:dev:       title: "Check prerequisites",
compose-web-dev     | web:dev:       status: "completed",
compose-web-dev     | web:dev:     }, {
compose-web-dev     | web:dev:       id: "choose_bootstrap_strategy",
compose-web-dev     | web:dev:       title: "Choose bootstrap strategy",
compose-web-dev     | web:dev:       status: "completed",
compose-web-dev     | web:dev:     }, {
compose-web-dev     | web:dev:       id: "connect_remote_instance",
compose-web-dev     | web:dev:       title: "Connect remote instance",
compose-web-dev     | web:dev:       status: "skipped",
compose-web-dev     | web:dev:     }, {
compose-web-dev     | web:dev:       id: "create_initial_user",
compose-web-dev     | web:dev:       title: "Create initial admin user",
compose-web-dev     | web:dev:       status: "completed",
compose-web-dev     | web:dev:     }, {
compose-web-dev     | web:dev:       id: "create_initial_organization",
compose-web-dev     | web:dev:       title: "Create initial organization",
compose-web-dev     | web:dev:       status: "completed",
compose-web-dev     | web:dev:     }, {
compose-web-dev     | web:dev:       id: "assign_owner_membership",
compose-web-dev     | web:dev:       title: "Assign organization owner",
compose-web-dev     | web:dev:       status: "completed",
compose-web-dev     | web:dev:     }, {
compose-web-dev     | web:dev:       id: "finalize",
compose-web-dev     | web:dev:       title: "Finalize setup",
compose-web-dev     | web:dev:       status: "completed",
compose-web-dev     | web:dev:     }
compose-web-dev     | web:dev:   ],
compose-web-dev     | web:dev:   completedAt: "2026-03-24T12:17:14.117Z",
compose-web-dev     | web:dev: }
compose-web-dev     | web:dev:  GET /dashboard/admin/servers 200 in 2.6s (compile: 33ms, proxy.ts: 241ms, render: 2.3s)
[92m                    ⦿ [0mSyncing service "api-dev" after 1 changes were detected
[92m                    ⦿ [0mSyncing service "web-dev" after 1 changes were detected
[92m                    ⦿ [0mSyncing service "doc-dev" after 1 changes were detected
[92m                    ⦿ [0mSyncing service "lb-dev" after 1 changes were detected
compose-web-dev     | web:dev: Setup status: {
compose-web-dev     | web:dev:   state: "completed",
compose-web-dev     | web:dev:   needsSetup: false,
compose-web-dev     | web:dev:   hasUsers: true,
compose-web-dev     | web:dev:   hasOrganizations: true,
compose-web-dev     | web:dev:   bootstrapStrategy: "local_instance",
compose-web-dev     | web:dev:   availableStrategies: [ "local_instance", "remote_instance" ],
compose-web-dev     | web:dev:   currentStep: null,
compose-web-dev     | web:dev:   progressPercent: 100,
compose-web-dev     | web:dev:   steps: [
compose-web-dev     | web:dev:     {
compose-web-dev     | web:dev:       id: "check_prerequisites",
compose-web-dev     | web:dev:       title: "Check prerequisites",
compose-web-dev     | web:dev:       status: "completed",
compose-web-dev     | web:dev:     }, {
compose-web-dev     | web:dev:       id: "choose_bootstrap_strategy",
compose-web-dev     | web:dev:       title: "Choose bootstrap strategy",
compose-web-dev     | web:dev:       status: "completed",
compose-web-dev     | web:dev:     }, {
compose-web-dev     | web:dev:       id: "connect_remote_instance",
compose-web-dev     | web:dev:       title: "Connect remote instance",
compose-web-dev     | web:dev:       status: "skipped",
compose-web-dev     | web:dev:     }, {
compose-web-dev     | web:dev:       id: "create_initial_user",
compose-web-dev     | web:dev:       title: "Create initial admin user",
compose-web-dev     | web:dev:       status: "completed",
compose-web-dev     | web:dev:     }, {
compose-web-dev     | web:dev:       id: "create_initial_organization",
compose-web-dev     | web:dev:       title: "Create initial organization",
compose-web-dev     | web:dev:       status: "completed",
compose-web-dev     | web:dev:     }, {
compose-web-dev     | web:dev:       id: "assign_owner_membership",
compose-web-dev     | web:dev:       title: "Assign organization owner",
compose-web-dev     | web:dev:       status: "completed",
compose-web-dev     | web:dev:     }, {
compose-web-dev     | web:dev:       id: "finalize",
compose-web-dev     | web:dev:       title: "Finalize setup",
compose-web-dev     | web:dev:       status: "completed",
compose-web-dev     | web:dev:     }
compose-web-dev     | web:dev:   ],
compose-web-dev     | web:dev:   completedAt: "2026-03-24T12:17:14.117Z",
compose-web-dev     | web:dev: }
compose-api-dev     | api:dev: [95m[Nest] 190  - [39m03/24/2026, 12:17:54 PM [95m  DEBUG[39m [38;5;3m[LoggerMiddleware] [39m[95m[99ec27c603f2] "GET [32m/user?query%5Blimit%5D=20&query%5Boffset%5D=0&query%5Bfilter%5D%5B_or%5D%5B0%5D%5Bname%5D%5Boperator%5D=ilike&query%5Bfilter%5D%5B_or%5D%5B0%5D%5Bname%5D%5Bvalue%5D=&query%5Bfilter%5D%5B_or%5D%5B1%5D%5Bemail%5D%5Boperator%5D=ilike&query%5Bfilter%5D%5B_or%5D%5B1%5D%5Bemail%5D%5Bvalue%5D=[0m" 200 OK undefined "http://localhost:3000/" "Mozilla/5.0 (X11; Linux x86_64) AppleWebKit/537.36 (KHTML, like Gecko) Chrome/146.0.0.0 Safari/537.36" "::ffff:172.23.0.1"[39m
[92m                    ⦿ [0mSyncing service "web-dev" after 1 changes were detected
[92m                    ⦿ [0mSyncing service "doc-dev" after 1 changes were detected
[92m                    ⦿ [0mSyncing service "lb-dev" after 1 changes were detected
[92m                    ⦿ [0mSyncing service "api-dev" after 1 changes were detected
compose-web-dev     | web:dev: ✓ Compiled in 218ms
[92m                    ⦿ [0mSyncing service "lb-dev" after 1 changes were detected
[92m                    ⦿ [0mSyncing service "api-dev" after 1 changes were detected
[92m                    ⦿ [0mSyncing service "web-dev" after 1 changes were detected
[92m                    ⦿ [0mSyncing service "doc-dev" after 1 changes were detected
compose-web-dev     | web:dev: ✓ Compiled in 112ms
[92m                    ⦿ [0mSyncing service "lb-dev" after 2 changes were detected
[92m                    ⦿ [0mSyncing service "api-dev" after 2 changes were detected
[92m                    ⦿ [0mSyncing service "web-dev" after 2 changes were detected
[92m                    ⦿ [0mSyncing service "doc-dev" after 2 changes were detected
compose-web-dev     | web:dev: Setup status: {
compose-web-dev     | web:dev:   state: "completed",
compose-web-dev     | web:dev:   needsSetup: false,
compose-web-dev     | web:dev:   hasUsers: true,
compose-web-dev     | web:dev:   hasOrganizations: true,
compose-web-dev     | web:dev:   bootstrapStrategy: "local_instance",
compose-web-dev     | web:dev:   availableStrategies: [ "local_instance", "remote_instance" ],
compose-web-dev     | web:dev:   currentStep: null,
compose-web-dev     | web:dev:   progressPercent: 100,
compose-web-dev     | web:dev:   steps: [
compose-web-dev     | web:dev:     {
compose-web-dev     | web:dev:       id: "check_prerequisites",
compose-web-dev     | web:dev:       title: "Check prerequisites",
compose-web-dev     | web:dev:       status: "completed",
compose-web-dev     | web:dev:     }, {
compose-web-dev     | web:dev:       id: "choose_bootstrap_strategy",
compose-web-dev     | web:dev:       title: "Choose bootstrap strategy",
compose-web-dev     | web:dev:       status: "completed",
compose-web-dev     | web:dev:     }, {
compose-web-dev     | web:dev:       id: "connect_remote_instance",
compose-web-dev     | web:dev:       title: "Connect remote instance",
compose-web-dev     | web:dev:       status: "skipped",
compose-web-dev     | web:dev:     }, {
compose-web-dev     | web:dev:       id: "create_initial_user",
compose-web-dev     | web:dev:       title: "Create initial admin user",
compose-web-dev     | web:dev:       status: "completed",
compose-web-dev     | web:dev:     }, {
compose-web-dev     | web:dev:       id: "create_initial_organization",
compose-web-dev     | web:dev:       title: "Create initial organization",
compose-web-dev     | web:dev:       status: "completed",
compose-web-dev     | web:dev:     }, {
compose-web-dev     | web:dev:       id: "assign_owner_membership",
compose-web-dev     | web:dev:       title: "Assign organization owner",
compose-web-dev     | web:dev:       status: "completed",
compose-web-dev     | web:dev:     }, {
compose-web-dev     | web:dev:       id: "finalize",
compose-web-dev     | web:dev:       title: "Finalize setup",
compose-web-dev     | web:dev:       status: "completed",
compose-web-dev     | web:dev:     }
compose-web-dev     | web:dev:   ],
compose-web-dev     | web:dev:   completedAt: "2026-03-24T12:19:27.132Z",
compose-web-dev     | web:dev: }
compose-api-dev     | api:dev: [95m[Nest] 190  - [39m03/24/2026, 12:19:27 PM [95m  DEBUG[39m [38;5;3m[LoggerMiddleware] [39m[95m[99ec27c603f2] "GET [32m/setup/status[0m" 200 OK undefined "" "Bun/1.3.9" "::ffff:172.23.0.7"[39m
[92m                    ⦿ [0mSyncing service "lb-dev" after 1 changes were detected
compose-web-dev     | web:dev:  GET /dashboard/admin/servers 200 in 2.2s (compile: 365ms, proxy.ts: 1204ms, render: 613ms)
compose-api-dev     | api:dev: [95m[Nest] 190  - [39m03/24/2026, 12:19:28 PM [95m  DEBUG[39m [38;5;3m[LoggerMiddleware] [39m[95m[99ec27c603f2] "GET [32m/setup/status[0m" 200 OK undefined "" "Bun/1.3.9" "::ffff:172.23.0.7"[39m
compose-web-dev     | web:dev: Setup status: {
[92m                    ⦿ [0mSyncing service "api-dev" after 1 changes were detected
compose-web-dev     | web:dev:   state: "completed",
compose-web-dev     | web:dev:   needsSetup: false,
compose-web-dev     | web:dev:   hasUsers: true,
compose-web-dev     | web:dev:   hasOrganizations: true,
compose-web-dev     | web:dev:   bootstrapStrategy: "local_instance",
compose-web-dev     | web:dev:   availableStrategies: [ "local_instance", "remote_instance" ],
compose-web-dev     | web:dev:   currentStep: null,
compose-web-dev     | web:dev:   progressPercent: 100,
compose-web-dev     | web:dev:   steps: [
compose-web-dev     | web:dev:     {
compose-web-dev     | web:dev:       id: "check_prerequisites",
compose-web-dev     | web:dev:       title: "Check prerequisites",
compose-web-dev     | web:dev:       status: "completed",
compose-web-dev     | web:dev:     }, {
compose-web-dev     | web:dev:       id: "choose_bootstrap_strategy",
compose-web-dev     | web:dev:       title: "Choose bootstrap strategy",
compose-web-dev     | web:dev:       status: "completed",
compose-web-dev     | web:dev:     }, {
compose-web-dev     | web:dev:       id: "connect_remote_instance",
compose-web-dev     | web:dev:       title: "Connect remote instance",
compose-web-dev     | web:dev:       status: "skipped",
compose-web-dev     | web:dev:     }, {
compose-web-dev     | web:dev:       id: "create_initial_user",
compose-web-dev     | web:dev:       title: "Create initial admin user",
compose-web-dev     | web:dev:       status: "completed",
compose-web-dev     | web:dev:     }, {
compose-web-dev     | web:dev:       id: "create_initial_organization",
compose-web-dev     | web:dev:       title: "Create initial organization",
compose-web-dev     | web:dev:       status: "completed",
compose-web-dev     | web:dev:     }, {
compose-web-dev     | web:dev:       id: "assign_owner_membership",
compose-web-dev     | web:dev:       title: "Assign organization owner",
compose-web-dev     | web:dev:       status: "completed",
compose-web-dev     | web:dev:     }, {
compose-web-dev     | web:dev:       id: "finalize",
compose-web-dev     | web:dev:       title: "Finalize setup",
compose-web-dev     | web:dev:       status: "completed",
compose-web-dev     | web:dev:     }
compose-web-dev     | web:dev:   ],
compose-web-dev     | web:dev:   completedAt: "2026-03-24T12:19:28.569Z",
compose-web-dev     | web:dev: }
compose-web-dev     | web:dev: Setup status: {
compose-web-dev     | web:dev:   state: "completed",
compose-web-dev     | web:dev:   needsSetup: false,
compose-web-dev     | web:dev:   hasUsers: true,
compose-web-dev     | web:dev:   hasOrganizations: true,
compose-web-dev     | web:dev:   bootstrapStrategy: "local_instance",
compose-web-dev     | web:dev:   availableStrategies: [ "local_instance", "remote_instance" ],
compose-web-dev     | web:dev:   currentStep: null,
compose-web-dev     | web:dev:   progressPercent: 100,
compose-web-dev     | web:dev:   steps: [
compose-web-dev     | web:dev:     {
compose-web-dev     | web:dev:       id: "check_prerequisites",
compose-web-dev     | web:dev:       title: "Check prerequisites",
compose-web-dev     | web:dev:       status: "completed",
compose-web-dev     | web:dev:     }, {
compose-web-dev     | web:dev:       id: "choose_bootstrap_strategy",
compose-web-dev     | web:dev:       title: "Choose bootstrap strategy",
compose-web-dev     | web:dev:       status: "completed",
compose-web-dev     | web:dev:     }, {
compose-web-dev     | web:dev:       id: "connect_remote_instance",
compose-web-dev     | web:dev:       title: "Connect remote instance",
compose-web-dev     | web:dev:       status: "skipped",
compose-web-dev     | web:dev:     }, {
compose-web-dev     | web:dev:       id: "create_initial_user",
compose-web-dev     | web:dev:       title: "Create initial admin user",
compose-web-dev     | web:dev:       status: "completed",
compose-web-dev     | web:dev:     }, {
compose-web-dev     | web:dev:       id: "create_initial_organization",
compose-web-dev     | web:dev:       title: "Create initial organization",
compose-web-dev     | web:dev:       status: "completed",
compose-web-dev     | web:dev:     }, {
compose-web-dev     | web:dev:       id: "assign_owner_membership",
compose-web-dev     | web:dev:       title: "Assign organization owner",
compose-web-dev     | web:dev:       status: "completed",
compose-web-dev     | web:dev:     }, {
compose-web-dev     | web:dev:       id: "finalize",
compose-web-dev     | web:dev:       title: "Finalize setup",
compose-web-dev     | web:dev:       status: "completed",
compose-web-dev     | web:dev:     }
compose-web-dev     | web:dev:   ],
compose-web-dev     | web:dev:   completedAt: "2026-03-24T12:19:28.569Z",
compose-web-dev     | web:dev: }
compose-web-dev     | web:dev:  GET /dashboard/admin/servers 200 in 1162ms (compile: -14893µs, proxy.ts: 557ms, render: 619ms)
compose-web-dev     | web:dev:  GET /dashboard/admin/servers 200 in 768ms (compile: 12ms, proxy.ts: 71ms, render: 686ms)
compose-web-dev     | web:dev: Setup status: {
compose-web-dev     | web:dev:   state: "completed",
compose-web-dev     | web:dev:   needsSetup: false,
compose-web-dev     | web:dev:   hasUsers: true,
compose-web-dev     | web:dev:   hasOrganizations: true,
compose-web-dev     | web:dev:   bootstrapStrategy: "local_instance",
compose-web-dev     | web:dev:   availableStrategies: [ "local_instance", "remote_instance" ],
compose-web-dev     | web:dev:   currentStep: null,
compose-web-dev     | web:dev:   progressPercent: 100,
compose-web-dev     | web:dev:   steps: [
compose-web-dev     | web:dev:     {
compose-web-dev     | web:dev:       id: "check_prerequisites",
compose-web-dev     | web:dev:       title: "Check prerequisites",
compose-web-dev     | web:dev:       status: "completed",
compose-web-dev     | web:dev:     }, {
compose-web-dev     | web:dev:       id: "choose_bootstrap_strategy",
compose-web-dev     | web:dev:       title: "Choose bootstrap strategy",
compose-web-dev     | web:dev:       status: "completed",
compose-web-dev     | web:dev:     }, {
compose-web-dev     | web:dev:       id: "connect_remote_instance",
compose-web-dev     | web:dev:       title: "Connect remote instance",
compose-web-dev     | web:dev:       status: "skipped",
compose-web-dev     | web:dev:     }, {
compose-web-dev     | web:dev:       id: "create_initial_user",
compose-web-dev     | web:dev:       title: "Create initial admin user",
compose-web-dev     | web:dev:       status: "completed",
compose-web-dev     | web:dev:     }, {
compose-web-dev     | web:dev:       id: "create_initial_organization",
compose-web-dev     | web:dev:       title: "Create initial organization",
compose-web-dev     | web:dev:       status: "completed",
compose-web-dev     | web:dev:     }, {
compose-web-dev     | web:dev:       id: "assign_owner_membership",
compose-web-dev     | web:dev:       title: "Assign organization owner",
compose-web-dev     | web:dev:       status: "completed",
compose-web-dev     | web:dev:     }, {
compose-web-dev     | web:dev:       id: "finalize",
compose-web-dev     | web:dev:       title: "Finalize setup",
compose-web-dev     | web:dev:       status: "completed",
compose-web-dev     | web:dev:     }
compose-web-dev     | web:dev:   ],
compose-web-dev     | web:dev:   completedAt: "2026-03-24T12:19:28.569Z",
compose-web-dev     | web:dev: }
[92m                    ⦿ [0mSyncing service "web-dev" after 1 changes were detected
[92m                    ⦿ [0mSyncing service "doc-dev" after 1 changes were detected
compose-web-dev     | web:dev: Setup status: {
compose-web-dev     | web:dev:   state: "completed",
compose-web-dev     | web:dev:   needsSetup: false,
compose-web-dev     | web:dev:   hasUsers: true,
compose-web-dev     | web:dev:   hasOrganizations: true,
compose-web-dev     | web:dev:   bootstrapStrategy: "local_instance",
compose-web-dev     | web:dev:   availableStrategies: [ "local_instance", "remote_instance" ],
compose-web-dev     | web:dev:   currentStep: null,
compose-web-dev     | web:dev:   progressPercent: 100,
compose-web-dev     | web:dev:   steps: [
compose-web-dev     | web:dev:     {
compose-web-dev     | web:dev:       id: "check_prerequisites",
compose-web-dev     | web:dev:       title: "Check prerequisites",
compose-web-dev     | web:dev:       status: "completed",
compose-web-dev     | web:dev:     }, {
compose-web-dev     | web:dev:       id: "choose_bootstrap_strategy",
compose-web-dev     | web:dev:       title: "Choose bootstrap strategy",
compose-web-dev     | web:dev:       status: "completed",
compose-web-dev     | web:dev:     }, {
compose-web-dev     | web:dev:       id: "connect_remote_instance",
compose-web-dev     | web:dev:       title: "Connect remote instance",
compose-web-dev     | web:dev:       status: "skipped",
compose-web-dev     | web:dev:     }, {
compose-web-dev     | web:dev:       id: "create_initial_user",
compose-web-dev     | web:dev:       title: "Create initial admin user",
compose-web-dev     | web:dev:       status: "completed",
compose-web-dev     | web:dev:     }, {
compose-web-dev     | web:dev:       id: "create_initial_organization",
compose-web-dev     | web:dev:       title: "Create initial organization",
compose-web-dev     | web:dev:       status: "completed",
compose-web-dev     | web:dev:     }, {
compose-web-dev     | web:dev:       id: "assign_owner_membership",
compose-web-dev     | web:dev:       title: "Assign organization owner",
compose-web-dev     | web:dev:       status: "completed",
compose-web-dev     | web:dev:     }, {
compose-web-dev     | web:dev:       id: "finalize",
compose-web-dev     | web:dev:       title: "Finalize setup",
compose-web-dev     | web:dev:       status: "completed",
compose-web-dev     | web:dev:     }
compose-web-dev     | web:dev:   ],
compose-web-dev     | web:dev:   completedAt: "2026-03-24T12:19:28.569Z",
compose-web-dev     | web:dev: }
[92m                    ⦿ [0mSyncing service "doc-dev" after 1 changes were detected
compose-web-dev     | web:dev: ╭──────────────────────────────────────────────────────────────────────────────╮
compose-web-dev     | web:dev: │  import * as DashboardProjectsRoute from                                     │
compose-web-dev     | web:dev: │  "@/app/dashboard/projects/route.info";                                      │
compose-web-dev     | web:dev: │  export const DashboardProjects = makeRoute(                                 │
compose-web-dev     | web:dev: │  "/dashboard/projects",                                                      │
compose-web-dev     | web:dev: │  {                                                                           │
compose-web-dev     | web:dev: │  ...defaultInfo,                                                             │
compose-web-dev     | web:dev: │  ...DashboardProjectsRoute.Route                                             │
compose-web-dev     | web:dev: │  },                                                                          │
compose-web-dev     | web:dev: │  { page: DashboardProjectsRoute.page, layout: DashboardProjectsRoute.layout  │
compose-web-dev     | web:dev: │  }                                                                           │
compose-web-dev     | web:dev: │  );                                                                          │
compose-web-dev     | web:dev: ╰──────────────────────────────────────────────────────────────────────────────╯
[92m                    ⦿ [0mSyncing service "lb-dev" after 1 changes were detected
compose-web-dev     | web:dev:  GET /dashboard/admin/servers 200 in 649ms (compile: 2ms, proxy.ts: 6ms, render: 641ms)
[92m                    ⦿ [0mSyncing service "api-dev" after 1 changes were detected
[92m                    ⦿ [0mSyncing service "web-dev" after 1 changes were detected
compose-web-dev     | web:dev: ⨯ ./apps/web/src/routes/index.ts:33:1
compose-web-dev     | web:dev: Export Route doesn't exist in target module
compose-web-dev     | web:dev: [0m [90m 31 |[39m [36mimport[39m [33m*[39m [36mas[39m [33mAuthDashboardOrganizationsNewRoute[39m [36mfrom[39m [32m"@/app/dashboard/organizations/new/route.info"[39m[33m;[39m
compose-web-dev     | web:dev:  [90m 32 |[39m [36mimport[39m [33m*[39m [36mas[39m [33mAuthDashboardProfileRoute[39m [36mfrom[39m [32m"@/app/dashboard/profile/route.info"[39m[33m;[39m
compose-web-dev     | web:dev: [31m[1m>[22m[39m[90m 33 |[39m [36mimport[39m [33m*[39m [36mas[39m [33mDashboardProjectsRoute[39m [36mfrom[39m [32m"@/app/dashboard/projects/route.info"[39m[33m;[39m
compose-web-dev     | web:dev:  [90m    |[39m [31m[1m^[22m[39m[31m[1m^[22m[39m[31m[1m^[22m[39m[31m[1m^[22m[39m[31m[1m^[22m[39m[31m[1m^[22m[39m[31m[1m^[22m[39m[31m[1m^[22m[39m[31m[1m^[22m[39m[31m[1m^[22m[39m[31m[1m^[22m[39m[31m[1m^[22m[39m[31m[1m^[22m[39m[31m[1m^[22m[39m[31m[1m^[22m[39m[31m[1m^[22m[39m[31m[1m^[22m[39m[31m[1m^[22m[39m[31m[1m^[22m[39m[31m[1m^[22m[39m[31m[1m^[22m[39m[31m[1m^[22m[39m[31m[1m^[22m[39m[31m[1m^[22m[39m[31m[1m^[22m[39m[31m[1m^[22m[39m[31m[1m^[22m[39m[31m[1m^[22m[39m[31m[1m^[22m[39m[31m[1m^[22m[39m[31m[1m^[22m[39m[31m[1m^[22m[39m[31m[1m^[22m[39m[31m[1m^[22m[39m[31m[1m^[22m[39m[31m[1m^[22m[39m[31m[1m^[22m[39m[31m[1m^[22m[39m[31m[1m^[22m[39m[31m[1m^[22m[39m[31m[1m^[22m[39m[31m[1m^[22m[39m[31m[1m^[22m[39m[31m[1m^[22m[39m[31m[1m^[22m[39m[31m[1m^[22m[39m[31m[1m^[22m[39m[31m[1m^[22m[39m[31m[1m^[22m[39m[31m[1m^[22m[39m[31m[1m^[22m[39m[31m[1m^[22m[39m[31m[1m^[22m[39m[31m[1m^[22m[39m[31m[1m^[22m[39m[31m[1m^[22m[39m[31m[1m^[22m[39m[31m[1m^[22m[39m[31m[1m^[22m[39m[31m[1m^[22m[39m[31m[1m^[22m[39m[31m[1m^[22m[39m[31m[1m^[22m[39m[31m[1m^[22m[39m[31m[1m^[22m[39m[31m[1m^[22m[39m[31m[1m^[22m[39m[31m[1m^[22m[39m[31m[1m^[22m[39m[31m[1m^[22m[39m[31m[1m^[22m[39m[31m[1m^[22m[39m[31m[1m^[22m[39m[31m[1m^[22m[39m[31m[1m^[22m[39m[31m[1m^[22m[39m[31m[1m^[22m[39m[31m[1m^[22m[39m
compose-web-dev     | web:dev:  [90m 34 |[39m [36mimport[39m [33m*[39m [36mas[39m [33mSetupRoute[39m [36mfrom[39m [32m"@/app/setup/route.info"[39m[33m;[39m
compose-web-dev     | web:dev:  [90m 35 |[39m
compose-web-dev     | web:dev:  [90m 36 |[39m [36mexport[39m [36mconst[39m [33mRootLayout[39m [33m=[39m makeRoute([0m
compose-web-dev     | web:dev: 
compose-web-dev     | web:dev: The export Route was not found in module [project]/apps/web/src/app/dashboard/projects/route.info.ts [app-client] (ecmascript).
compose-web-dev     | web:dev: The module has no exports at all.
compose-web-dev     | web:dev: All exports of the module are statically known (It doesn't have dynamic exports). So it's known statically that the requested export doesn't exist.
compose-web-dev     | web:dev: 
compose-web-dev     | web:dev: Import traces:
compose-web-dev     | web:dev:   #1 [Server Component]:
compose-web-dev     | web:dev:     ./apps/web/src/routes/index.ts
compose-web-dev     | web:dev:     ./apps/web/src/app/not-found.tsx
compose-web-dev     | web:dev: 
compose-web-dev     | web:dev:   #2 [Client Component Browser]:
compose-web-dev     | web:dev:     ./apps/web/src/routes/index.ts [Client Component Browser]
compose-web-dev     | web:dev:     ./apps/web/src/components/dashboard/DashboardSidebar.tsx [Client Component Browser]
compose-web-dev     | web:dev:     ./apps/web/src/components/dashboard/DashboardSidebar.tsx [Server Component]
compose-web-dev     | web:dev:     ./apps/web/src/app/dashboard/layout.tsx [Server Component]
compose-web-dev     | web:dev: 
compose-web-dev     | web:dev:   #3 [Client Component SSR]:
compose-web-dev     | web:dev:     ./apps/web/src/routes/index.ts [Client Component SSR]
compose-web-dev     | web:dev:     ./apps/web/src/components/dashboard/DashboardSidebar.tsx [Client Component SSR]
compose-web-dev     | web:dev:     ./apps/web/src/components/dashboard/DashboardSidebar.tsx [Server Component]
compose-web-dev     | web:dev:     ./apps/web/src/app/dashboard/layout.tsx [Server Component]
compose-web-dev     | web:dev: 
compose-web-dev     | web:dev:   #4 [Client Component Browser]:
compose-web-dev     | web:dev:     ./apps/web/src/routes/index.ts [Client Component Browser]
compose-web-dev     | web:dev:     ./apps/web/src/components/devtools/TanStackDevTools.tsx [Client Component Browser]
compose-web-dev     | web:dev:     ./apps/web/src/components/devtools/DynamicTanstackDevTools.tsx [Client Component Browser]
compose-web-dev     | web:dev:     ./apps/web/src/components/devtools/DynamicTanstackDevTools.tsx [Server Component]
compose-web-dev     | web:dev:     ./apps/web/src/app/layout.tsx [Server Component]
compose-web-dev     | web:dev: 
compose-web-dev     | web:dev: 
compose-web-dev     | web:dev: 
compose-web-dev     | web:dev: ./apps/web/src/routes/index.ts:33:1
compose-web-dev     | web:dev: Export Route doesn't exist in target module
compose-web-dev     | web:dev: [0m [90m 31 |[39m [36mimport[39m [33m*[39m [36mas[39m [33mAuthDashboardOrganizationsNewRoute[39m [36mfrom[39m [32m"@/app/dashboard/organizations/new/route.info"[39m[33m;[39m
compose-web-dev     | web:dev:  [90m 32 |[39m [36mimport[39m [33m*[39m [36mas[39m [33mAuthDashboardProfileRoute[39m [36mfrom[39m [32m"@/app/dashboard/profile/route.info"[39m[33m;[39m
compose-web-dev     | web:dev: [31m[1m>[22m[39m[90m 33 |[39m [36mimport[39m [33m*[39m [36mas[39m [33mDashboardProjectsRoute[39m [36mfrom[39m [32m"@/app/dashboard/projects/route.info"[39m[33m;[39m
compose-web-dev     | web:dev:  [90m    |[39m [31m[1m^[22m[39m[31m[1m^[22m[39m[31m[1m^[22m[39m[31m[1m^[22m[39m[31m[1m^[22m[39m[31m[1m^[22m[39m[31m[1m^[22m[39m[31m[1m^[22m[39m[31m[1m^[22m[39m[31m[1m^[22m[39m[31m[1m^[22m[39m[31m[1m^[22m[39m[31m[1m^[22m[39m[31m[1m^[22m[39m[31m[1m^[22m[39m[31m[1m^[22m[39m[31m[1m^[22m[39m[31m[1m^[22m[39m[31m[1m^[22m[39m[31m[1m^[22m[39m[31m[1m^[22m[39m[31m[1m^[22m[39m[31m[1m^[22m[39m[31m[1m^[22m[39m[31m[1m^[22m[39m[31m[1m^[22m[39m[31m[1m^[22m[39m[31m[1m^[22m[39m[31m[1m^[22m[39m[31m[1m^[22m[39m[31m[1m^[22m[39m[31m[1m^[22m[39m[31m[1m^[22m[39m[31m[1m^[22m[39m[31m[1m^[22m[39m[31m[1m^[22m[39m[31m[1m^[22m[39m[31m[1m^[22m[39m[31m[1m^[22m[39m[31m[1m^[22m[39m[31m[1m^[22m[39m[31m[1m^[22m[39m[31m[1m^[22m[39m[31m[1m^[22m[39m[31m[1m^[22m[39m[31m[1m^[22m[39m[31m[1m^[22m[39m[31m[1m^[22m[39m[31m[1m^[22m[39m[31m[1m^[22m[39m[31m[1m^[22m[39m[31m[1m^[22m[39m[31m[1m^[22m[39m[31m[1m^[22m[39m[31m[1m^[22m[39m[31m[1m^[22m[39m[31m[1m^[22m[39m[31m[1m^[22m[39m[31m[1m^[22m[39m[31m[1m^[22m[39m[31m[1m^[22m[39m[31m[1m^[22m[39m[31m[1m^[22m[39m[31m[1m^[22m[39m[31m[1m^[22m[39m[31m[1m^[22m[39m[31m[1m^[22m[39m[31m[1m^[22m[39m[31m[1m^[22m[39m[31m[1m^[22m[39m[31m[1m^[22m[39m[31m[1m^[22m[39m[31m[1m^[22m[39m[31m[1m^[22m[39m[31m[1m^[22m[39m[31m[1m^[22m[39m[31m[1m^[22m[39m[31m[1m^[22m[39m
compose-web-dev     | web:dev:  [90m 34 |[39m [36mimport[39m [33m*[39m [36mas[39m [33mSetupRoute[39m [36mfrom[39m [32m"@/app/setup/route.info"[39m[33m;[39m
compose-web-dev     | web:dev:  [90m 35 |[39m
compose-web-dev     | web:dev:  [90m 36 |[39m [36mexport[39m [36mconst[39m [33mRootLayout[39m [33m=[39m makeRoute([0m
compose-web-dev     | web:dev: 
compose-web-dev     | web:dev: The export Route was not found in module [project]/apps/web/src/app/dashboard/projects/route.info.ts [app-rsc] (ecmascript).
compose-web-dev     | web:dev: The module has no exports at all.
compose-web-dev     | web:dev: All exports of the module are statically known (It doesn't have dynamic exports). So it's known statically that the requested export doesn't exist.
compose-web-dev     | web:dev: 
compose-web-dev     | web:dev: Import traces:
compose-web-dev     | web:dev:   #1 [Server Component]:
compose-web-dev     | web:dev:     ./apps/web/src/routes/index.ts
compose-web-dev     | web:dev:     ./apps/web/src/app/not-found.tsx
compose-web-dev     | web:dev: 
compose-web-dev     | web:dev:   #2 [Client Component Browser]:
compose-web-dev     | web:dev:     ./apps/web/src/routes/index.ts [Client Component Browser]
compose-web-dev     | web:dev:     ./apps/web/src/components/dashboard/DashboardSidebar.tsx [Client Component Browser]
compose-web-dev     | web:dev:     ./apps/web/src/components/dashboard/DashboardSidebar.tsx [Server Component]
compose-web-dev     | web:dev:     ./apps/web/src/app/dashboard/layout.tsx [Server Component]
compose-web-dev     | web:dev: 
compose-web-dev     | web:dev:   #3 [Client Component SSR]:
compose-web-dev     | web:dev:     ./apps/web/src/routes/index.ts [Client Component SSR]
compose-web-dev     | web:dev:     ./apps/web/src/components/dashboard/DashboardSidebar.tsx [Client Component SSR]
compose-web-dev     | web:dev:     ./apps/web/src/components/dashboard/DashboardSidebar.tsx [Server Component]
compose-web-dev     | web:dev:     ./apps/web/src/app/dashboard/layout.tsx [Server Component]
compose-web-dev     | web:dev: 
compose-web-dev     | web:dev:   #4 [Client Component Browser]:
compose-web-dev     | web:dev:     ./apps/web/src/routes/index.ts [Client Component Browser]
compose-web-dev     | web:dev:     ./apps/web/src/components/devtools/TanStackDevTools.tsx [Client Component Browser]
compose-web-dev     | web:dev:     ./apps/web/src/components/devtools/DynamicTanstackDevTools.tsx [Client Component Browser]
compose-web-dev     | web:dev:     ./apps/web/src/components/devtools/DynamicTanstackDevTools.tsx [Server Component]
compose-web-dev     | web:dev:     ./apps/web/src/app/layout.tsx [Server Component]
compose-web-dev     | web:dev: 
compose-web-dev     | web:dev: 
compose-web-dev     | web:dev: 
compose-web-dev     | web:dev: ./apps/web/src/routes/index.ts:33:1
compose-web-dev     | web:dev: Export Route doesn't exist in target module
compose-web-dev     | web:dev: [0m [90m 31 |[39m [36mimport[39m [33m*[39m [36mas[39m [33mAuthDashboardOrganizationsNewRoute[39m [36mfrom[39m [32m"@/app/dashboard/organizations/new/route.info"[39m[33m;[39m
compose-web-dev     | web:dev:  [90m 32 |[39m [36mimport[39m [33m*[39m [36mas[39m [33mAuthDashboardProfileRoute[39m [36mfrom[39m [32m"@/app/dashboard/profile/route.info"[39m[33m;[39m
compose-web-dev     | web:dev: [31m[1m>[22m[39m[90m 33 |[39m [36mimport[39m [33m*[39m [36mas[39m [33mDashboardProjectsRoute[39m [36mfrom[39m [32m"@/app/dashboard/projects/route.info"[39m[33m;[39m
compose-web-dev     | web:dev:  [90m    |[39m [31m[1m^[22m[39m[31m[1m^[22m[39m[31m[1m^[22m[39m[31m[1m^[22m[39m[31m[1m^[22m[39m[31m[1m^[22m[39m[31m[1m^[22m[39m[31m[1m^[22m[39m[31m[1m^[22m[39m[31m[1m^[22m[39m[31m[1m^[22m[39m[31m[1m^[22m[39m[31m[1m^[22m[39m[31m[1m^[22m[39m[31m[1m^[22m[39m[31m[1m^[22m[39m[31m[1m^[22m[39m[31m[1m^[22m[39m[31m[1m^[22m[39m[31m[1m^[22m[39m[31m[1m^[22m[39m[31m[1m^[22m[39m[31m[1m^[22m[39m[31m[1m^[22m[39m[31m[1m^[22m[39m[31m[1m^[22m[39m[31m[1m^[22m[39m[31m[1m^[22m[39m[31m[1m^[22m[39m[31m[1m^[22m[39m[31m[1m^[22m[39m[31m[1m^[22m[39m[31m[1m^[22m[39m[31m[1m^[22m[39m[31m[1m^[22m[39m[31m[1m^[22m[39m[31m[1m^[22m[39m[31m[1m^[22m[39m[31m[1m^[22m[39m[31m[1m^[22m[39m[31m[1m^[22m[39m[31m[1m^[22m[39m[31m[1m^[22m[39m[31m[1m^[22m[39m[31m[1m^[22m[39m[31m[1m^[22m[39m[31m[1m^[22m[39m[31m[1m^[22m[39m[31m[1m^[22m[39m[31m[1m^[22m[39m[31m[1m^[22m[39m[31m[1m^[22m[39m[31m[1m^[22m[39m[31m[1m^[22m[39m[31m[1m^[22m[39m[31m[1m^[22m[39m[31m[1m^[22m[39m[31m[1m^[22m[39m[31m[1m^[22m[39m[31m[1m^[22m[39m[31m[1m^[22m[39m[31m[1m^[22m[39m[31m[1m^[22m[39m[31m[1m^[22m[39m[31m[1m^[22m[39m[31m[1m^[22m[39m[31m[1m^[22m[39m[31m[1m^[22m[39m[31m[1m^[22m[39m[31m[1m^[22m[39m[31m[1m^[22m[39m[31m[1m^[22m[39m[31m[1m^[22m[39m[31m[1m^[22m[39m[31m[1m^[22m[39m[31m[1m^[22m[39m[31m[1m^[22m[39m[31m[1m^[22m[39m
compose-web-dev     | web:dev:  [90m 34 |[39m [36mimport[39m [33m*[39m [36mas[39m [33mSetupRoute[39m [36mfrom[39m [32m"@/app/setup/route.info"[39m[33m;[39m
compose-web-dev     | web:dev:  [90m 35 |[39m
compose-web-dev     | web:dev:  [90m 36 |[39m [36mexport[39m [36mconst[39m [33mRootLayout[39m [33m=[39m makeRoute([0m
compose-web-dev     | web:dev: 
compose-web-dev     | web:dev: The export Route was not found in module [project]/apps/web/src/app/dashboard/projects/route.info.ts [app-ssr] (ecmascript).
compose-web-dev     | web:dev: The module has no exports at all.
compose-web-dev     | web:dev: All exports of the module are statically known (It doesn't have dynamic exports). So it's known statically that the requested export doesn't exist.
compose-web-dev     | web:dev: 
compose-web-dev     | web:dev: Import traces:
compose-web-dev     | web:dev:   #1 [Server Component]:
compose-web-dev     | web:dev:     ./apps/web/src/routes/index.ts
compose-web-dev     | web:dev:     ./apps/web/src/app/not-found.tsx
compose-web-dev     | web:dev: 
compose-web-dev     | web:dev:   #2 [Client Component Browser]:
compose-web-dev     | web:dev:     ./apps/web/src/routes/index.ts [Client Component Browser]
compose-web-dev     | web:dev:     ./apps/web/src/components/dashboard/DashboardSidebar.tsx [Client Component Browser]
compose-web-dev     | web:dev:     ./apps/web/src/components/dashboard/DashboardSidebar.tsx [Server Component]
compose-web-dev     | web:dev:     ./apps/web/src/app/dashboard/layout.tsx [Server Component]
compose-web-dev     | web:dev: 
compose-web-dev     | web:dev:   #3 [Client Component SSR]:
compose-web-dev     | web:dev:     ./apps/web/src/routes/index.ts [Client Component SSR]
compose-web-dev     | web:dev:     ./apps/web/src/components/dashboard/DashboardSidebar.tsx [Client Component SSR]
compose-web-dev     | web:dev:     ./apps/web/src/components/dashboard/DashboardSidebar.tsx [Server Component]
compose-web-dev     | web:dev:     ./apps/web/src/app/dashboard/layout.tsx [Server Component]
compose-web-dev     | web:dev: 
compose-web-dev     | web:dev:   #4 [Client Component Browser]:
compose-web-dev     | web:dev:     ./apps/web/src/routes/index.ts [Client Component Browser]
compose-web-dev     | web:dev:     ./apps/web/src/components/devtools/TanStackDevTools.tsx [Client Component Browser]
compose-web-dev     | web:dev:     ./apps/web/src/components/devtools/DynamicTanstackDevTools.tsx [Client Component Browser]
compose-web-dev     | web:dev:     ./apps/web/src/components/devtools/DynamicTanstackDevTools.tsx [Server Component]
compose-web-dev     | web:dev:     ./apps/web/src/app/layout.tsx [Server Component]
compose-web-dev     | web:dev: 
compose-web-dev     | web:dev: 
compose-web-dev     | web:dev: 
compose-web-dev     | web:dev: ./apps/web/src/routes/index.ts:33:1
compose-web-dev     | web:dev: Export layout doesn't exist in target module
compose-web-dev     | web:dev: [0m [90m 31 |[39m [36mimport[39m [33m*[39m [36mas[39m [33mAuthDashboardOrganizationsNewRoute[39m [36mfrom[39m [32m"@/app/dashboard/organizations/new/route.info"[39m[33m;[39m
compose-web-dev     | web:dev:  [90m 32 |[39m [36mimport[39m [33m*[39m [36mas[39m [33mAuthDashboardProfileRoute[39m [36mfrom[39m [32m"@/app/dashboard/profile/route.info"[39m[33m;[39m
compose-web-dev     | web:dev: [31m[1m>[22m[39m[90m 33 |[39m [36mimport[39m [33m*[39m [36mas[39m [33mDashboardProjectsRoute[39m [36mfrom[39m [32m"@/app/dashboard/projects/route.info"[39m[33m;[39m
compose-web-dev     | web:dev:  [90m    |[39m [31m[1m^[22m[39m[31m[1m^[22m[39m[31m[1m^[22m[39m[31m[1m^[22m[39m[31m[1m^[22m[39m[31m[1m^[22m[39m[31m[1m^[22m[39m[31m[1m^[22m[39m[31m[1m^[22m[39m[31m[1m^[22m[39m[31m[1m^[22m[39m[31m[1m^[22m[39m[31m[1m^[22m[39m[31m[1m^[22m[39m[31m[1m^[22m[39m[31m[1m^[22m[39m[31m[1m^[22m[39m[31m[1m^[22m[39m[31m[1m^[22m[39m[31m[1m^[22m[39m[31m[1m^[22m[39m[31m[1m^[22m[39m[31m[1m^[22m[39m[31m[1m^[22m[39m[31m[1m^[22m[39m[31m[1m^[22m[39m[31m[1m^[22m[39m[31m[1m^[22m[39m[31m[1m^[22m[39m[31m[1m^[22m[39m[31m[1m^[22m[39m[31m[1m^[22m[39m[31m[1m^[22m[39m[31m[1m^[22m[39m[31m[1m^[22m[39m[31m[1m^[22m[39m[31m[1m^[22m[39m[31m[1m^[22m[39m[31m[1m^[22m[39m[31m[1m^[22m[39m[31m[1m^[22m[39m[31m[1m^[22m[39m[31m[1m^[22m[39m[31m[1m^[22m[39m[31m[1m^[22m[39m[31m[1m^[22m[39m[31m[1m^[22m[39m[31m[1m^[22m[39m[31m[1m^[22m[39m[31m[1m^[22m[39m[31m[1m^[22m[39m[31m[1m^[22m[39m[31m[1m^[22m[39m[31m[1m^[22m[39m[31m[1m^[22m[39m[31m[1m^[22m[39m[31m[1m^[22m[39m[31m[1m^[22m[39m[31m[1m^[22m[39m[31m[1m^[22m[39m[31m[1m^[22m[39m[31m[1m^[22m[39m[31m[1m^[22m[39m[31m[1m^[22m[39m[31m[1m^[22m[39m[31m[1m^[22m[39m[31m[1m^[22m[39m[31m[1m^[22m[39m[31m[1m^[22m[39m[31m[1m^[22m[39m[31m[1m^[22m[39m[31m[1m^[22m[39m[31m[1m^[22m[39m[31m[1m^[22m[39m[31m[1m^[22m[39m[31m[1m^[22m[39m[31m[1m^[22m[39m[31m[1m^[22m[39m
compose-web-dev     | web:dev:  [90m 34 |[39m [36mimport[39m [33m*[39m [36mas[39m [33mSetupRoute[39m [36mfrom[39m [32m"@/app/setup/route.info"[39m[33m;[39m
compose-web-dev     | web:dev:  [90m 35 |[39m
compose-web-dev     | web:dev:  [90m 36 |[39m [36mexport[39m [36mconst[39m [33mRootLayout[39m [33m=[39m makeRoute([0m
compose-web-dev     | web:dev: 
compose-web-dev     | web:dev: The export layout was not found in module [project]/apps/web/src/app/dashboard/projects/route.info.ts [app-client] (ecmascript).
compose-web-dev     | web:dev: The module has no exports at all.
compose-web-dev     | web:dev: All exports of the module are statically known (It doesn't have dynamic exports). So it's known statically that the requested export doesn't exist.
compose-web-dev     | web:dev: 
compose-web-dev     | web:dev: Import traces:
compose-web-dev     | web:dev:   #1 [Server Component]:
compose-web-dev     | web:dev:     ./apps/web/src/routes/index.ts
compose-web-dev     | web:dev:     ./apps/web/src/app/not-found.tsx
compose-web-dev     | web:dev: 
compose-web-dev     | web:dev:   #2 [Client Component Browser]:
compose-web-dev     | web:dev:     ./apps/web/src/routes/index.ts [Client Component Browser]
compose-web-dev     | web:dev:     ./apps/web/src/components/dashboard/DashboardSidebar.tsx [Client Component Browser]
compose-web-dev     | web:dev:     ./apps/web/src/components/dashboard/DashboardSidebar.tsx [Server Component]
compose-web-dev     | web:dev:     ./apps/web/src/app/dashboard/layout.tsx [Server Component]
compose-web-dev     | web:dev: 
compose-web-dev     | web:dev:   #3 [Client Component SSR]:
compose-web-dev     | web:dev:     ./apps/web/src/routes/index.ts [Client Component SSR]
compose-web-dev     | web:dev:     ./apps/web/src/components/dashboard/DashboardSidebar.tsx [Client Component SSR]
compose-web-dev     | web:dev:     ./apps/web/src/components/dashboard/DashboardSidebar.tsx [Server Component]
compose-web-dev     | web:dev:     ./apps/web/src/app/dashboard/layout.tsx [Server Component]
compose-web-dev     | web:dev: 
compose-web-dev     | web:dev:   #4 [Client Component Browser]:
compose-web-dev     | web:dev:     ./apps/web/src/routes/index.ts [Client Component Browser]
compose-web-dev     | web:dev:     ./apps/web/src/components/devtools/TanStackDevTools.tsx [Client Component Browser]
compose-web-dev     | web:dev:     ./apps/web/src/components/devtools/DynamicTanstackDevTools.tsx [Client Component Browser]
compose-web-dev     | web:dev:     ./apps/web/src/components/devtools/DynamicTanstackDevTools.tsx [Server Component]
compose-web-dev     | web:dev:     ./apps/web/src/app/layout.tsx [Server Component]
compose-web-dev     | web:dev: 
compose-web-dev     | web:dev: 
compose-web-dev     | web:dev: 
compose-web-dev     | web:dev: ./apps/web/src/routes/index.ts:33:1
compose-web-dev     | web:dev: Export layout doesn't exist in target module
compose-web-dev     | web:dev: [0m [90m 31 |[39m [36mimport[39m [33m*[39m [36mas[39m [33mAuthDashboardOrganizationsNewRoute[39m [36mfrom[39m [32m"@/app/dashboard/organizations/new/route.info"[39m[33m;[39m
compose-web-dev     | web:dev:  [90m 32 |[39m [36mimport[39m [33m*[39m [36mas[39m [33mAuthDashboardProfileRoute[39m [36mfrom[39m [32m"@/app/dashboard/profile/route.info"[39m[33m;[39m
compose-web-dev     | web:dev: [31m[1m>[22m[39m[90m 33 |[39m [36mimport[39m [33m*[39m [36mas[39m [33mDashboardProjectsRoute[39m [36mfrom[39m [32m"@/app/dashboard/projects/route.info"[39m[33m;[39m
compose-web-dev     | web:dev:  [90m    |[39m [31m[1m^[22m[39m[31m[1m^[22m[39m[31m[1m^[22m[39m[31m[1m^[22m[39m[31m[1m^[22m[39m[31m[1m^[22m[39m[31m[1m^[22m[39m[31m[1m^[22m[39m[31m[1m^[22m[39m[31m[1m^[22m[39m[31m[1m^[22m[39m[31m[1m^[22m[39m[31m[1m^[22m[39m[31m[1m^[22m[39m[31m[1m^[22m[39m[31m[1m^[22m[39m[31m[1m^[22m[39m[31m[1m^[22m[39m[31m[1m^[22m[39m[31m[1m^[22m[39m[31m[1m^[22m[39m[31m[1m^[22m[39m[31m[1m^[22m[39m[31m[1m^[22m[39m[31m[1m^[22m[39m[31m[1m^[22m[39m[31m[1m^[22m[39m[31m[1m^[22m[39m[31m[1m^[22m[39m[31m[1m^[22m[39m[31m[1m^[22m[39m[31m[1m^[22m[39m[31m[1m^[22m[39m[31m[1m^[22m[39m[31m[1m^[22m[39m[31m[1m^[22m[39m[31m[1m^[22m[39m[31m[1m^[22m[39m[31m[1m^[22m[39m[31m[1m^[22m[39m[31m[1m^[22m[39m[31m[1m^[22m[39m[31m[1m^[22m[39m[31m[1m^[22m[39m[31m[1m^[22m[39m[31m[1m^[22m[39m[31m[1m^[22m[39m[31m[1m^[22m[39m[31m[1m^[22m[39m[31m[1m^[22m[39m[31m[1m^[22m[39m[31m[1m^[22m[39m[31m[1m^[22m[39m[31m[1m^[22m[39m[31m[1m^[22m[39m[31m[1m^[22m[39m[31m[1m^[22m[39m[31m[1m^[22m[39m[31m[1m^[22m[39m[31m[1m^[22m[39m[31m[1m^[22m[39m[31m[1m^[22m[39m[31m[1m^[22m[39m[31m[1m^[22m[39m[31m[1m^[22m[39m[31m[1m^[22m[39m[31m[1m^[22m[39m[31m[1m^[22m[39m[31m[1m^[22m[39m[31m[1m^[22m[39m[31m[1m^[22m[39m[31m[1m^[22m[39m[31m[1m^[22m[39m[31m[1m^[22m[39m[31m[1m^[22m[39m[31m[1m^[22m[39m[31m[1m^[22m[39m[31m[1m^[22m[39m
compose-web-dev     | web:dev:  [90m 34 |[39m [36mimport[39m [33m*[39m [36mas[39m [33mSetupRoute[39m [36mfrom[39m [32m"@/app/setup/route.info"[39m[33m;[39m
compose-web-dev     | web:dev:  [90m 35 |[39m
compose-web-dev     | web:dev:  [90m 36 |[39m [36mexport[39m [36mconst[39m [33mRootLayout[39m [33m=[39m makeRoute([0m
compose-web-dev     | web:dev: 
compose-web-dev     | web:dev: The export layout was not found in module [project]/apps/web/src/app/dashboard/projects/route.info.ts [app-rsc] (ecmascript).
compose-web-dev     | web:dev: The module has no exports at all.
compose-web-dev     | web:dev: All exports of the module are statically known (It doesn't have dynamic exports). So it's known statically that the requested export doesn't exist.
compose-web-dev     | web:dev: 
compose-web-dev     | web:dev: Import traces:
compose-web-dev     | web:dev:   #1 [Server Component]:
compose-web-dev     | web:dev:     ./apps/web/src/routes/index.ts
compose-web-dev     | web:dev:     ./apps/web/src/app/not-found.tsx
compose-web-dev     | web:dev: 
compose-web-dev     | web:dev:   #2 [Client Component Browser]:
compose-web-dev     | web:dev:     ./apps/web/src/routes/index.ts [Client Component Browser]
compose-web-dev     | web:dev:     ./apps/web/src/components/dashboard/DashboardSidebar.tsx [Client Component Browser]
compose-web-dev     | web:dev:     ./apps/web/src/components/dashboard/DashboardSidebar.tsx [Server Component]
compose-web-dev     | web:dev:     ./apps/web/src/app/dashboard/layout.tsx [Server Component]
compose-web-dev     | web:dev: 
compose-web-dev     | web:dev:   #3 [Client Component SSR]:
compose-web-dev     | web:dev:     ./apps/web/src/routes/index.ts [Client Component SSR]
compose-web-dev     | web:dev:     ./apps/web/src/components/dashboard/DashboardSidebar.tsx [Client Component SSR]
compose-web-dev     | web:dev:     ./apps/web/src/components/dashboard/DashboardSidebar.tsx [Server Component]
compose-web-dev     | web:dev:     ./apps/web/src/app/dashboard/layout.tsx [Server Component]
compose-web-dev     | web:dev: 
compose-web-dev     | web:dev:   #4 [Client Component Browser]:
compose-web-dev     | web:dev:     ./apps/web/src/routes/index.ts [Client Component Browser]
compose-web-dev     | web:dev:     ./apps/web/src/components/devtools/TanStackDevTools.tsx [Client Component Browser]
compose-web-dev     | web:dev:     ./apps/web/src/components/devtools/DynamicTanstackDevTools.tsx [Client Component Browser]
compose-web-dev     | web:dev:     ./apps/web/src/components/devtools/DynamicTanstackDevTools.tsx [Server Component]
compose-web-dev     | web:dev:     ./apps/web/src/app/layout.tsx [Server Component]
compose-web-dev     | web:dev: 
compose-web-dev     | web:dev: 
compose-web-dev     | web:dev: 
compose-web-dev     | web:dev: ./apps/web/src/routes/index.ts:33:1
compose-web-dev     | web:dev: Export layout doesn't exist in target module
compose-web-dev     | web:dev: [0m [90m 31 |[39m [36mimport[39m [33m*[39m [36mas[39m [33mAuthDashboardOrganizationsNewRoute[39m [36mfrom[39m [32m"@/app/dashboard/organizations/new/route.info"[39m[33m;[39m
compose-web-dev     | web:dev:  [90m 32 |[39m [36mimport[39m [33m*[39m [36mas[39m [33mAuthDashboardProfileRoute[39m [36mfrom[39m [32m"@/app/dashboard/profile/route.info"[39m[33m;[39m
compose-web-dev     | web:dev: [31m[1m>[22m[39m[90m 33 |[39m [36mimport[39m [33m*[39m [36mas[39m [33mDashboardProjectsRoute[39m [36mfrom[39m [32m"@/app/dashboard/projects/route.info"[39m[33m;[39m
compose-web-dev     | web:dev:  [90m    |[39m [31m[1m^[22m[39m[31m[1m^[22m[39m[31m[1m^[22m[39m[31m[1m^[22m[39m[31m[1m^[22m[39m[31m[1m^[22m[39m[31m[1m^[22m[39m[31m[1m^[22m[39m[31m[1m^[22m[39m[31m[1m^[22m[39m[31m[1m^[22m[39m[31m[1m^[22m[39m[31m[1m^[22m[39m[31m[1m^[22m[39m[31m[1m^[22m[39m[31m[1m^[22m[39m[31m[1m^[22m[39m[31m[1m^[22m[39m[31m[1m^[22m[39m[31m[1m^[22m[39m[31m[1m^[22m[39m[31m[1m^[22m[39m[31m[1m^[22m[39m[31m[1m^[22m[39m[31m[1m^[22m[39m[31m[1m^[22m[39m[31m[1m^[22m[39m[31m[1m^[22m[39m[31m[1m^[22m[39m[31m[1m^[22m[39m[31m[1m^[22m[39m[31m[1m^[22m[39m[31m[1m^[22m[39m[31m[1m^[22m[39m[31m[1m^[22m[39m[31m[1m^[22m[39m[31m[1m^[22m[39m[31m[1m^[22m[39m[31m[1m^[22m[39m[31m[1m^[22m[39m[31m[1m^[22m[39m[31m[1m^[22m[39m[31m[1m^[22m[39m[31m[1m^[22m[39m[31m[1m^[22m[39m[31m[1m^[22m[39m[31m[1m^[22m[39m[31m[1m^[22m[39m[31m[1m^[22m[39m[31m[1m^[22m[39m[31m[1m^[22m[39m[31m[1m^[22m[39m[31m[1m^[22m[39m[31m[1m^[22m[39m[31m[1m^[22m[39m[31m[1m^[22m[39m[31m[1m^[22m[39m[31m[1m^[22m[39m[31m[1m^[22m[39m[31m[1m^[22m[39m[31m[1m^[22m[39m[31m[1m^[22m[39m[31m[1m^[22m[39m[31m[1m^[22m[39m[31m[1m^[22m[39m[31m[1m^[22m[39m[31m[1m^[22m[39m[31m[1m^[22m[39m[31m[1m^[22m[39m[31m[1m^[22m[39m[31m[1m^[22m[39m[31m[1m^[22m[39m[31m[1m^[22m[39m[31m[1m^[22m[39m[31m[1m^[22m[39m[31m[1m^[22m[39m[31m[1m^[22m[39m[31m[1m^[22m[39m
compose-web-dev     | web:dev:  [90m 34 |[39m [36mimport[39m [33m*[39m [36mas[39m [33mSetupRoute[39m [36mfrom[39m [32m"@/app/setup/route.info"[39m[33m;[39m
compose-web-dev     | web:dev:  [90m 35 |[39m
compose-web-dev     | web:dev:  [90m 36 |[39m [36mexport[39m [36mconst[39m [33mRootLayout[39m [33m=[39m makeRoute([0m
compose-web-dev     | web:dev: 
compose-web-dev     | web:dev: The export layout was not found in module [project]/apps/web/src/app/dashboard/projects/route.info.ts [app-ssr] (ecmascript).
compose-web-dev     | web:dev: The module has no exports at all.
compose-web-dev     | web:dev: All exports of the module are statically known (It doesn't have dynamic exports). So it's known statically that the requested export doesn't exist.
compose-web-dev     | web:dev: 
compose-web-dev     | web:dev: Import traces:
compose-web-dev     | web:dev:   #1 [Server Component]:
compose-web-dev     | web:dev:     ./apps/web/src/routes/index.ts
compose-web-dev     | web:dev:     ./apps/web/src/app/not-found.tsx
compose-web-dev     | web:dev: 
compose-web-dev     | web:dev:   #2 [Client Component Browser]:
compose-web-dev     | web:dev:     ./apps/web/src/routes/index.ts [Client Component Browser]
compose-web-dev     | web:dev:     ./apps/web/src/components/dashboard/DashboardSidebar.tsx [Client Component Browser]
compose-web-dev     | web:dev:     ./apps/web/src/components/dashboard/DashboardSidebar.tsx [Server Component]
compose-web-dev     | web:dev:     ./apps/web/src/app/dashboard/layout.tsx [Server Component]
compose-web-dev     | web:dev: 
compose-web-dev     | web:dev:   #3 [Client Component SSR]:
compose-web-dev     | web:dev:     ./apps/web/src/routes/index.ts [Client Component SSR]
compose-web-dev     | web:dev:     ./apps/web/src/components/dashboard/DashboardSidebar.tsx [Client Component SSR]
compose-web-dev     | web:dev:     ./apps/web/src/components/dashboard/DashboardSidebar.tsx [Server Component]
compose-web-dev     | web:dev:     ./apps/web/src/app/dashboard/layout.tsx [Server Component]
compose-web-dev     | web:dev: 
compose-web-dev     | web:dev:   #4 [Client Component Browser]:
compose-web-dev     | web:dev:     ./apps/web/src/routes/index.ts [Client Component Browser]
compose-web-dev     | web:dev:     ./apps/web/src/components/devtools/TanStackDevTools.tsx [Client Component Browser]
compose-web-dev     | web:dev:     ./apps/web/src/components/devtools/DynamicTanstackDevTools.tsx [Client Component Browser]
compose-web-dev     | web:dev:     ./apps/web/src/components/devtools/DynamicTanstackDevTools.tsx [Server Component]
compose-web-dev     | web:dev:     ./apps/web/src/app/layout.tsx [Server Component]
compose-web-dev     | web:dev: 
compose-web-dev     | web:dev: 
compose-web-dev     | web:dev: 
compose-web-dev     | web:dev: ./apps/web/src/routes/index.ts:33:1
compose-web-dev     | web:dev: Export page doesn't exist in target module
compose-web-dev     | web:dev: [0m [90m 31 |[39m [36mimport[39m [33m*[39m [36mas[39m [33mAuthDashboardOrganizationsNewRoute[39m [36mfrom[39m [32m"@/app/dashboard/organizations/new/route.info"[39m[33m;[39m
compose-web-dev     | web:dev:  [90m 32 |[39m [36mimport[39m [33m*[39m [36mas[39m [33mAuthDashboardProfileRoute[39m [36mfrom[39m [32m"@/app/dashboard/profile/route.info"[39m[33m;[39m
compose-web-dev     | web:dev: [31m[1m>[22m[39m[90m 33 |[39m [36mimport[39m [33m*[39m [36mas[39m [33mDashboardProjectsRoute[39m [36mfrom[39m [32m"@/app/dashboard/projects/route.info"[39m[33m;[39m
compose-web-dev     | web:dev:  [90m    |[39m [31m[1m^[22m[39m[31m[1m^[22m[39m[31m[1m^[22m[39m[31m[1m^[22m[39m[31m[1m^[22m[39m[31m[1m^[22m[39m[31m[1m^[22m[39m[31m[1m^[22m[39m[31m[1m^[22m[39m[31m[1m^[22m[39m[31m[1m^[22m[39m[31m[1m^[22m[39m[31m[1m^[22m[39m[31m[1m^[22m[39m[31m[1m^[22m[39m[31m[1m^[22m[39m[31m[1m^[22m[39m[31m[1m^[22m[39m[31m[1m^[22m[39m[31m[1m^[22m[39m[31m[1m^[22m[39m[31m[1m^[22m[39m[31m[1m^[22m[39m[31m[1m^[22m[39m[31m[1m^[22m[39m[31m[1m^[22m[39m[31m[1m^[22m[39m[31m[1m^[22m[39m[31m[1m^[22m[39m[31m[1m^[22m[39m[31m[1m^[22m[39m[31m[1m^[22m[39m[31m[1m^[22m[39m[31m[1m^[22m[39m[31m[1m^[22m[39m[31m[1m^[22m[39m[31m[1m^[22m[39m[31m[1m^[22m[39m[31m[1m^[22m[39m[31m[1m^[22m[39m[31m[1m^[22m[39m[31m[1m^[22m[39m[31m[1m^[22m[39m[31m[1m^[22m[39m[31m[1m^[22m[39m[31m[1m^[22m[39m[31m[1m^[22m[39m[31m[1m^[22m[39m[31m[1m^[22m[39m[31m[1m^[22m[39m[31m[1m^[22m[39m[31m[1m^[22m[39m[31m[1m^[22m[39m[31m[1m^[22m[39m[31m[1m^[22m[39m[31m[1m^[22m[39m[31m[1m^[22m[39m[31m[1m^[22m[39m[31m[1m^[22m[39m[31m[1m^[22m[39m[31m[1m^[22m[39m[31m[1m^[22m[39m[31m[1m^[22m[39m[31m[1m^[22m[39m[31m[1m^[22m[39m[31m[1m^[22m[39m[31m[1m^[22m[39m[31m[1m^[22m[39m[31m[1m^[22m[39m[31m[1m^[22m[39m[31m[1m^[22m[39m[31m[1m^[22m[39m[31m[1m^[22m[39m[31m[1m^[22m[39m[31m[1m^[22m[39m[31m[1m^[22m[39m[31m[1m^[22m[39m[31m[1m^[22m[39m
compose-web-dev     | web:dev:  [90m 34 |[39m [36mimport[39m [33m*[39m [36mas[39m [33mSetupRoute[39m [36mfrom[39m [32m"@/app/setup/route.info"[39m[33m;[39m
compose-web-dev     | web:dev:  [90m 35 |[39m
compose-web-dev     | web:dev:  [90m 36 |[39m [36mexport[39m [36mconst[39m [33mRootLayout[39m [33m=[39m makeRoute([0m
compose-web-dev     | web:dev: 
compose-web-dev     | web:dev: The export page was not found in module [project]/apps/web/src/app/dashboard/projects/route.info.ts [app-client] (ecmascript).
compose-web-dev     | web:dev: The module has no exports at all.
compose-web-dev     | web:dev: All exports of the module are statically known (It doesn't have dynamic exports). So it's known statically that the requested export doesn't exist.
compose-web-dev     | web:dev: 
compose-web-dev     | web:dev: Import traces:
compose-web-dev     | web:dev:   #1 [Server Component]:
compose-web-dev     | web:dev:     ./apps/web/src/routes/index.ts
compose-web-dev     | web:dev:     ./apps/web/src/app/not-found.tsx
compose-web-dev     | web:dev: 
compose-web-dev     | web:dev:   #2 [Client Component Browser]:
compose-web-dev     | web:dev:     ./apps/web/src/routes/index.ts [Client Component Browser]
compose-web-dev     | web:dev:     ./apps/web/src/components/dashboard/DashboardSidebar.tsx [Client Component Browser]
compose-web-dev     | web:dev:     ./apps/web/src/components/dashboard/DashboardSidebar.tsx [Server Component]
compose-web-dev     | web:dev:     ./apps/web/src/app/dashboard/layout.tsx [Server Component]
compose-web-dev     | web:dev: 
compose-web-dev     | web:dev:   #3 [Client Component SSR]:
compose-web-dev     | web:dev:     ./apps/web/src/routes/index.ts [Client Component SSR]
compose-web-dev     | web:dev:     ./apps/web/src/components/dashboard/DashboardSidebar.tsx [Client Component SSR]
compose-web-dev     | web:dev:     ./apps/web/src/components/dashboard/DashboardSidebar.tsx [Server Component]
compose-web-dev     | web:dev:     ./apps/web/src/app/dashboard/layout.tsx [Server Component]
compose-web-dev     | web:dev: 
compose-web-dev     | web:dev:   #4 [Client Component Browser]:
compose-web-dev     | web:dev:     ./apps/web/src/routes/index.ts [Client Component Browser]
compose-web-dev     | web:dev:     ./apps/web/src/components/devtools/TanStackDevTools.tsx [Client Component Browser]
compose-web-dev     | web:dev:     ./apps/web/src/components/devtools/DynamicTanstackDevTools.tsx [Client Component Browser]
compose-web-dev     | web:dev:     ./apps/web/src/components/devtools/DynamicTanstackDevTools.tsx [Server Component]
compose-web-dev     | web:dev:     ./apps/web/src/app/layout.tsx [Server Component]
compose-web-dev     | web:dev: 
compose-web-dev     | web:dev: 
compose-web-dev     | web:dev: 
compose-web-dev     | web:dev: ./apps/web/src/routes/index.ts:33:1
compose-web-dev     | web:dev: Export page doesn't exist in target module
compose-web-dev     | web:dev: [0m [90m 31 |[39m [36mimport[39m [33m*[39m [36mas[39m [33mAuthDashboardOrganizationsNewRoute[39m [36mfrom[39m [32m"@/app/dashboard/organizations/new/route.info"[39m[33m;[39m
compose-web-dev     | web:dev:  [90m 32 |[39m [36mimport[39m [33m*[39m [36mas[39m [33mAuthDashboardProfileRoute[39m [36mfrom[39m [32m"@/app/dashboard/profile/route.info"[39m[33m;[39m
compose-web-dev     | web:dev: [31m[1m>[22m[39m[90m 33 |[39m [36mimport[39m [33m*[39m [36mas[39m [33mDashboardProjectsRoute[39m [36mfrom[39m [32m"@/app/dashboard/projects/route.info"[39m[33m;[39m
compose-web-dev     | web:dev:  [90m    |[39m [31m[1m^[22m[39m[31m[1m^[22m[39m[31m[1m^[22m[39m[31m[1m^[22m[39m[31m[1m^[22m[39m[31m[1m^[22m[39m[31m[1m^[22m[39m[31m[1m^[22m[39m[31m[1m^[22m[39m[31m[1m^[22m[39m[31m[1m^[22m[39m[31m[1m^[22m[39m[31m[1m^[22m[39m[31m[1m^[22m[39m[31m[1m^[22m[39m[31m[1m^[22m[39m[31m[1m^[22m[39m[31m[1m^[22m[39m[31m[1m^[22m[39m[31m[1m^[22m[39m[31m[1m^[22m[39m[31m[1m^[22m[39m[31m[1m^[22m[39m[31m[1m^[22m[39m[31m[1m^[22m[39m[31m[1m^[22m[39m[31m[1m^[22m[39m[31m[1m^[22m[39m[31m[1m^[22m[39m[31m[1m^[22m[39m[31m[1m^[22m[39m[31m[1m^[22m[39m[31m[1m^[22m[39m[31m[1m^[22m[39m[31m[1m^[22m[39m[31m[1m^[22m[39m[31m[1m^[22m[39m[31m[1m^[22m[39m[31m[1m^[22m[39m[31m[1m^[22m[39m[31m[1m^[22m[39m[31m[1m^[22m[39m[31m[1m^[22m[39m[31m[1m^[22m[39m[31m[1m^[22m[39m[31m[1m^[22m[39m[31m[1m^[22m[39m[31m[1m^[22m[39m[31m[1m^[22m[39m[31m[1m^[22m[39m[31m[1m^[22m[39m[31m[1m^[22m[39m[31m[1m^[22m[39m[31m[1m^[22m[39m[31m[1m^[22m[39m[31m[1m^[22m[39m[31m[1m^[22m[39m[31m[1m^[22m[39m[31m[1m^[22m[39m[31m[1m^[22m[39m[31m[1m^[22m[39m[31m[1m^[22m[39m[31m[1m^[22m[39m[31m[1m^[22m[39m[31m[1m^[22m[39m[31m[1m^[22m[39m[31m[1m^[22m[39m[31m[1m^[22m[39m[31m[1m^[22m[39m[31m[1m^[22m[39m[31m[1m^[22m[39m[31m[1m^[22m[39m[31m[1m^[22m[39m[31m[1m^[22m[39m[31m[1m^[22m[39m[31m[1m^[22m[39m[31m[1m^[22m[39m[31m[1m^[22m[39m
compose-web-dev     | web:dev:  [90m 34 |[39m [36mimport[39m [33m*[39m [36mas[39m [33mSetupRoute[39m [36mfrom[39m [32m"@/app/setup/route.info"[39m[33m;[39m
compose-web-dev     | web:dev:  [90m 35 |[39m
compose-web-dev     | web:dev:  [90m 36 |[39m [36mexport[39m [36mconst[39m [33mRootLayout[39m [33m=[39m makeRoute([0m
compose-web-dev     | web:dev: 
compose-web-dev     | web:dev: The export page was not found in module [project]/apps/web/src/app/dashboard/projects/route.info.ts [app-rsc] (ecmascript).
compose-web-dev     | web:dev: The module has no exports at all.
compose-web-dev     | web:dev: All exports of the module are statically known (It doesn't have dynamic exports). So it's known statically that the requested export doesn't exist.
compose-web-dev     | web:dev: 
compose-web-dev     | web:dev: Import traces:
compose-web-dev     | web:dev:   #1 [Server Component]:
compose-web-dev     | web:dev:     ./apps/web/src/routes/index.ts
compose-web-dev     | web:dev:     ./apps/web/src/app/not-found.tsx
compose-web-dev     | web:dev: 
compose-web-dev     | web:dev:   #2 [Client Component Browser]:
compose-web-dev     | web:dev:     ./apps/web/src/routes/index.ts [Client Component Browser]
compose-web-dev     | web:dev:     ./apps/web/src/components/dashboard/DashboardSidebar.tsx [Client Component Browser]
compose-web-dev     | web:dev:     ./apps/web/src/components/dashboard/DashboardSidebar.tsx [Server Component]
compose-web-dev     | web:dev:     ./apps/web/src/app/dashboard/layout.tsx [Server Component]
compose-web-dev     | web:dev: 
compose-web-dev     | web:dev:   #3 [Client Component SSR]:
compose-web-dev     | web:dev:     ./apps/web/src/routes/index.ts [Client Component SSR]
compose-web-dev     | web:dev:     ./apps/web/src/components/dashboard/DashboardSidebar.tsx [Client Component SSR]
compose-web-dev     | web:dev:     ./apps/web/src/components/dashboard/DashboardSidebar.tsx [Server Component]
compose-web-dev     | web:dev:     ./apps/web/src/app/dashboard/layout.tsx [Server Component]
compose-web-dev     | web:dev: 
compose-web-dev     | web:dev:   #4 [Client Component Browser]:
compose-web-dev     | web:dev:     ./apps/web/src/routes/index.ts [Client Component Browser]
compose-web-dev     | web:dev:     ./apps/web/src/components/devtools/TanStackDevTools.tsx [Client Component Browser]
compose-web-dev     | web:dev:     ./apps/web/src/components/devtools/DynamicTanstackDevTools.tsx [Client Component Browser]
compose-web-dev     | web:dev:     ./apps/web/src/components/devtools/DynamicTanstackDevTools.tsx [Server Component]
compose-web-dev     | web:dev:     ./apps/web/src/app/layout.tsx [Server Component]
compose-web-dev     | web:dev: 
compose-web-dev     | web:dev: 
compose-web-dev     | web:dev: 
compose-web-dev     | web:dev: ./apps/web/src/routes/index.ts:33:1
compose-web-dev     | web:dev: Export page doesn't exist in target module
compose-web-dev     | web:dev: [0m [90m 31 |[39m [36mimport[39m [33m*[39m [36mas[39m [33mAuthDashboardOrganizationsNewRoute[39m [36mfrom[39m [32m"@/app/dashboard/organizations/new/route.info"[39m[33m;[39m
compose-web-dev     | web:dev:  [90m 32 |[39m [36mimport[39m [33m*[39m [36mas[39m [33mAuthDashboardProfileRoute[39m [36mfrom[39m [32m"@/app/dashboard/profile/route.info"[39m[33m;[39m
compose-web-dev     | web:dev: [31m[1m>[22m[39m[90m 33 |[39m [36mimport[39m [33m*[39m [36mas[39m [33mDashboardProjectsRoute[39m [36mfrom[39m [32m"@/app/dashboard/projects/route.info"[39m[33m;[39m
compose-web-dev     | web:dev:  [90m    |[39m [31m[1m^[22m[39m[31m[1m^[22m[39m[31m[1m^[22m[39m[31m[1m^[22m[39m[31m[1m^[22m[39m[31m[1m^[22m[39m[31m[1m^[22m[39m[31m[1m^[22m[39m[31m[1m^[22m[39m[31m[1m^[22m[39m[31m[1m^[22m[39m[31m[1m^[22m[39m[31m[1m^[22m[39m[31m[1m^[22m[39m[31m[1m^[22m[39m[31m[1m^[22m[39m[31m[1m^[22m[39m[31m[1m^[22m[39m[31m[1m^[22m[39m[31m[1m^[22m[39m[31m[1m^[22m[39m[31m[1m^[22m[39m[31m[1m^[22m[39m[31m[1m^[22m[39m[31m[1m^[22m[39m[31m[1m^[22m[39m[31m[1m^[22m[39m[31m[1m^[22m[39m[31m[1m^[22m[39m[31m[1m^[22m[39m[31m[1m^[22m[39m[31m[1m^[22m[39m[31m[1m^[22m[39m[31m[1m^[22m[39m[31m[1m^[22m[39m[31m[1m^[22m[39m[31m[1m^[22m[39m[31m[1m^[22m[39m[31m[1m^[22m[39m[31m[1m^[22m[39m[31m[1m^[22m[39m[31m[1m^[22m[39m[31m[1m^[22m[39m[31m[1m^[22m[39m[31m[1m^[22m[39m[31m[1m^[22m[39m[31m[1m^[22m[39m[31m[1m^[22m[39m[31m[1m^[22m[39m[31m[1m^[22m[39m[31m[1m^[22m[39m[31m[1m^[22m[39m[31m[1m^[22m[39m[31m[1m^[22m[39m[31m[1m^[22m[39m[31m[1m^[22m[39m[31m[1m^[22m[39m[31m[1m^[22m[39m[31m[1m^[22m[39m[31m[1m^[22m[39m[31m[1m^[22m[39m[31m[1m^[22m[39m[31m[1m^[22m[39m[31m[1m^[22m[39m[31m[1m^[22m[39m[31m[1m^[22m[39m[31m[1m^[22m[39m[31m[1m^[22m[39m[31m[1m^[22m[39m[31m[1m^[22m[39m[31m[1m^[22m[39m[31m[1m^[22m[39m[31m[1m^[22m[39m[31m[1m^[22m[39m[31m[1m^[22m[39m[31m[1m^[22m[39m[31m[1m^[22m[39m[31m[1m^[22m[39m
compose-web-dev     | web:dev:  [90m 34 |[39m [36mimport[39m [33m*[39m [36mas[39m [33mSetupRoute[39m [36mfrom[39m [32m"@/app/setup/route.info"[39m[33m;[39m
compose-web-dev     | web:dev:  [90m 35 |[39m
compose-web-dev     | web:dev:  [90m 36 |[39m [36mexport[39m [36mconst[39m [33mRootLayout[39m [33m=[39m makeRoute([0m
compose-web-dev     | web:dev: 
compose-web-dev     | web:dev: The export page was not found in module [project]/apps/web/src/app/dashboard/projects/route.info.ts [app-ssr] (ecmascript).
compose-web-dev     | web:dev: The module has no exports at all.
compose-web-dev     | web:dev: All exports of the module are statically known (It doesn't have dynamic exports). So it's known statically that the requested export doesn't exist.
compose-web-dev     | web:dev: 
compose-web-dev     | web:dev: Import traces:
compose-web-dev     | web:dev:   #1 [Server Component]:
compose-web-dev     | web:dev:     ./apps/web/src/routes/index.ts
compose-web-dev     | web:dev:     ./apps/web/src/app/not-found.tsx
compose-web-dev     | web:dev: 
compose-web-dev     | web:dev:   #2 [Client Component Browser]:
compose-web-dev     | web:dev:     ./apps/web/src/routes/index.ts [Client Component Browser]
compose-web-dev     | web:dev:     ./apps/web/src/components/dashboard/DashboardSidebar.tsx [Client Component Browser]
compose-web-dev     | web:dev:     ./apps/web/src/components/dashboard/DashboardSidebar.tsx [Server Component]
compose-web-dev     | web:dev:     ./apps/web/src/app/dashboard/layout.tsx [Server Component]
compose-web-dev     | web:dev: 
compose-web-dev     | web:dev:   #3 [Client Component SSR]:
compose-web-dev     | web:dev:     ./apps/web/src/routes/index.ts [Client Component SSR]
compose-web-dev     | web:dev:     ./apps/web/src/components/dashboard/DashboardSidebar.tsx [Client Component SSR]
compose-web-dev     | web:dev:     ./apps/web/src/components/dashboard/DashboardSidebar.tsx [Server Component]
compose-web-dev     | web:dev:     ./apps/web/src/app/dashboard/layout.tsx [Server Component]
compose-web-dev     | web:dev: 
compose-web-dev     | web:dev:   #4 [Client Component Browser]:
compose-web-dev     | web:dev:     ./apps/web/src/routes/index.ts [Client Component Browser]
compose-web-dev     | web:dev:     ./apps/web/src/components/devtools/TanStackDevTools.tsx [Client Component Browser]
compose-web-dev     | web:dev:     ./apps/web/src/components/devtools/DynamicTanstackDevTools.tsx [Client Component Browser]
compose-web-dev     | web:dev:     ./apps/web/src/components/devtools/DynamicTanstackDevTools.tsx [Server Component]
compose-web-dev     | web:dev:     ./apps/web/src/app/layout.tsx [Server Component]
compose-web-dev     | web:dev: 
compose-web-dev     | web:dev: 
compose-web-dev     | web:dev: ✓ Compiled in 1814ms
[92m                    ⦿ [0mSyncing service "lb-dev" after 3 changes were detected
[92m                    ⦿ [0mSyncing service "api-dev" after 3 changes were detected
[92m                    ⦿ [0mSyncing service "web-dev" after 3 changes were detected
[92m                    ⦿ [0mSyncing service "doc-dev" after 3 changes were detected
compose-web-dev     | web:dev: ✓ Compiled in 655ms
[92m                    ⦿ [0mSyncing service "lb-dev" after 1 changes were detected
[92m                    ⦿ [0mSyncing service "api-dev" after 1 changes were detected
[92m                    ⦿ [0mSyncing service "web-dev" after 1 changes were detected
[92m                    ⦿ [0mSyncing service "doc-dev" after 1 changes were detected
compose-web-dev     | web:dev: ╭──────────────────────────────────────────────────────────────────────────────╮
compose-web-dev     | web:dev: │  import * as DashboardDeploymentsRoute from                                  │
compose-web-dev     | web:dev: │  "@/app/dashboard/deployments/route.info";                                   │
compose-web-dev     | web:dev: │  export const DashboardDeployments = makeRoute(                              │
compose-web-dev     | web:dev: │  "/dashboard/deployments",                                                   │
compose-web-dev     | web:dev: │  {                                                                           │
compose-web-dev     | web:dev: │  ...defaultInfo,                                                             │
compose-web-dev     | web:dev: │  ...DashboardDeploymentsRoute.Route                                          │
compose-web-dev     | web:dev: │  },                                                                          │
compose-web-dev     | web:dev: │  { page: DashboardDeploymentsRoute.page, layout:                             │
compose-web-dev     | web:dev: │  DashboardDeploymentsRoute.layout }                                          │
compose-web-dev     | web:dev: │  );                                                                          │
compose-web-dev     | web:dev: ╰──────────────────────────────────────────────────────────────────────────────╯
compose-web-dev     | web:dev:  GET /dashboard/admin/servers 500 in 5.1s (compile: 4.1s, proxy.ts: 110ms, render: 915ms)
compose-web-dev     | web:dev: ✓ Compiled in 998ms
compose-web-dev     | web:dev: Setup status: {
compose-web-dev     | web:dev:   state: "completed",
compose-api-dev     | api:dev: [95m[Nest] 190  - [39m03/24/2026, 12:19:35 PM [95m  DEBUG[39m [38;5;3m[LoggerMiddleware] [39m[95m[99ec27c603f2] "GET [32m/setup/status[0m" 200 OK undefined "" "Bun/1.3.9" "::ffff:172.23.0.7"[39m
compose-web-dev     | web:dev:   needsSetup: false,
compose-web-dev     | web:dev:   hasUsers: true,
compose-web-dev     | web:dev:   hasOrganizations: true,
compose-web-dev     | web:dev:   bootstrapStrategy: "local_instance",
compose-web-dev     | web:dev:   availableStrategies: [ "local_instance", "remote_instance" ],
compose-web-dev     | web:dev:   currentStep: null,
compose-web-dev     | web:dev:   progressPercent: 100,
compose-web-dev     | web:dev:   steps: [
compose-web-dev     | web:dev:     {
compose-web-dev     | web:dev:       id: "check_prerequisites",
compose-web-dev     | web:dev:       title: "Check prerequisites",
compose-web-dev     | web:dev:       status: "completed",
compose-web-dev     | web:dev:     }, {
compose-web-dev     | web:dev:       id: "choose_bootstrap_strategy",
compose-web-dev     | web:dev:       title: "Choose bootstrap strategy",
compose-web-dev     | web:dev:       status: "completed",
compose-web-dev     | web:dev:     }, {
compose-web-dev     | web:dev:       id: "connect_remote_instance",
compose-web-dev     | web:dev:       title: "Connect remote instance",
compose-web-dev     | web:dev:       status: "skipped",
compose-web-dev     | web:dev:     }, {
compose-web-dev     | web:dev:       id: "create_initial_user",
compose-web-dev     | web:dev:       title: "Create initial admin user",
compose-web-dev     | web:dev:       status: "completed",
compose-web-dev     | web:dev:     }, {
compose-web-dev     | web:dev:       id: "create_initial_organization",
compose-web-dev     | web:dev:       title: "Create initial organization",
compose-web-dev     | web:dev:       status: "completed",
compose-web-dev     | web:dev:     }, {
compose-web-dev     | web:dev:       id: "assign_owner_membership",
compose-web-dev     | web:dev:       title: "Assign organization owner",
compose-web-dev     | web:dev:       status: "completed",
compose-web-dev     | web:dev:     }, {
compose-web-dev     | web:dev:       id: "finalize",
compose-web-dev     | web:dev:       title: "Finalize setup",
compose-web-dev     | web:dev:       status: "completed",
compose-web-dev     | web:dev:     }
compose-web-dev     | web:dev:   ],
compose-web-dev     | web:dev:   completedAt: "2026-03-24T12:19:35.891Z",
compose-web-dev     | web:dev: }
compose-api-dev     | api:dev: [95m[Nest] 190  - [39m03/24/2026, 12:19:35 PM [95m  DEBUG[39m [38;5;3m[LoggerMiddleware] [39m[95m[99ec27c603f2] "GET [32m/setup/status[0m" 200 OK undefined "" "Bun/1.3.9" "::ffff:172.23.0.7"[39m
compose-web-dev     | web:dev: Setup status: {
compose-web-dev     | web:dev:   state: "completed",
compose-web-dev     | web:dev:   needsSetup: false,
compose-web-dev     | web:dev:   hasUsers: true,
compose-web-dev     | web:dev:   hasOrganizations: true,
compose-web-dev     | web:dev:   bootstrapStrategy: "local_instance",
compose-web-dev     | web:dev:   availableStrategies: [ "local_instance", "remote_instance" ],
compose-web-dev     | web:dev:   currentStep: null,
compose-web-dev     | web:dev:   progressPercent: 100,
compose-web-dev     | web:dev:   steps: [
compose-web-dev     | web:dev:     {
compose-web-dev     | web:dev:       id: "check_prerequisites",
compose-web-dev     | web:dev:       title: "Check prerequisites",
compose-web-dev     | web:dev:       status: "completed",
compose-web-dev     | web:dev:     }, {
compose-web-dev     | web:dev:       id: "choose_bootstrap_strategy",
compose-web-dev     | web:dev:       title: "Choose bootstrap strategy",
compose-web-dev     | web:dev:       status: "completed",
compose-web-dev     | web:dev:     }, {
compose-web-dev     | web:dev:       id: "connect_remote_instance",
compose-web-dev     | web:dev:       title: "Connect remote instance",
compose-web-dev     | web:dev:       status: "skipped",
compose-web-dev     | web:dev:     }, {
compose-web-dev     | web:dev:       id: "create_initial_user",
compose-web-dev     | web:dev:       title: "Create initial admin user",
compose-web-dev     | web:dev:       status: "completed",
compose-web-dev     | web:dev:     }, {
compose-web-dev     | web:dev:       id: "create_initial_organization",
compose-web-dev     | web:dev:       title: "Create initial organization",
compose-web-dev     | web:dev:       status: "completed",
compose-web-dev     | web:dev:     }, {
compose-web-dev     | web:dev:       id: "assign_owner_membership",
compose-web-dev     | web:dev:       title: "Assign organization owner",
compose-web-dev     | web:dev:       status: "completed",
compose-web-dev     | web:dev:     }, {
compose-web-dev     | web:dev:       id: "finalize",
compose-web-dev     | web:dev:       title: "Finalize setup",
compose-web-dev     | web:dev:       status: "completed",
compose-web-dev     | web:dev:     }
compose-web-dev     | web:dev:   ],
compose-web-dev     | web:dev:   completedAt: "2026-03-24T12:19:35.941Z",
compose-web-dev     | web:dev: }
compose-web-dev     | web:dev: Setup status: {
compose-web-dev     | web:dev:   state: "completed",
compose-web-dev     | web:dev:   needsSetup: false,
compose-web-dev     | web:dev:   hasUsers: true,
compose-web-dev     | web:dev:   hasOrganizations: true,
compose-web-dev     | web:dev:   bootstrapStrategy: "local_instance",
compose-web-dev     | web:dev:   availableStrategies: [ "local_instance", "remote_instance" ],
compose-web-dev     | web:dev:   currentStep: null,
compose-web-dev     | web:dev:   progressPercent: 100,
compose-web-dev     | web:dev:   steps: [
compose-web-dev     | web:dev:     {
compose-web-dev     | web:dev:       id: "check_prerequisites",
compose-web-dev     | web:dev:       title: "Check prerequisites",
compose-web-dev     | web:dev:       status: "completed",
compose-web-dev     | web:dev:     }, {
compose-web-dev     | web:dev:       id: "choose_bootstrap_strategy",
compose-web-dev     | web:dev:       title: "Choose bootstrap strategy",
compose-web-dev     | web:dev:       status: "completed",
compose-web-dev     | web:dev:     }, {
compose-web-dev     | web:dev:       id: "connect_remote_instance",
compose-web-dev     | web:dev:       title: "Connect remote instance",
compose-web-dev     | web:dev:       status: "skipped",
compose-web-dev     | web:dev:     }, {
compose-web-dev     | web:dev:       id: "create_initial_user",
compose-web-dev     | web:dev:       title: "Create initial admin user",
compose-web-dev     | web:dev:       status: "completed",
compose-web-dev     | web:dev:     }, {
compose-web-dev     | web:dev:       id: "create_initial_organization",
compose-web-dev     | web:dev:       title: "Create initial organization",
compose-web-dev     | web:dev:       status: "completed",
compose-web-dev     | web:dev:     }, {
compose-web-dev     | web:dev:       id: "assign_owner_membership",
compose-web-dev     | web:dev:       title: "Assign organization owner",
compose-web-dev     | web:dev:       status: "completed",
compose-web-dev     | web:dev:     }, {
compose-web-dev     | web:dev:       id: "finalize",
compose-web-dev     | web:dev:       title: "Finalize setup",
compose-web-dev     | web:dev:       status: "completed",
compose-web-dev     | web:dev:     }
compose-web-dev     | web:dev:   ],
compose-web-dev     | web:dev:   completedAt: "2026-03-24T12:19:28.569Z",
compose-web-dev     | web:dev: }
[92m                    ⦿ [0mSyncing service "lb-dev" after 1 changes were detected
[92m                    ⦿ [0mSyncing service "api-dev" after 1 changes were detected
[92m                    ⦿ [0mSyncing service "web-dev" after 1 changes were detected
[92m                    ⦿ [0mSyncing service "doc-dev" after 1 changes were detected
compose-web-dev     | web:dev: Process exited, cleaning up...
compose-web-dev     | web:dev: error: script "dr:build:watch" was terminated by signal SIGTERM (Polite quit request)
